DATE_TIME,OPEN,HIGH,LOW,CLOSE,RSI,MACD,MACD_Histogram,MACD_Signal,EMA,Stochastic_%K,Stochastic_%D,ADX,DI+,DI-,ATR,CCI,WilliamsR,Momentum,ROC,day_of_month_sin,day_of_month_cos,hour_of_day_sin,hour_of_day_cos,day_of_week_sin,day_of_week_cos,day_of_year_sin,day_of_year_cos,S&P500_Close,vix_close,BC-BO,BH-BL,CLOSE_15m_tick_1,CLOSE_15m_tick_2,CLOSE_15m_tick_3,CLOSE_15m_tick_4,CLOSE_15m_tick_5,CLOSE_15m_tick_6,CLOSE_15m_tick_7,CLOSE_15m_tick_8,CLOSE_30m_tick_1,CLOSE_30m_tick_2,CLOSE_30m_tick_3,CLOSE_30m_tick_4,CLOSE_30m_tick_5,CLOSE_30m_tick_6,CLOSE_30m_tick_7,CLOSE_30m_tick_8
2025-06-09 14:18:04,0.7175303212383514,-0.27411551081192115,-0.21341850418485026,0.008071036499887795,0.5118900241841607,1.5962874111560474,-0.25919004448825106,0.1623913960195276,-0.6093396946742227,0.47540261466888645,0.05822944528563263,-0.5720873220261001,0.8867610191309172,0.29654189263208686,-0.9654112850091364,-2.803845514701571,-0.24101306750177867,0.4578833461389868,-0.3809560189119182,1.234975035459471,-0.9619181087588824,-0.8559540659356314,-0.04300463263659262,-0.34098268628329137,-0.19023753881897384,-0.28161503070442023,-1.5110731858217108,-1.8831780146468813,0.12230482875015507,-2.09666147215661,0.6300116644620279,2.015326945813063,-0.13495645297704362,-0.7084741069451626,-0.708034874716048,0.1958331550294309,0.8804118936945553,-1.097420491076496,-1.8008109610254996,-0.8448998722753522,-0.3040106694271891,1.1607200683647287,0.759965651340991,-0.25517590282256136,-0.42430797809585646,0.6884039298780233,0.36178957251853766
2025-06-09 15:18:04,-0.0976119315615267,-0.1606231353243817,-0.0183790402065505,0.8522073037299653,-1.3879166523429736,0.8198378854488308,-0.20426583348262464,-1.0018536697201457,-0.5221106127170864,1.9406013674817364,-1.6060669129913283,0.26683293835624067,1.3064119004513473,1.713715763623807,0.6282256726101795,0.0406966547232498,1.0646062091361184,1.0128333719651657,0.24697428669357102,1.4616673119407122,0.10719087773204894,0.015636320122988927,-0.6445250743701106,-0.7503107877274187,0.005273053605058295,-0.03545080935675799,0.8310679728078999,-2.0024848619397098,-0.8064279663062658,0.3740878302556616,2.1181264621098443,0.10710240670299889,-0.6134068640044166,1.0502053768536888,-0.06616635981883308,-0.7350596190786641,1.9312092990810765,-1.1845758887860915,-0.560249859813629,-1.4735601900198194,0.9892547848278133,-0.38329671661085224,1.4606313226254173,0.845550023990144,-0.7189002343049072,-3.301940786628996,-0.1487162324064605
2025-06-09 16:18:04,0.9951825346084013,-0.40704867998272354,-0.47010930795227707,0.9285667077790235,0.7209842386465353,0.17202012825316138,0.9944818099260981,0.4275509700739486,0.3305964403685358,-0.9751014026443122,-1.0435574243725405,0.8907435729513001,-0.5597556141475164,0.9194467925719334,-1.1301361102241019,0.060404865570859,0.9204625956894741,0.547969436253841,-0.8360361950304542,-0.5670033332252149,0.37752924103157304,-0.5214338204532741,-0.8226585827131562,0.9508699242977618,-0.5317187514115016,1.6099041904143871,1.2746689234672441,0.1285038413767717,-1.2549400189604065,-0.9694067467225155,2.3110550505383,0.404636457559121,1.1146851302896652,-0.037568436164916695,-0.29829183463163694,-1.3192993815523533,0.928151797648607,0.022556500897003874,-0.8906654931208501,-0.1229991388508094,1.3335030098935208,-1.5200688588064866,0.4000636668787586,0.9639514033221843,-1.0355780143923639,0.6440159337753053,-0.512338601982758
2025-06-09 17:18:04,-1.0603454421247869,-1.4965582428778952,1.4683402745693448,-0.3848044501180949,0.9663065161850947,-1.4692118733145845,2.1363655666718118,-0.41435687432895607,-0.16467579653232423,0.22355178704326295,-0.27132058061574554,0.6493253105455822,-1.8891599457721509,1.387465073801561,-0.5498982119761999,1.963451230814807,-0.05883245010173784,-0.23847783580919757,0.6831789758575274,-0.11985783852591919,-0.783890023156503,0.061185651006597196,0.5757919231967116,0.9358698217102762,0.3578827415358313,1.167413864895207,-0.7707975296221057,0.0826517343111269,-0.8476432510333083,-0.6461191653006687,-0.3333727311654495,-1.518746268531774,0.08590405485989584,-0.3899373907072524,0.6993966820797227,2.6419256456856117,-0.9832461482797008,0.8688588636791286,-0.03358594171440746,1.2252614085863245,0.07667275203565752,0.0543947861488847,-0.350413090686383,0.352841844651832,-0.5438341908274336,1.0837269512245364,-1.3740542536068237
2025-06-09 18:18:04,-0.0010556594446707427,-0.2607042532687385,0.12397555314050976,-0.6365418684757289,-1.2920441893495882,-0.5408231950497119,-0.02096851031519199,-0.9535958057903956,-0.549302160102637,-1.590814467307595,-0.01357482957285293,-0.5061904908401369,0.06046224253293527,-1.8671080515223495,1.0144681880455555,-0.5767427238008993,1.110334635870946,0.014700488585471877,0.9019257284623606,-0.3770077063316962,0.7025276198529922,-0.045330814509326675,-1.005628656425829,0.403791235677023,1.0685433074796689,-0.8663120871944401,2.330146360052364,0.22888238254552568,0.23445848808991698,1.294172034859983,-0.6949382449013523,1.7168569921216001,-2.2225347740682992,-0.10648104536180668,-1.8476830237691808,-0.032781791784843486,1.3521141408144741,-1.4237456609431116,-0.5764545297841001,0.451686116696362,-1.7874903528431214,0.21783349346934663,1.7176390630957061,-2.092281688911588,-1.0533695888414232,-0.36460743395687045,0.5290865375993338
2025-06-09 19:18:04,0.34683437889986096,-0.28128069382580784,0.22596964126988894,1.6996701710109605,0.15549135717770116,-0.009945303658523487,0.6310046966304188,0.5973208215089618,-1.8358414289595897,-0.7952316598011686,-1.275969734857682,-1.2883596731546898,-1.1239699684533355,0.2749615038566009,-0.018274128085471256,-0.8124304427567245,-0.0685185543630139,2.411694458720204,1.5047514869415908,1.3012600173054005,1.1227715852918891,0.7904723862449237,-0.9818448849575702,0.16434739620454633,0.7152382490150544,0.8493906978761888,0.8570044780630097,-0.7578531799922548,-0.8580549182435618,2.4025595782364,-0.5017661876621548,1.278131493714341,-0.5691102972358032,0.1646720940676391,0.6774638713513269,-0.6042724396160865,0.3326973192422586,-0.3096816165354625,-0.45855970370809,0.9846865804007874,-0.769670390165536,-0.6394128711659877,-0.17420750817163907,0.25257906884501796,1.1983101717550377,0.30166836748778414,-0.8856166364714421
2025-06-09 20:18:04,-0.24871541232196712,1.054407077052655,-1.1018607704104675,1.0246026765964482,0.644244259871302,-0.748212044508617,-0.6331884323057684,0.08561177409128434,-0.14984740203680588,-1.1920899728068575,-0.8306934345229854,-0.3611758405765776,-0.9979703454056666,0.014680699840274628,0.3460818815656889,1.381398109973855,0.22967176807033965,-0.0014963004722770763,1.8283295539605735,1.395107172134808,2.489462550197042,0.3981906814252969,0.8588037921256315,-1.2739559728848298,0.267097557170941,-1.3189198244959934,0.04829999619729063,0.8217530229988516,0.5530842878320194,0.4435688986149523,-0.6490716760427078,-0.22891251070637644,-0.44486275719988616,0.8921537684336184,0.6000879153224291,0.6027417122256141,-0.27341282731337313,0.4145576794354468,0.17216305633434872,1.2532609192586652,1.5571910164362934,-0.06949508388941916,-0.4288634979768738,1.3176059218219693,-1.7959088328484585,-1.3371650469654779,1.0274886265224001
2025-06-09 21:18:04,0.49562038145517145,-1.0988196044625995,0.2753036672737557,-0.7362207357827122,2.8515786048674974,-0.6191645331699013,2.811210556095665,-0.26443322285548604,0.827742546932675,-0.34820574725606623,-1.1023928011708177,0.08186655894227463,-1.2986556718855091,1.795557550848518,0.5173902777633619,0.3180901083608284,-0.4006950186763075,0.2320415336237547,0.4453190136660163,0.9625870639679761,-1.1203684760144397,2.6298632541739644,-0.5090898700710352,0.5840909845700248,-0.05027828982612362,-1.0734049664062313,2.8324064667243714,-0.49899764222816495,-1.8866609109322245,1.388218151520103,1.3651685223996386,0.0810403248755503,1.4627364369646276,-0.3462741594675209,-0.38951895669915054,-0.3894918076172933,-0.8446972879113308,-0.46580227378686156,0.9762179518921866,-0.3907262118951106,-0.28429122246596816,-0.31639618918261636,-0.873452323523398,-0.4917871384820787,-1.601117187715844,-1.4455478342583503,1.5449529297943125
2025-06-09 22:18:04,0.45616177945637393,1.6148819728649,-0.06184040155811035,-0.5351661489129318,1.25906893200614,-0.9964466991326844,1.0112863688195195,0.4539642918245518,-0.13219307537427327,-0.7132785110454646,1.2260667026555345,0.4275601999048012,-0.3123346525486092,-0.6280975189256193,-2.044922059129012,-1.5781545341393275,-0.6737677092069825,1.2362801060186788,-0.06249224235593351,-0.8148776964499942,0.10318455533938976,-0.05564026746003718,0.19740823464919924,0.2765685578005183,-0.8734404359291172,-2.201678451713387,0.41543026479666606,-0.032948169161011405,-0.01609141938017878,-0.2882030253531014,1.9530249526083336,-1.487848726014117,0.2630738489281624,-1.1743811888719646,-0.5740413407282482,0.0030763351785911925,0.061954884153132106,0.1543134986693444,1.4234133805773936,1.1563599777814366,-1.664046358876718,2.2199839874794836,0.11942761933218994,-0.8237610653241964,-0.4559005235738639,-2.2479538525710585,-1.2806718960403336
2025-06-09 23:18:04,-1.2083926534173348,0.5897928959445651,0.4518753813614323,0.1569596177761907,-0.10347974485329099,-0.04046340113805361,-1.9581586958405504,1.2893151864977823,0.5799196943534504,-0.846402327392064,0.6299372534228462,0.825907293607153,0.5893309300044095,0.4989248697690799,-0.8807507167963818,1.4080318211916298,-0.25347430987047675,-0.04684832105885171,-0.4394541852745657,-0.5682512789254518,3.0689344748125587,0.059512396180646396,2.0720582567466197,0.5098581827616806,0.5755498887985239,-1.7555179882373393,1.1219265332907493,-2.378663403129587,1.7327450697504942,-1.116712626319335,-1.0670994436443235,0.30939529786028325,-0.30773822332678186,0.9291596527244279,1.2748276901012006,-0.9485231743444474,1.8165481562069525,0.006104748910453371,-0.9458658127673313,0.0031190097204487283,-0.5477848625666724,0.8328413388730672,-1.0714444266304552,0.1621120179621419,-0.28808704909333044,0.6933411369136553,0.777454877436156
2025-06-10 00:18:04,-0.36295844873871463,-1.0693494523736853,-0.3561593268600689,0.17717708087104325,1.6868035104088919,-0.15035997038770563,1.362895998684582,-1.5119685858743892,1.4902775778434894,0.33686214314468,0.3064702897163747,-0.7937323196379965,1.347785545770208,0.30495581246454395,-0.5001645646869542,1.2324968195616954,-0.6116449198804411,-1.0498592355745675,1.4176310566077832,1.8187538169475264,-1.203966572477593,-0.09761406251170889,-0.8031054840898003,-0.9604301771904,-0.2720772735517,2.1632639260865085,-0.8713235105353319,0.20990153902507985,0.19487379924694714,-0.9612347111041311,-0.5238182594545904,-0.9546271591926925,-2.0962860761895104,0.8648181405097825,1.7555992111777483,0.31610028882359303,0.06001907620550025,-1.2790243985452885,1.6452837354608199,1.3004751200210372,-0.12811546665983545,-0.480824938048335,0.7738446320458898,-0.2668632229232983,0.2801085361019375,-0.7435234730076843,0.47206349340186127
2025-06-10 01:18:04,2.5510037022101586,1.9417834333260426,-1.8474127995964125,0.5688228773450142,0.8773435032035531,0.7595236800207394,0.4463113333051202,-0.2448804280198551,-1.3814043090505697,-0.08059098003301013,0.2417044481956704,0.638913510464424,-0.4685035309856226,-0.271319174537691,-1.3987412599854248,-0.5812188536763924,1.7655654935609806,-1.0213218036279246,-0.16002128781038333,0.9059512440023466,-2.846224175899711,0.7975926539487976,1.295106025991431,0.06270961983015147,-0.9439351928984775,-0.45260419585755024,-0.4056699194229609,-0.3198781425521356,0.4875467654302643,-0.5472983429684303,-2.484564211177242,0.07021525812180894,-0.7618548128364004,0.3244349785877305,0.04935282241636927,-0.8967256335967909,-1.8697547423558436,2.0133681160102537,-0.4936018020137259,-0.5352973878989481,-0.04825686692959695,0.48133725103400393,0.3202251366196598,-0.10556328673041347,1.5419743735821754,0.7376561489251717,0.8148917894336465
2025-06-10 02:18:04,0.3105167957201099,-0.4498373102734272,0.9071102087363303,1.3373614755796719,-0.6200342087219214,0.11308332777379905,0.25986205496315756,-0.3445135677435132,0.06465241957355465,-1.5226947047777428,-0.6272419682432276,-0.5072440511021461,0.20200241762318855,-2.818910505781461,0.511670518931538,1.8163022979069776,-0.19458540343994807,-0.31788260117766043,-0.6755732981836468,1.236668601708201,-1.3173935123556513,-0.41739765581599475,-0.2206411931873672,-1.0830463298566022,1.2621976352291082,-1.9606620204535778,-0.6415999637362764,-0.5159932618079787,0.5168790020229794,-0.4847291554421285,-0.46758051818648416,-0.8316620891740144,1.7329035919931315,-0.7282507784276827,0.11111679885671008,0.43791907604905755,2.069989496739031,-0.7290389871728272,-0.2533792641073569,-0.9883630900055362,-1.1368494386115051,-0.9716355465110879,0.9231655084858036,0.4618063767590912,2.822123725069744,-1.2576134870419629,-0.5710759557389256
2025-06-10 03:18:04,-0.4057829615907407,0.9549022793642505,0.41297294822718805,-0.43262620595783896,-0.2741174331005337,1.2533322781414595,0.7355613573953081,0.5483318320221712,0.6814057640770387,-1.2483483963260453,-0.839850348467016,0.2789571317110582,-0.007975148622446561,0.2788126654379062,0.7256261696815139,0.2632507987147206,0.7525020943329314,-0.48874096250971244,-0.2103784665416084,0.48812631665285383,-0.017496889938671704,-0.18783710408580565,0.6232191712020093,0.9942903003831788,-1.699205653432623,0.31667764600893333,-0.11997999330874305,-0.41254389352641396,0.05342096743407468,0.4507383849848712,1.3429036725199057,-1.2902843100717547,-1.7466715318394783,-2.1641377053754196,1.4185735283218979,1.5171902888033448,-0.2629959289707445,0.8882037843834069,-0.8963824100003464,2.9339748000852333,2.1285257372402158,-0.306452897074119,2.639951877011211,0.42340411077415324,0.10624842702067261,0.23258874302385388,-1.042268649819808
2025-06-10 04:18:04,1.0380003560475253,-0.7836449148552731,0.17128346273576328,-1.5392035294749649,-1.4524875453498256,0.9646916963130298,0.17950474565121602,0.1901714884484982,0.3416695070195423,-0.7925530308797497,-2.454867846702329,0.5630556231816594,0.550605719200701,-0.6961097363647873,0.5339915579837007,-0.7444406562557128,1.49133658660734,0.19179771214669,-1.133857232517537,0.6384342912977524,0.20266735716131667,-1.507957780364698,0.43755346147782265,0.8058334032583536,-1.4971228536909285,-0.48032837870131595,1.5875882785965487,0.6489492490100695,-0.8259999649844889,0.4931444842469193,2.700625648852016,1.2349527403276397,-0.36790181295071833,-2.3841233340948427,-0.2755168691062743,-1.167191467928522,-2.8631471882706996,-0.7942252508925778,-0.010257118686435892,1.2702686659146505,-1.8223322585036434,0.13288651683221953,1.0077052513474853,-0.5477116569794864,0.24173346147238,-1.8783148423001375,-0.48152735135022995
2025-06-10 05:18:04,-0.4239899821823186,-0.2017444564592642,-0.613402692871439,-0.3832801114373482,-0.9162086922303887,1.2883452471462704,0.5993553555099358,0.488884730094043,-0.5290562693364806,1.6143888923142984,-0.6302834302128564,-0.03805126226910503,-0.4872746622299925,0.01588758813802065,0.1453107395280378,0.15825813544874617,0.2828444079374632,-0.34711448312772347,-0.13522932188822315,-0.46607771391634006,0.16711541150064463,0.33607166348087114,0.33823214809946345,1.1973163888402312,0.703482624733476,0.296630578096349,-0.9441550881384375,-0.014544712809416003,0.5381744989955569,0.2721851189342534,-0.6075205943655858,0.13316654811124357,-0.5940575856630946,-0.5258138785231515,-0.5293997387553541,-1.2531892658208577,-1.347632421295695,-0.5802134507852479,-2.3772388329414937,-0.9733787579190486,-1.0653309286479766,1.4017994434392433,-2.1369743314870235,0.13564106444810323,-1.1666051305387657,-0.812160983633213,0.6064161770348981
2025-06-10 06:18:04,0.2755720977364287,-0.4201527922574805,-0.9593546242564922,-0.17751098642760954,-1.5648948769319724,-0.6200810971107755,0.09332200727903377,1.944381983559307,0.18434794829457696,1.6329348851603913,0.9390171493632323,1.1233204777178594,0.8651989032814787,-0.10349018400028732,-0.5649827728501697,0.12679076441660475,-2.0365246140436613,1.3581671125165058,-0.48973630002047636,0.5667607257236522,0.5142891638845437,-1.419899747840158,-0.6534337394161871,-0.17742916270575074,-1.5694276656014325,-0.12658261216077168,-0.4951574891888654,0.7451385374455823,-1.3207112541383592,-0.6652433935956424,1.409185937784647,1.6234472088075147,1.0384448393974066,-0.5793873679436066,0.5361734525888138,0.07822353792688602,0.4113302662366916,2.1398369714666883,-0.046445051123346376,0.10046179923588322,0.13923060095169942,1.2575470775921556,-0.6776669961987618,-0.395151698302049,-1.2869370190895035,1.2405045766312721,-0.4742935184435654
2025-06-10 07:18:04,-1.4698185066394376,0.2585964742758861,1.5937595299556715,-0.530551762426757,1.258810891971634,0.8223829941318933,1.2790585298463484,0.643133588047192,1.020953096418304,0.1692870030071946,1.2619825777568017,0.4163128164441642,0.6949422488390801,-0.5446239834230923,0.7083295397561632,-1.0705704977333623,0.9665613718787853,-0.9351977504932171,0.03134886286227768,-0.020398403973991296,-0.5767705004769824,0.05926948671525054,-0.5109346841368941,0.20414617564837415,-1.3747259023631013,-0.3737683024146393,-0.8997313488063572,0.5622135999917522,1.4548448518241894,0.6944906588444204,1.5910913990094218,-0.019975957343606014,-0.23006746393022742,-1.049880732868558,-0.13177304931343847,0.444594688768209,-0.7744417018109956,-2.0527292143525546,0.10655415505760642,-1.0943816089017893,-0.6525353324215307,0.45467559709439775,0.43253751233325044,-0.6415576463670245,1.4369639699205,1.5311208475592208,-0.429606881197366
2025-06-10 08:18:04,-0.3933661231086885,1.7578326451271638,0.9846723942237758,-0.9994716592581213,1.5131612054643482,0.034755214698706266,-0.19288600056114175,1.1041224542253747,-0.8333215879875749,-0.6106841659640528,-0.6541961181526718,-0.39725300624444343,0.27391253140492977,-1.2126612172968116,-0.49948883652320447,-0.7811180626910629,-0.9313073701697284,2.1269518704637616,-2.131078602926743,0.23194310661337295,0.6211288556031487,0.24424237616051228,0.18501652519523348,-0.18279962675903935,-2.4555076082780003,0.2635001424622585,0.7597379766513026,1.1544553565492972,1.1786137078972918,-0.589785224284038,0.670437770641887,1.3988985713401647,-0.38064002109458356,0.3248028798828077,-0.39703506728297233,1.0703119805116117,-2.2654089565309965,1.3057959232170604,-1.5055705245567574,-1.2274271565538075,1.361421170187284,0.6715178642321912,1.1197683034908235,0.9918910098654318,0.9572402492480254,-0.18166447465749838,-0.45014157969379165
2025-06-10 09:18:04,1.5857270051357175,-0.6896223557293314,-0.26132756955838987,1.6417631123162304,-0.053399399271655566,0.7406468773995742,-1.176063444667367,0.4065996606519249,0.8589961077678578,0.9996420758759043,0.08615393430701444,-1.1814954162454288,-0.038374014473578605,0.18457452988020218,1.0221925022390859,-0.10929864124464313,0.10136944601789494,-0.2599110298195905,-1.4461879656620829,-1.889907557803102,-0.25804350498669343,1.111747643372124,-0.5362229354702918,-0.712708759352571,-0.8151170109979589,-0.9603655673119551,1.5695425057659025,-1.1778023298533842,0.058242089378463764,-0.18208058948355463,0.1676688900969628,0.7234678523605529,1.1246522213959935,0.01003487120052977,0.07283885202908975,-0.5363680891998014,0.898534013242145,-1.2428319311628835,-0.3880014071980231,0.6867884532574292,-0.013232648183498785,-0.5429312302098395,-1.1515823035895352,-1.4680534282339945,0.5399305999872727,2.5210145468535927,1.1809368852170268
2025-06-10 10:18:04,0.9128190740108764,0.4386031753165797,0.507815977673113,0.6107715488124497,0.3109574121386761,1.010881754212083,0.5916948766098165,-0.1328808181597032,-0.20402298556867077,1.8530538746867036,1.2296668075830737,-0.4474968208035533,-0.007193939524406194,-0.26170141932267366,0.40927300378812675,-1.222183960280534,-1.1386148905711366,-1.5037304206003035,-0.624148689032522,0.7845610149515162,0.21685791442733734,1.1583612487985964,-1.4270141300430612,-0.11390452162177452,1.0517394346447055,0.1768541051126601,0.4079440249788062,0.7412999206031653,-0.28355706899609456,0.766657318235229,0.5264681004357418,0.4093695000466994,-0.4361281479775407,-0.6302265942091019,1.8182095683546087,0.17896235791178525,0.20847559182908837,0.2719566991386699,0.4512902579047111,-0.2594837537725449,0.6786866419387517,-1.1577223501839653,-1.5566790875369378,0.3419738394025849,0.04827476279909265,-0.12589066912904673,0.3082779732417703
2025-06-10 11:18:04,-0.6000830747524667,-0.5001983927517687,-1.2316916041277737,-0.9448717412789909,-0.24627708507557225,1.743236181900662,0.258547840017772,0.40213949763322,0.6376548787258911,1.6527751243593378,1.3127525388609962,-1.8841408322699904,-0.682217666237431,-1.3151664460983343,0.07702228919006929,0.9039664749957708,1.1205605401821117,-1.0590666893381233,1.648412809368188,-0.29426780451101275,-0.4449652488281511,0.7400674744626339,-0.5252825330150995,1.4631543501061701,0.23375540268817888,-0.06049423522773923,1.6395424594221895,0.6431629954302049,0.045781962215495554,0.2266311373290783,0.026970357392906583,-3.000809689126749,-0.36043581984598033,-0.3444629666060278,2.4283515660577812,-0.632899925790624,-0.37535947370619704,-0.13599738312440712,-0.49995353874951315,1.5530963139852139,1.3535004157662964,-2.9140690511528975,1.6840177307248254,1.6077577264255212,-0.9047082128583138,0.31194066126375414,1.4223161082179903
2025-06-10 12:18:04,0.7073750014242519,0.8698045188886415,0.5354984077035172,-0.5631585921502134,0.5261745886381469,0.9527407481176351,0.2859545768758481,-0.32242412751067123,-0.8989423341823687,0.9754348730856105,-1.2205189267738077,0.011788374028645748,-0.9423354929846564,1.1885639614631909,0.13325454768045147,-1.7001269869146676,-0.8974457221306936,1.5806628125017517,1.7524138223835575,-0.542308824324021,-0.22745085032732953,-0.5166869779112023,0.9796722404180505,0.762339693499763,1.6519759297393957,-0.878932620472409,0.03803967600132172,0.05257278138068994,0.870527944320662,-0.5835350499202541,-0.471739649514604,-0.14902270372315765,0.5654744848913703,1.2895600188162293,0.20851407591379978,2.8929621059277584,-0.9420779419698543,-1.7109309911014583,0.8403361406951733,-1.111930313246637,0.3319743027977948,-1.2676084958512726,0.09979519925357205,-0.011966024615859359,0.46173742496300035,-0.9187277702428347,-0.5813984654984372
2025-06-10 13:18:04,2.474584227743677,-0.9658942806596352,1.0958891153511527,-1.4345293650317155,0.2311069216046322,0.3685884426022437,1.177456731368534,-0.003886996094651717,-0.01425910039074719,0.034440161154293235,-0.5762614603205304,-0.7531900354328444,1.0569889336213298,0.826485907769044,1.640847671592548,0.3142308517720327,-0.09266998675566285,-0.883276170992103,0.4617190374014273,2.1910861103393673,0.0869668568823007,0.2690804034889616,1.6514235872599359,-1.5170726678157438,-0.9864348253083527,0.8171991741128758,0.6173969893297866,-1.4502799426808384,0.520486930623197,-0.18397898232479765,0.6129711441321539,-0.26055264626586583,-0.3276724788964714,-0.928491465457143,0.007720295046102012,-0.8799789073491591,-0.4628638055022417,0.6719102353344256,-0.103986786201364,-0.35858392031737174,1.0894161252321917,-1.3173395706824675,2.7414379411703353,-0.4096031045136621,-1.1691558149921981,-0.5465134775244201,0.443350536632488
2025-06-10 14:18:04,-1.2407153656453025,-0.7797910048904788,0.7974255134332362,-0.3663030958070251,-0.17803120066107345,-1.0250978491967806,1.3366985893704324,0.8067164984340275,-1.6249153797317324,-1.1009880636014475,0.5137676527560509,-0.2263241206212577,0.7669731393523564,1.9596579484808543,0.2469581595946806,-0.26228866028395703,-0.37282799705910535,0.7570835918693698,0.29680338626491004,0.20039400376340732,1.6097744184553364,0.5588007703006054,1.0371393090163161,-1.850765861713885,-0.9740391827644369,-0.3630973981924594,0.2885693919249853,0.4766383018656651,-0.20840533961575752,0.908952921184839,0.6125052467812524,0.40357470292785974,-0.14454848379502758,1.0086700730295952,-0.14558448695318285,0.4348846752201454,-0.6826570808376283,-1.010475817619953,0.3413382951090555,0.9339441535493672,-0.5451739936459721,-0.6867209430595248,-0.2307001310120207,1.2416875645057428,-0.22350989411717725,-0.5616303036045878,-0.6786318112902007
2025-06-10 15:18:04,-0.4151189384132546,0.19770999543061663,-0.2439198430055226,-1.1781087720076333,2.0368639992779958,0.7017735494440388,-0.33578671393930326,0.5602184274524615,0.4699152085206386,-0.7494370897076366,1.6435324485242857,-1.7205004142713518,-0.6416024317764272,-0.4736426068215471,-0.05331917989183043,-2.708993035067529,-0.7774842473607239,0.06390259580119725,1.18156856846086,0.028051609702480176,0.3307005398873366,1.322049009827542,0.04868581142119876,-0.8736910434754135,-0.7456260332104488,0.33811608563415974,-0.35819746747259934,-0.13890659468926045,-0.9359141599086587,0.06783530241602381,-0.1262254216602399,1.4368908806653757,-1.8888976430433744,0.25010072310734516,-0.8238222023637165,2.0814065554646906,-0.5229163486630988,-0.6968548841875332,1.1299012339781132,-2.4623892348963574,-1.125558417334304,0.8205482645652167,-1.0112355865884637,0.6476908775598073,1.4160411336085401,-0.9815656854485454,-1.1289707853876387
2025-06-10 16:18:04,0.2658588942375218,-1.0494399102370702,-0.13348558740873034,-0.43022360472542975,-1.228630235342268,0.2476406600289583,1.1639923448980007,-0.5667246795510487,-0.15304520585116663,-1.1530652243268549,-0.2971679175189802,0.5492945052069775,-0.6783110191606666,0.761992369523798,-1.3152261324351533,-0.2562263808705215,0.40234610991681014,0.4660089398744942,0.11720822562328712,-0.02812318026596142,-0.29763824397817984,0.05953491069032142,0.7830006136468979,1.8572591471835023,0.6084484483099643,-0.4751967942322775,1.083397840812961,1.6100111862734008,-1.5929509982180727,1.6060964760802152,0.5966902534051172,-0.7186120311940766,-0.6439500672621027,1.0006867343845713,-2.8094902630790117,1.015168629807207,-0.32956804507204784,1.3418626897945267,-0.24465615453391273,0.516421318124993,-1.16674399352632,0.7508281030609438,0.8625749917392947,-0.34325326389464184,1.9602324931138364,0.46108734630688025,1.0148795429480697
2025-06-10 17:18:04,-0.7753043024020333,-1.413038583306259,-0.02681727380104861,-0.8963168987835707,-0.9056438616058288,0.7482159042230093,0.22332622600307403,-1.8543292835510485,-0.14429900890634137,-0.06048459951974486,-0.1843955710729216,0.041817539872594414,-0.9570369744574782,0.4714836455674416,-0.6021423507766676,-1.6218576131285731,2.200367935756599,-0.5308778554214078,0.6306058792966759,0.7697912858936345,1.5935793854159392,-1.3375303098164197,0.1331047174578019,0.13185513389084158,-0.38322185215170596,0.5630962824550145,-0.5353226167905263,-0.7106772564238212,-0.9299695005580374,-0.9283435643012282,0.6596824339471262,2.2834874804161482,1.0855221706768847,-1.5776649150525643,-1.0413063623580767,-0.12622745518063475,0.01826250146422782,-0.2775210452943543,1.2784590876693578,1.2900008026444814,1.6316026723237187,0.2470844391292719,-0.4596287113849285,-0.3035085049537877,0.26901677434630655,-0.2975869415396033,-1.3736477203984372
2025-06-10 18:18:04,0.14712371829951482,-1.273882830562898,-0.2832561960465375,-0.8550120353403198,-0.9016501284670626,-0.5003215265611664,0.31552425677558005,-1.3316577557573488,1.0546011866709442,0.17583884378951303,0.0602680351290593,0.23195795530684457,-1.103981845502284,-0.2434634361454591,-0.09715547318864083,-0.8433250104792751,-0.6040091239216709,0.36873721564797096,-0.7132988459453552,0.41587870788214615,-2.6560547034798487,-1.8708649258714827,0.6818674147424938,0.789744130369844,0.30426743147468344,2.030229735707085,0.9349114890693643,1.7229710436204606,0.6185176959781702,-0.3048878744361734,-0.2743001682940639,1.1801539765149813,-0.3377061601626963,-0.7228302002559985,-0.37872966850723644,-1.35399163964075,-0.29897303852907164,-1.0550302946528045,0.36821508838360095,-0.6817294133657797,0.569018776523236,-1.6883463824836171,-0.4572584142325725,0.8887827536013256,-0.12564176766456472,-0.551905669150466,-2.0432274058853084
2025-06-10 19:18:04,0.40272532693126883,0.5221321387589374,1.6956962936871331,-0.2801895566539248,-0.5548450531510299,-0.6265648324717992,-0.6687690310450993,-0.36182141503957427,0.14091645797504898,-1.4839370255071085,-0.9184332123967119,-1.1523125229811149,-1.4477232964657922,-0.8274306398758893,-1.7391096600531386,0.7379424954413643,-0.8687464511046882,1.8638931072944938,0.6895202162741282,-1.306025215518013,-0.6043001351440122,0.6947160737687834,-0.4663948699819979,-1.062256571793035,-0.262978924778812,-0.22799346958475716,0.5142085370105561,-1.1575551333503535,-1.3267480708389356,-0.5143730519562768,-1.8554334806935344,-0.3768829763312898,-0.10376405495942381,-0.6794484642466013,-0.637703459237183,-0.1584243465047704,-0.12035953457337846,-0.3510967146324284,1.817782061888561,0.38333143182019064,-1.7316114729089205,1.3220956762302043,0.4614852816324201,-0.9269106278821037,-1.1590264874694363,-0.47471799732522485,-1.3467396668253273
2025-06-10 20:18:04,-1.4226013234077053,-0.358109729491351,0.8135678646509119,1.221024617431593,0.25622011498981817,-1.0610992717301557,0.2682617296431812,-0.8852730283619806,-0.7869541964943101,-1.0846659310509166,0.08130334350831762,0.18271121703186766,-1.6930198304765545,-1.394759286645098,-0.9045688360057956,-0.9348276087872412,0.7461925431759546,-0.3945761348241883,0.32404238520988715,0.5069924170069474,-1.4406815974956124,-0.2207708140136419,0.9735866493389366,-0.396883544779194,0.8973633154065603,-1.6188554592986104,-0.49152800224953747,-0.059721546870258775,0.32746310034986564,0.25673655624953334,1.2948264354577066,-0.23557013384448558,0.5485251546721694,-0.21962292676953787,1.348935502050644,1.138137155231652,-0.9651600611614453,0.7077132333712871,-1.2708522035972643,1.341366864427203,1.2449349928641509,0.9856532532966208,-0.41104366297455597,0.9679222242857828,-1.714627427893194,0.17494210521989934,-1.0076331438551123
2025-06-10 21:18:04,-1.3579744926705801,0.3582917698601786,-0.13797825248584147,-0.6507712423368791,-0.3176886601637147,0.2532171426648854,0.03184070912752691,-0.4323302193720517,-0.24657964895425072,1.353476512674547,0.6850843079794612,-0.11863989063412017,0.48107897091680407,-1.3942672030803265,0.340472187018948,1.5453947587848156,0.6868016124736733,-0.36254158646206475,-1.2977295837101732,-0.4838024975824191,0.3393921236297501,1.3928253504385875,-2.2555895736648264,-0.7492154987107225,0.67653121973523,0.9396703085637985,-0.8937714552901102,0.5073476716624287,0.7224483111674616,0.29240376736198453,-0.7527293231577582,-1.2317687725393798,0.29697459100326096,-1.0958772165089712,-1.6246055353396438,0.9734661694400116,0.398006024993992,0.5808864883821516,-0.7556046106957651,1.1537407703717528,1.960323175108807,0.029343253112836372,1.5705207095715215,-0.21794880852897655,0.04692832263086546,1.7345629324252874,-0.615530659321914
2025-06-10 22:18:04,-0.24803728900390493,0.9303028963133491,-0.49426445897195764,-0.09950158737902191,-0.015458159795138642,-0.3731103321073314,-0.22637605649540665,-1.0204446317973974,0.8861387642697539,-0.5152014842255291,-1.2040834737907171,0.7695739794246688,0.7166766591822497,0.2793387848879024,-2.209286963533584,0.16929679360358937,0.5572757284260881,0.3643827325188774,0.2235860000911513,-1.0329031096385868,0.2949574868406173,-0.1261127638109699,-1.557349268682592,-0.0856999971548967,0.7751527702652551,-0.314506683502358,-2.4396576230610187,0.05817633238850603,1.1678353161980708,1.1638210890130247,-0.6477139625177202,1.7671506239707848,-1.1786787321484178,1.9617255750158606,2.5341799345878147,0.7745524777497103,0.6578111896128995,1.7379115193688217,0.5464782588268542,-0.7453174661750831,0.17974383405412656,-0.274831802193016,0.5312857120970641,-1.8418603407010516,-0.7603375494948127,0.4004581825834023,-0.8034574264272376
2025-06-10 23:18:04,0.8037960438036195,-1.5343046775028013,1.3947628283040387,1.4454352493970342,-0.13188359831216784,-2.5451060893087267,1.4781954736182068,1.233231076583123,-0.6510071259131367,1.7656616461398216,0.08026752328924586,0.10581100712025718,-0.4343292380481666,-2.1843897601631252,0.5357643764341485,0.9928610931472837,-1.3604417317114348,-0.045733860735131936,0.1856127423391832,-1.3662004212950527,0.18269989179423263,-0.5756922366907433,-1.8418529056316066,0.9021556966854739,0.26334926566369543,0.06472354599352138,-1.0671653314680865,0.09848719926691248,-0.6304664128840503,-2.1801773461123513,0.4213091634522632,-0.06019931278768952,-2.133168129942956,0.008691562551047879,-1.45418075539819,-0.7410675871611665,-0.2102080427766603,-0.395203201341696,0.6876217639384805,0.20786570088067693,0.41027682396337484,-0.4841135296159974,0.6788716873895415,-0.20516967297440367,0.7879129912454931,1.7299729140818523,-0.8594094681367708
2025-06-11 00:18:04,0.8497748783778808,0.9898378527398105,0.0856651163580041,-1.9788488668295394,2.4110022844750265,-0.6884779494440962,0.48997113393246045,2.1179121490915533,2.4105688726793035,-1.4501320267593107,-0.7561137909090149,-0.1473517337844701,-1.02542664450485,-2.979493258996,0.3910855980055516,-0.3778720491951957,1.352626219969491,-0.24851627101176307,-0.271212464989226,-0.27166982396624917,0.8412264219413425,-0.03909462064700913,-1.0455015121725797,0.5665806239061444,0.14893903940484676,0.9681618108513154,0.33936720589996877,-1.1544182327733785,0.20807633970018094,1.4569767737540424,0.3386067157605722,0.3294485282231072,-1.1201686511516031,-0.28573158476411536,0.8621098005880081,-2.2566097748212854,0.11833762280739928,1.2750009466308403,-0.279944798266153,-0.9751088345357173,-0.8915859637938051,0.8410895572483968,-0.5616278776038223,0.3482043551653165,1.9607668834026502,-0.9015311333655114,0.1974450731107896
2025-06-11 01:18:04,1.1003015501932618,0.13734174072847374,-2.3140227636859723,0.7006853112237613,-0.44599219659152567,-0.2989397734286319,0.4183183192044635,0.03173945130772162,-0.7011248963511,-0.31658369411549936,-1.0283245435613684,0.5087697677376596,0.20240109976350742,1.0559747091885268,0.6634003032121716,-0.18422128414213448,-0.16068996051464596,-1.7531420800624793,1.3699752510263166,-0.039452424960148634,1.314284670384262,1.1811399423481745,1.472492833590056,-0.37897299911567695,-0.6798739104913079,1.9409501066932038,-1.3078552954070077,1.6480593990443915,-2.304209762826913,1.7513941651728357,0.5287365757515037,0.055376284714997,1.519487216080098,-0.9200575130484576,-0.6455358307504301,-1.1960177947926984,-0.762166830778325,-0.25637592697871425,-0.7717218734368189,0.1416455034018964,1.2185512127839486,-1.332988090831466,-1.2135772547556323,-0.9589690674469944,-0.9744007411761162,-1.8165053209048354,1.689729455601655
2025-06-11 02:18:04,-0.2405803459902766,-0.30413744966834105,0.3442548217476081,-0.5778672240384454,-1.046749616635539,-0.189282329005728,2.4014244978991073,0.2144191544411623,0.540863732197166,-1.1266344258902083,-0.18688879554845042,0.10558716119151249,-0.19375050609685388,1.233225243654227,1.442906836318025,-0.696712961478788,0.5176635222306839,0.5183878337270799,0.26852903507123416,-0.07805652585226959,-1.9969502076103796,0.8274147416957871,-2.2662721785601554,-1.1690834015730596,-0.2257745619573907,-0.2462752524683285,-2.332688677118428,0.9581264965644843,2.0241327000170393,-1.0328018648198205,0.7244792256087865,-0.012874650883721712,-0.36869083414059944,0.19135282996596267,-0.6050112027897038,0.44556868888585155,-0.7447142488083665,-0.3585974993352104,-0.10263234224811595,0.5004444680946267,0.7874704570279621,0.2066118088736528,-0.3484757148895635,-0.7294525514679743,-0.1763382361484923,-0.5646111080006793,-0.24776287726402915
2025-06-11 03:18:04,1.003904731458414,-0.30373887969195,1.690052675472868,-0.5029013150715158,-0.32070097476861475,1.1587741561309217,-1.1211716747492377,0.23538956141477255,1.0167102186017876,-0.6645028399780308,-0.15789733647022208,0.970552487980279,-0.31142543110054594,1.0428936928258832,-1.3751512468252554,-0.2909942323355506,0.5900930779483252,0.6174243262564956,-0.17267927220223123,0.6607813593997127,0.41927567521197934,-1.6067206455002772,-0.7970455547076503,-0.34240550398618297,0.7853076230002817,-0.8742058919752366,0.4518707140597236,-1.8522102621638477,-0.8704558975944386,0.2886901613050331,-2.7997325765372945,0.1399860423144116,0.5743515782971063,-0.25519486911342415,-1.677723947364859,0.11758001280274478,1.335834940765757,-0.48970525367492534,1.2892479364725724,0.3760570120931958,0.14269961218766034,-0.34738882848234165,0.39623361270161395,-0.4344094796342458,-0.3443283269603141,0.3148894403257953,0.48718176002300834
2025-06-11 04:18:04,0.6871957767451056,0.408368754233448,1.3689158356071385,-0.3249774295947799,-0.20026057283870782,-0.7029738879089011,1.2593161165860678,0.5034539734357967,1.532164052675627,-0.6406346601752766,-0.04112726101577142,-0.018347491509873106,1.764531434136666,-0.2995162194544653,-0.27949397355750905,-0.8393442155555241,0.9032098716004738,-2.1085247235237063,0.6193724038778787,-1.8876432379794101,-1.3041407172803323,2.2140906480831615,0.25236346831414785,0.6851370816923978,0.23589239499575815,0.06967719497995786,-1.8808842303932711,-1.2082601955471648,1.49675381336876,-0.05092370752353949,1.7520263280304993,1.7937694567156979,0.6553613188141271,1.3410049480834654,-0.2926117203009825,-1.3993995008753863,1.0872831211550928,-0.4967040971946839,-1.1935181410374414,0.7776542518170825,-1.4162818591555792,0.21329947455765902,-1.1500804127756952,0.7920670717666022,1.5057683503859294,1.1761263134843842,-0.17998162943116422
2025-06-11 05:18:04,-3.055790666150573,1.273490837535607,-0.28860085447590234,-0.32273536395490104,0.4758376143389578,-0.9657674407523756,0.9558317834625855,0.5011989116220509,0.8221369261580547,-0.12597278974973905,0.15655142059790605,1.630965990568156,2.1985270003519157,0.16520933326752232,-0.04988446265021855,-0.11095383145503095,-0.4313187430070289,0.3835589243460048,0.43679933828848533,-1.131885328339627,0.05613210636096554,-0.8805431233787202,1.0901182812725345,-1.8870291284679452,-0.6582796958939972,0.7977455398194351,0.6994379907361256,-1.6225566635407283,1.646652644547104,1.6651706133124828,-1.6172118951217433,-1.1832999683851568,0.011490954790360256,0.1611870344685923,-0.46933353153049573,1.10267448849739,0.33251026116873417,-0.883667292770402,0.22968319796554468,-0.790299042037115,0.020078229373225336,-0.07504478402539788,0.7635748972873481,-1.8691391887176898,-1.2079250281003941,1.4142219549516784,1.0390597165821982
2025-06-11 06:18:04,0.2047620213776652,-0.7513985939595366,-0.3621024817293833,-1.1306421922293413,-0.49026995118591626,-0.9633749763170217,-0.6832090416259305,0.1895483742981829,1.186379578470317,1.2708818488550686,-0.16624521801528894,0.1723260719548745,-0.43510142841455274,1.3476688766744882,-0.6883613269905788,1.4303640447844101,1.9474208152207078,0.13380825345128575,0.009486334178769953,-0.8175767098778847,-0.4013274575504907,0.7604738784563011,0.713487691043493,-0.5849458761337172,-1.0279968242021162,1.5901892765561898,1.6604837624809623,-2.03454277663334,1.704166082959063,-1.061721284260725,0.3918624121742206,0.3287229931421915,0.6149311318893886,0.7494662763976507,-0.46103395427500526,-2.832543709207218,0.4316559683435749,1.452229617328188,0.07437330535011138,-0.45677636480794864,-1.0593188601731125,-1.4144925453595112,0.7286239345240705,-0.5391875266804621,0.16612773497165542,-0.08297158288131538,0.5903659047625414
2025-06-11 07:18:04,-2.6919161685491537,-0.6053323617884123,0.8192964959610533,-0.30496485117409644,-1.3660333075188091,0.26662908489642684,0.7136400746683534,-0.4772031283791015,0.4411688194856562,-0.5183421042432071,0.5645271311660858,-0.3200475850412327,0.29421427130305383,-0.7729267111490166,-0.017702074159549806,1.5194016089790474,1.7960052839417777,-1.3013578907413195,1.4251033019056685,0.5267363849913207,-0.03268241890378541,1.4856312021217304,-1.7617930126099346,-0.6133109356338899,-0.6880233388187921,-0.04070416673314327,-2.226046332650625,0.3690261764681392,-0.41426616928039856,0.8424385581044729,0.2460147057797173,-0.07175959974733988,-0.14935660818934682,1.0590386431525491,0.8746156746228931,-0.4135538808331568,0.7983292956309426,-2.787704231459464,1.6467745481101324,0.06879331702371666,-0.20808345058682864,0.9249679091202447,-0.3587309117247257,-1.4071785956639433,1.5116039927414118,-1.0845480607792926,0.4733098789434799
2025-06-11 08:18:04,0.3550623918266942,-0.5202123840167973,-0.4042648622831429,-0.005088284446534462,-0.8357862339454318,1.53353442163389,1.662563558470543,-2.568108074170332,0.8533529414093266,-0.4750353014515046,0.6173015570987856,1.5363113071881969,-2.278440020294667,-1.181805090729749,-0.0003589530023710826,1.6892056758208223,-0.5154180829671022,-1.4519789992313337,0.04200000718248746,-0.8250329856537274,0.06818273159896396,-0.5329016849767249,-1.484322476119888,0.09529391045352514,0.4871781502116211,-0.4328824939519205,0.7859145852288136,-1.2336092510696817,0.885729698163276,-0.36119968378120243,1.259454397970433,-0.849121445246525,0.7052856727435396,-0.8562047648365384,-0.9338392753380433,-1.8074233917457718,-0.32568003091097336,-0.647234149650087,-0.174763542041579,-0.4144015256872197,-1.1801438342165254,0.26834670285735585,-0.21131732082764684,1.6908480351241686,1.067661528317077,-0.5718438546941714,-1.1434222069981212
2025-06-11 09:18:04,-0.2063149831215712,-0.34031543595952335,0.3405708059711074,-1.7264768895023581,0.8674654538005735,0.12765852797345278,1.590234680746512,0.9741574882766517,-0.6754690235142498,-0.778403320183974,1.2627354332368768,-1.0316535869798753,0.3578120369196168,1.0181780127774782,0.690388321359741,-0.04029882819891732,0.1513296992284422,2.8274009003492693,0.21609927684096902,0.0011222060253105802,-0.6528655984569188,-1.5056626231125028,0.5701493366415382,1.8993348551487796,-0.5793552245932395,0.003952809852564933,0.5939063147924911,-0.24954347137418004,1.6936329697104064,1.9744435345304079,-0.37694809893504727,-0.8434831456702018,-0.9827387623022024,-0.9001223178476605,-0.34105667568357856,-1.1406359673401623,-1.085592501552923,-0.5971750946212471,-0.5925128206057879,0.4354896788843402,2.09964448036501,0.10381519066924196,-0.1886321660631187,0.3375368637731148,-1.614479718776561,0.5053398002134492,0.3783978762072735
2025-06-11 10:18:04,0.7070071112942464,0.2349529136598898,0.5590061656176523,0.6932309196914995,-0.6380201706666792,1.8115791804577188,-0.5245159639183256,0.8342474670925943,-0.36932931898115823,-0.24998994877266179,0.30378221036283176,0.7091099084330618,-0.2615833279541915,-1.5529797438382231,-0.6523453795949684,-0.29606323766373266,2.105758027903223,-1.1803072594922286,0.8782228100286714,-0.9845496555232469,0.34776003777548664,-0.2796683055679598,0.8177028731653202,0.60568588302214,-0.4442434820818837,-0.20323642597716018,-0.7927981220671149,-0.7233329160177363,-0.022089870300436514,-0.019177105477018456,0.2898345421435856,0.5640911157318638,0.036440711612379155,-1.380273212313411,-0.15341977262391374,-1.2857831311023722,0.30877526211409045,1.196228220752708,0.34674959980273046,-0.32457850839000346,-0.4982702938465345,0.0921231387492506,0.2105319414124268,-0.09825314246174797,-0.3220824215352059,-0.5544545030449854,-0.1301145586433398
2025-06-11 11:18:04,-1.6666992773351168,0.08097413603558574,-0.3185183222313117,-0.44070864236108365,-0.31649567367194786,-0.46233062170002515,-1.713754139160631,-1.0372215785357852,0.06692785026875232,2.439440570024041,-1.5758402984109656,-0.7532776332364043,-1.2338121354686056,0.4753596175648442,-1.6653699483046989,1.3219451067340884,-0.8801566394658402,0.6566888862137202,0.29986189806985203,-1.6746703308570046,-0.03960688128453223,0.8169600336239927,-0.7139934209372715,0.9909934061258051,0.10780519346700598,1.984634807722611,0.7280995746419434,-0.12197921409192505,-1.557871741893082,-0.24912724556128518,-0.6273870882241539,0.5284275230127266,1.2262739973768195,0.1861291628522783,2.43401560150595,0.7972745015856514,-1.5261891900119429,-0.58409570770769,-0.8572847694897114,-0.09841566725114892,-0.6573890738085701,-0.0908571194445492,2.2755410996946344,1.5572372732032178,-0.4932045867105635,0.3588754152777733,0.721343690832535
2025-06-11 12:18:04,-0.49168593946636274,-1.9488721502969903,-1.6662133092158986,0.0022135078147509377,0.4390270981666064,-0.4570081451864308,-1.7329281284112155,-1.9353113038063672,1.079692806850383,-0.3642086023372625,-0.08662767013761591,-1.4228976752844404,-0.20120832356550764,-1.1357356844384938,0.8291304918925857,-0.3584762449380276,-1.1477976087038642,-1.407961467197266,-0.5858546065600615,-0.33789108210897817,1.9488239378425198,-0.1507721701185054,-1.0398889444816353,2.391756239570101,1.9473527146078964,-0.5104196528396641,-1.6471205252033554,-0.47113740060219794,0.35264278088759404,1.2521142384167037,0.8790334538004801,-0.17086950423448882,0.012809685292775574,-0.10792993881285332,-1.3505612519181927,0.7346288864205366,-1.5005432808726518,-0.38088420182219385,1.592364691654502,0.30517347137402256,-0.4161983326843517,1.7104582868175906,0.30925583499058257,0.04954208000989693,-1.1580010720670664,-0.9240967285372824,2.1913015416222654
2025-06-11 13:18:04,-1.399427351277915,-1.5885173392662513,2.283055346419952,-0.1323305108402829,0.21036787242427699,-0.1053855940335075,0.3755151205394369,0.93830397132905,-1.1908282319104029,-0.5912120819253944,-0.3817466429745248,-2.582734425761754,-1.2696323939481289,-0.3384292428432789,-0.013367791296739793,-0.4726027200573659,-1.3737153165345373,-0.22443585521682985,-0.26014530380971923,0.14964490239621356,0.7346084715783124,0.7664774329977794,0.8319098126409071,0.22024998693829548,0.34689266628478554,0.36400571628371264,-0.2295487684721196,1.5440218617238006,-1.1157969893960473,2.0972919183410155,-0.39223587389607,0.6164062823788786,0.8172442072235068,-0.7242268925868424,1.558635452954008,-0.2523243084547654,-0.13025175480227197,0.12305984698794876,-0.13078032358814864,0.12850663445890553,-1.7711244330651963,0.3736729198740757,0.643286728035484,0.7151012890742797,0.40993013239524606,0.18910288568379327,0.9824426035773987
2025-06-11 14:18:04,-1.075493931868097,-0.18339833839337638,1.1234395479565797,-0.1223756235694613,0.322396893316871,-1.895859946083326,-3.404240358998898,-0.8001399867293547,0.07766089882182267,-0.3120389408826713,0.7695023583329326,-0.6883970854988393,-0.05590850448408427,0.5206675060231503,-0.9836545742848307,1.1410816024212327,-0.7874097521013756,0.6671521515668624,0.14124380434837394,0.32257379490028615,-0.6985434279543263,-1.964685861578107,1.2350358759381428,1.0047920583514165,-1.7117102297300042,0.16915881297632793,1.455979720707746,3.1684421238652063,-1.2812388959601264,0.9481434044168539,1.1721439912834632,1.0790658928982693,-1.367814014677485,-1.500917668662529,-0.8590207092637622,1.7582661559727606,0.30119977801950804,-0.3541654405494044,0.2625708671476181,-0.4250715813428924,-0.3007856427475283,-0.497799275215565,-2.2279308028655973,1.448177495642076,-0.9791600087296232,-0.12643250666679007,-1.4380366927068395
2025-06-11 15:18:04,-0.2323191386262659,-0.15266888791165692,-0.6827014531674396,-0.1657267430516953,-0.05355367852375443,-0.5814418635569767,-0.09163986922384712,1.070506085948753,2.3904444877119744,-0.41222863649008934,-0.18707457163431757,-1.369090703101375,0.08782426132518546,0.2886432344002032,0.5386827622706399,0.38311635652375853,0.1240479046960162,-0.3572099278726646,-0.5231529064009489,-0.44640892932216525,-0.3006180569060888,-1.8683384994195804,-0.2713947334436284,-0.7248814327674952,-0.99214716954005,1.3277927173193382,0.49049369273811627,-0.5624588764586512,-1.0885214742586224,0.9426810898854588,-1.8910962218825529,-1.4099492285651047,-0.8944164591038711,0.4433168987148435,0.4567519097152216,2.337033663153601,0.30085533266428105,1.0286637442161022,-0.8338566754792887,0.4246576599796317,0.4035493260050711,0.3326595104799099,-0.5760491638139926,0.808914804328394,-0.34970159467029616,1.029201976578336,0.4286549157252772
2025-06-11 16:18:04,-1.1437501929264797,0.722723074423535,-0.0043766201834692904,-1.1300817495727082,0.2854955587949144,-1.0478502794044822,-1.40025843586025,-0.21627691512045127,-1.2569417313301492,0.04687862524342704,1.0321707113918106,-0.4236015892351147,-0.9542867215545263,-0.7845876241954052,0.39415696767658065,0.7851804615326048,-0.2241951235300173,-0.8977690066799657,1.0661173889440558,-0.04405897210979758,-0.27067909816829033,-0.6463126418692585,0.261628068255254,-0.15599394835035668,-0.6642894999727742,2.4180495124781674,-1.1790383407096037,0.5396997955836617,0.791492807251964,0.27857732500756377,0.8125779975500372,1.256961702223982,-0.34618226487319587,0.4231937530631285,0.5529000333379339,-0.08808334569413051,-1.9127969625450467,0.1559853864556167,-0.10083557634697261,0.7269896910885583,0.5263988310671044,-1.2946550104171108,0.5523521642722552,-1.6717809650452788,0.6492591827620592,-0.2700690406419913,-0.6454618277082738
2025-06-11 17:18:04,0.843663262554482,0.8575063375361555,0.0388114953945888,1.250622586341769,0.6407679731383813,0.6967132085327628,0.4938645051595431,1.336839060494668,-0.13024560805274868,-1.3491626078498549,1.1312354567001808,-1.391091178637449,-0.3277849404767547,0.9895614090390967,-0.657562785970376,1.3578866064751018,0.13981936148520743,1.2011561928436494,-1.9543742304329204,0.6685092298969557,-1.508585252096951,-2.68501774358312,0.030506426875889336,-0.247583929366933,-0.4425143300718528,-0.44106645096414077,-2.1923896364155,-0.2015587750287473,-1.293930503087132,-1.6201865660664376,1.1023587862476758,2.299996282729561,-0.9861616766001815,-0.9775744215101391,0.5511865888793206,1.5898455699279368,1.095224126832178,0.5089862889548181,-0.8443232228946728,-0.5554986610995056,0.31793078257529245,-0.7536376936237456,-1.0185015263232513,-0.8680221936523503,1.2636752780575093,2.4533340391275145,1.189070428849545
2025-06-11 18:18:04,0.36053169348710196,-0.8469108784919003,0.9088688966162226,-0.41784513863056777,1.12751649641021,-0.13593260508970806,1.0039333448868315,-0.7635377312469405,1.111285796611829,-0.9876361719002532,2.8598575109775966,0.17829277948496292,-0.2885747594147192,-1.5167810109648445,-2.0982658371269793,1.742748325756951,-0.6285097652475107,0.33428675390342294,1.3328232389592551,0.7341470428390227,0.9611293719384283,-0.4819125067126758,0.6651225352206858,0.20886859722737636,0.9809389269332272,-1.2105391408404642,0.5350803487898164,0.6238284244507502,-1.9040205471939857,0.017656361285094485,0.07825829608626571,-0.9802527718758794,-1.0869125688967793,-0.21442434511471825,0.4702145373811482,-0.73931488828023,0.35469403541991745,1.5652589242183406,1.0196377178636387,0.624083204048606,0.819355340855381,-0.7498653086911725,0.7399732503801087,-1.864355597987636,0.010694791633338854,0.47571709260132616,-1.0704036549388372
2025-06-11 19:18:04,-0.9766193975960724,0.19146147967684063,-0.39212859855362,-0.3222173201135613,-0.33378155312901403,1.51588588949967,-0.0873182599162808,-0.7034244279111398,0.48540459261063246,-2.1034459490345885,-2.055113113907636,-1.5619073993791162,1.1320638834353067,-0.6656716438995469,-1.6803935158550851,-0.34547789601233464,-0.05696563306016668,0.14915821145849167,0.8814914118156513,1.9595431868595987,-0.4202670862756611,2.1203838383533156,1.0809139465662105,-0.7736571367751458,1.585382376237904,0.14523308345925082,0.8294280982188087,0.014107983410211128,-0.30581307653959827,2.5716263267793114,-0.8198922955943178,0.027430471349001055,1.4917891594557282,0.8705959303863193,-0.5449142466905214,-0.5411684578164346,-2.037570549093967,1.6189761388812869,-0.7921989249108702,-1.4610568217546176,-0.009538410618822001,0.6765282451259838,-0.3082197568534036,-1.0177330878844413,0.22246915396477124,-0.05846052397133638,0.5606062691161824
2025-06-11 20:18:04,-0.4919386945226044,-0.6411205481093887,-0.2569579904758406,-0.8463027778471538,0.41746742650809776,-0.2306301294420774,0.14111573693301208,-0.4787381478640406,0.0630488451677885,0.7169637823639835,-0.2819505399680237,0.8673352143591617,-0.6608646095251015,-0.7192729711478263,0.9512687690931417,0.5334897588869313,-0.953679350104008,-0.5960408562965066,-1.1783469760624774,-1.730866146428102,-0.6004816111707808,0.047299383561522884,-0.2012528123762657,-0.08067318763351516,-0.6794315104707884,-1.473462769179155,-1.965313303459659,-1.8773174920637838,0.5778448453351772,-1.4214060994139008,-0.43954591720188174,-3.0534821527416494,1.9059484871438077,1.1577499906647417,-2.284847331755443,0.5432326764050961,0.8369518376494653,0.322510202262501,0.16247914983109613,0.5116652122876516,0.07176838139619368,-0.1107714502645128,0.9565515670226065,-1.731329979746541,0.23850699913008794,-0.8825398240113603,0.2922157201329238
2025-06-11 21:18:04,0.33040867878219177,-0.67738742599934,2.0796059365822934,-0.5725390531775795,1.498543001449704,0.012988544310891779,-0.23665922911069448,0.24360680357465908,-2.8028942117184728,1.130012490759718,0.41862049653991584,0.9241540606679166,0.8682546597587708,-0.3595840808927026,-0.635412286471299,-2.592860250032827,-0.13493557698111155,1.017763615433436,0.5548494406396638,-0.02019592383229251,0.677848369521199,1.6373272588661862,1.6401799060661195,0.2939263002194017,-1.494131735029314,-2.1507968785044236,0.09868571655784503,-1.1806202776729862,0.7134850130746038,0.5274650872135511,-0.4250103996141239,0.927913242039336,0.6252717617193592,-0.726623978248434,1.0596419550156404,-0.28447225465803005,-0.30577102312664955,-0.4651846176264695,0.04751264751666737,0.0630588068208824,-0.27047305496882973,1.1343947521971778,-0.8872637372973612,1.1433942178312348,0.9137052142941764,-1.5068043167799725,-0.17508054402842368
2025-06-11 22:18:04,1.2860552486865247,-1.0195888011475371,0.1104105791870862,2.7683641972264033,-0.4975899719995791,-0.3473165884368581,-0.2818280851251252,-0.6144210304474937,0.5165836403927366,-0.28655313760244056,-1.2282009471476807,1.056450109658799,-0.8190408371349451,0.5107295407451158,0.4805913464139043,-0.5472761928190839,0.10504903316018234,-0.07516901659881127,-0.844144616537639,0.3212302361854076,-2.668643864426906,0.7189770533375536,-1.7317859856096536,1.4937385204219091,-0.2558249296633723,-0.27471293974925476,1.4547544189970463,0.2238362064849131,0.47685741206142146,-1.385045978665207,-0.345996066454734,-0.23479447221318875,-0.9159339795652421,-1.3592536335658827,1.8561567396245187,1.6434596462005329,0.965345224549017,-0.04325516033644569,0.7942671599165402,0.9333191410541196,1.298589229587401,1.7331323872956905,0.6908305960046872,0.9531043894015954,0.041396152579294625,-1.4885644464907262,1.0020041950198486
2025-06-11 23:18:04,0.8944239127831384,-0.622302503043413,-1.5965242879414097,-0.11225738107381653,-0.245294235896878,-0.7598840317473001,0.13686195280518382,-0.29524277459940024,0.4758489200282885,1.655662665769059,0.8226384812412129,-0.5582738020319106,0.707549662254072,0.8128321144256238,-1.1283800951452552,0.23895613199961963,-0.2625762768969198,-1.5639763274058116,0.8696492434215352,0.09751643612561593,0.6074677956915573,-0.17387110676998999,0.04108932064878713,1.1414672637292513,-2.398661677885827,0.7842303302883998,-0.27282255353770746,-3.639425824192082,1.4304173858332954,0.20048402291866613,-0.3449684052950057,0.08421110213138062,1.5286656608546743,-0.182885243705,-1.0476809145138308,-0.7983813830613651,1.0593106038063151,0.7698129318785534,-0.017524461443325586,1.3363933662775047,0.34432852273580317,1.1386268192280795,-1.9034469269256162,0.08956000747676371,1.4117243036042852,-1.2190936352746757,0.3045639322572593
2025-06-12 00:18:04,-1.8481676721936615,-1.6281848373731223,-0.5995757769861163,-1.0979554800557023,-2.3924454195029603,0.3799504362961046,0.22477760303217534,0.46931081340686925,0.09587714593036131,-0.24920894468054466,1.3212744030835553,-0.12127098751057389,0.26363956943256034,0.6800439524019855,-1.9494387687403185,-0.006872005974753776,-0.9848073332558128,-0.3009753611174348,-1.4574318993194564,-0.05321944565102485,-2.656452241185901,-0.7269648957600979,0.2517212832414102,1.2700203448498955,0.8205236381604405,-0.6064860208099475,-0.5378893813485872,0.774812418345193,0.5008670192852431,0.9041706786482198,0.3798245051747248,-1.6852426668365517,0.4261088736282291,-0.0010894519649797625,0.8214198588603584,-0.5488879133372047,0.0004166658045716751,0.555454299292774,0.4809617208796254,-1.137555747391791,0.1036190879537744,-0.6486488162979304,0.04489661739018043,-1.1830942164364115,-2.6881483604628484,0.12022208828192657,-0.601986338765768
2025-06-12 01:18:04,0.45796370721419216,0.5727045162938313,1.6308723785561228,0.3997265373236424,-1.0933019883505937,-2.821620234059882,1.3059598867034024,0.7428101776903866,0.842688948652063,0.02744600805545983,-1.6221506171056945,1.4091310476000174,0.13281746876648706,-0.5542628800363741,1.5323950459327453,-0.9421370037762854,0.3860660428554498,0.23506735578199983,0.1425585682113288,-0.3603090199000551,0.8859829650036333,0.3396817202907904,-0.38152653349364707,-1.105913031670848,-0.11134859417538247,0.12694451728378384,-0.6367235423361939,1.392127433932634,-1.0806173751076449,-1.5041755440788356,1.1457904475920615,0.04667970344772486,0.39075187537824485,0.34600902668715916,-0.9002516553546048,0.4226013164228021,1.1811262801180602,0.930496994131118,-2.2400004941788345,-1.639637235073721,1.66923415632681,-0.48786134338342674,-0.007018392390580755,2.4818078756766657,0.34315103078984033,-1.3108029082149368,0.22820532520454428
2025-06-12 02:18:04,-0.43516953635265737,0.20497138993875783,0.8608821366691541,0.5982529383212661,-0.12830592782657368,-1.3120434419194926,0.2882424272410258,0.4334425043613314,0.09257418750322825,-0.21131887317983428,-0.42096032503687664,0.16339940287680355,-0.7768695160122567,-0.35425666097561176,-0.6703855200531887,0.13705861516807752,-0.037941337279058934,-0.591792375558148,-2.3552928534802495,0.488274699408579,-0.09551473142786547,1.390101181557826,0.2873857593128196,0.041446791284748666,0.7597706451190883,0.11333009872939317,-0.4018624268560188,-0.5419586722564446,0.6355292825782554,-0.3323829717879392,-0.4860694196281932,-0.8666683412663978,-0.7082251489078852,0.589285706589189,-0.28629945345800445,-1.020084659525662,2.4219217837233673,0.06732038411615224,0.31506392754723744,-1.1446803947804687,1.3019137342882658,0.5697278600383199,-0.009259066656674926,1.5600370836792283,1.3700357367380127,-0.55250003165362,0.5807086616964191
2025-06-12 03:18:04,-0.3744961941043796,0.9365923875265141,1.4853580228254444,0.18000517343273792,0.37924890147591944,-0.7596391591541369,0.6657666052700351,-1.3372539919095983,-0.3649911665137253,0.0611069282751211,-1.1901740074476888,0.7076261075133339,1.4218778756425219,0.606127885138778,1.3624560889554056,1.221932084511557,0.5303383921492727,-0.09441729310678026,-0.3477932453534397,0.27539825847296917,-0.14174684233186396,-2.126571462055987,0.00476503772588166,-1.8637778422356224,-1.403232456358912,0.9929023312540637,1.2099241225390551,-0.218650675828401,-0.5840455334141809,0.09257776335803629,0.8163062181963808,-0.26461916396660085,-0.850631866501679,1.0813519415025712,-0.8893735795420938,-1.6366353185583795,0.03527048054440819,0.5358244448936371,-0.8800857446413943,-0.14692005386351112,0.6721775722585269,-0.3741167050457244,-0.6875449256320723,1.3686382245661064,-1.41279680417045,-0.1479020287923455,0.27362427020768615
2025-06-12 04:18:04,-0.3585445102237297,1.030822552081901,-0.04403742422020497,-1.5902510039665154,-2.3596033069322586,-0.9875803096256637,0.3851134039116201,0.028983119695845487,-0.023715152305617066,-0.9939604155060631,-0.3089956796703011,0.10674685486608286,-1.3102574038008348,1.1105024569941822,-0.39273694878351,0.2132976613273647,-0.40160820515684553,0.23309342375024697,-2.3795974882858832,-0.9511278868348926,0.9095707845257806,-0.3717829170992685,-2.752932025220015,0.38577070302039307,-0.28742113022639965,-2.0429301385795764,-0.21677368240499842,2.2787141414950827,0.11490753576716799,-0.3834423174829365,-0.7006941664295523,-0.6246493158253422,0.16366582182030914,-2.22219831174349,1.5293300669355958,-0.9624652512499069,-0.0511590294953442,0.24264327126882618,0.6533060408924777,-2.5885849172133217,1.2431008304940336,-0.7368104979553483,-1.8024822637285867,0.11738636517145826,-0.7633946534027086,-0.2640632492352334,-0.4856199917959642
2025-06-12 05:18:04,0.7449912346509721,1.035530307470666,-0.7966685023621867,0.9029248693177288,1.1216430903304306,0.5036810290107292,-0.25038134533854844,-0.8408646092554223,1.1659399260912462,1.8780092631572285,0.8452658573737056,0.033478904478556254,1.2221171817119736,0.8737769633390098,0.27604996365730616,0.1899288248453114,-1.458418087481811,-0.5018471614584499,0.524765794602702,0.10850483995766977,0.4235389587439736,-0.39473654177767475,-0.9387257242902409,-0.5824411830938259,-0.45712389947058035,-1.40308416504532,-1.2914586825654182,-2.614110629238787,-0.7031029747198584,0.9036322399786655,1.253258724068235,-2.602599404946993,0.30269017561504935,0.9081306536966828,-1.536421540585201,-0.46015080771814726,-0.14131445297259992,1.1728166982455257,2.0097540239216265,-2.1900515735258286,-0.20641696914840318,1.6589148091781851,0.25341773601734124,0.7588231613501576,1.053525778179861,-1.376454353611991,-1.0060347089752368
2025-06-12 06:18:04,0.11843939178112346,0.8353652396866832,0.891891929147562,0.44247679682903057,-0.6396634797313674,0.6885198960324598,-0.18087455306628683,-0.3123608267204498,-3.033811360347236,-0.7987495423845937,-0.440266364605401,0.5698180155966799,0.10281018722925557,1.4626948392557624,-0.229419532181512,0.9613107516382408,-0.4035544555143791,-1.73429427394162,1.2362862529542558,1.6572150382763247,1.4264663216161495,-0.4758445896811865,-0.9171957789375441,-0.11722101966939084,0.8392392551667172,0.3285448450851821,1.0526401541684998,-0.5103591750287885,0.4879426941372892,1.3685072454497038,0.9490109988256559,-0.3411817403243955,0.2901625860393455,-1.8146828145215295,0.6860156111971151,0.16565781177758893,-0.6663613616493477,1.120561461696275,-0.27693070913019674,-0.40741633922376164,-0.47551215273112757,-0.10794318108277656,0.11544853003862508,0.5883418421717314,0.5936227176924249,0.657366948492807,1.9504180103778972
2025-06-12 07:18:04,-0.38448420593612714,1.7254312087789485,2.1083308325595533,0.23723950773489652,-0.6613191768894813,0.6828953330585172,0.7005399549947048,-1.2351217257631475,-0.16607940009925246,0.09465869437448689,0.030776831467746978,-0.2834778708196455,-1.0655219384907886,-0.54095282871417,0.8146732864397138,-0.8434536828026128,-0.4756245019356089,-0.02171821800584406,1.5824793598834137,-1.0513506718156722,-2.253137982184252,-0.2829983049755316,0.22112584991356446,-1.1284856350106418,0.22936932644136585,-0.24300163626882157,0.11228597195610468,-0.42615329600435226,0.9312277095110242,0.6941129337124038,1.1104724213345818,-0.8288692295283031,0.9849377497155107,-1.6584911321370082,-0.8323443166483723,-1.1005092331555493,0.0835319279923995,0.5020861151987182,0.67781325156003,0.8889042902568797,1.6278415079389148,0.09949372244762955,0.13653164352531352,0.29555081444013404,1.8162286946796522,-0.04895421581842432,0.9939209884519031
2025-06-12 08:18:04,0.07507937882095587,0.4182230184639088,0.20256352816077944,-0.8376604626264892,0.09456404667049968,0.35689371434482053,1.6831558154423207,-0.0014515345202284998,-0.5203542277059687,1.230608291228938,0.13853553513966493,-1.1146898249782333,-0.1342007880210157,1.8153735235610107,-1.1536001133363434,0.8497247066801674,0.5829471984801211,-0.29319579884337066,-0.6819560940412186,-0.8330586082076958,-0.6241998613294645,-0.16911952700657587,0.3664156150051333,-0.7245791011214542,0.22340725667834785,0.5762044175859535,-0.39278068723487447,-0.864862472097768,0.7091030397537195,1.6234791939943236,0.08546487447220756,-0.9880871538167078,-2.589915270094977,-1.9370850799160984,1.5794146050064723,-0.38740117698741194,1.1716661149068421,-0.8553984100059062,-1.2505779476451107,1.4298786055972081,-1.4272260335235154,-1.3367848906203668,-0.8972685285914339,0.4563473724071792,-2.6235930323383827,1.0582294473299645,1.1385725845476378
2025-06-12 09:18:04,-0.9745470414174302,1.5575225064924871,-1.7956766622711968,-0.6398519214416484,-1.2558306100104992,0.24524325630049615,-0.6407552691675179,-0.3970837579918746,0.06997030471303924,0.7259461750754523,-0.27912133512582876,-0.31136718637950134,-0.9663272601284689,0.5622429555588612,1.5742111423914877,-2.2437268855332504,0.7822702399918176,0.4328704530840088,1.727166801766478,1.2800105752627848,0.5743935708214722,-0.44462058446633806,-0.7036336115318339,-0.011485476348462536,0.41110096178432426,0.14666424577771747,0.07716207699794464,-1.3068141303054608,2.0997915557184403,0.6823206399681304,-0.3802791668389668,1.7866667752938672,0.8715359592475065,-0.10474263255449498,0.18068344944327674,1.390328259460245,0.5500977842750648,-0.9296120479221668,-0.4417986164879402,-1.14066807107279,0.2446165690087542,2.9301968108382406,-0.6864987979674159,0.29273064406735444,0.9988486213036633,0.3580898319181089,1.2615928311170554
2025-06-12 10:18:04,0.386378355778906,0.8632643663470785,-0.38818333643681713,-1.0528074278077688,-0.48420866240808624,1.5251440552633266,-0.5545236998461488,0.07149877348569986,-0.07930304733638682,-0.6519844138880986,-0.6510200045574622,0.9463718130338118,-0.2640472638325035,0.5381288181860024,1.8801539661960285,0.9380763251952617,0.20655661542646167,0.43288143877863017,-1.0449645750434726,-0.42488256837307864,-0.5938678790048338,0.2948673889134378,-0.7375380932201391,-0.6256653580695444,-0.8179245778596766,0.014612968933347908,-1.0247507353048453,0.3725342567619093,0.3951733826382186,-0.752137604348787,-0.01986854185743038,1.016274469061967,-0.45707333087266216,0.9206306515544864,0.8915742816383764,0.5478636350692334,-1.232065265274686,-1.0382493035158955,1.3994800876270015,0.5628277304297283,-0.6770239812472815,0.2928414969606534,-0.6705163025903899,0.4168781099898943,-0.009494352684019608,0.47411425309450916,0.022539290542819997
2025-06-12 11:18:04,-0.43314055548758046,0.2709110718876945,1.3033234752875327,0.8676610174783564,-1.858210826382178,-0.6322771764807188,-1.1092033405190382,1.6178271197596732,0.6706110659677903,-0.8224684055041276,-0.8534152888253381,1.2030024283319092,0.15064295110978965,1.0768885923722096,-0.43553717653562457,0.21437091035240047,0.5009937434892162,-0.825223416462427,-0.3730706245591448,-0.3452095846820117,0.3968305634631347,-0.1289684334178675,-1.6100215215338176,0.65159371713203,1.253142255773843,0.09865447990665646,0.4119954670520677,0.3088543303868335,-0.5965795521121012,0.3541610838374632,0.9260313821055882,1.4456177845390714,0.7135522827289947,0.3030118764872892,0.357969898441149,1.0530946364462288,-0.046428891412886274,0.14904192489002058,1.042605959000015,-0.6175992801743716,0.4452350166742465,-0.8674331349657818,-1.002205456159372,1.682770723863073,-0.7183750336325425,0.01533961379474414,-0.7764444347335375
2025-06-12 12:18:04,1.576928940323782,0.3274651762879131,-0.9013690374842112,0.21525605432348682,0.6110846512748119,-0.4874087815979995,-1.364073881370389,-0.03642721693055724,0.9467419739404215,1.2791859269162518,-0.5942067229667228,0.22161288665958273,-0.4346001948505682,0.934888173369082,-1.3067035991527376,-0.5941258032812177,0.3940050053252829,-1.322040355765118,0.3296151268229201,0.16459305624897438,-1.0127424161477696,-0.6889994943224066,-0.5302329460498043,-0.5574086377844627,-1.3963740611640383,0.08464499963225976,-1.2403005113789125,-0.0008530313541891726,0.11997681438863494,0.9695516533021197,0.45986867223172767,-2.884867417729395,-1.873316358171804,-0.09194103688749654,0.17541006916154978,-0.9317232744097561,0.8648401311170674,-0.8800333246945535,-1.6693843751288007,-0.5600902167007278,-1.374018605638841,0.638681235352745,-0.8650300815228774,-0.1580219411691976,0.6320420441807012,-0.9687567678841187,-0.20626531175567142
2025-06-12 13:18:04,1.3628763201608762,1.606868250671803,1.38965591959261,-1.5000749650611485,-0.6769546139801726,-0.11044964863996365,1.3982774695881819,0.502644100693683,0.13117873958622772,-1.1163453475855556,0.5306174301456682,-0.1656742165998156,-0.5232172584345658,0.7416285433487523,-1.092036190466177,0.46962849319676814,0.06990873517066089,-0.4767966475987734,-1.591690507824955,1.2792877179999878,0.4165673676958226,-0.8869208399430143,-0.2743727733719281,1.047747955745889,0.31034007994695834,-2.3140718528480084,0.21920706805711743,-0.5894834367357541,0.37618520790202925,-0.431574330776157,-1.1149554652274298,0.21092744168936461,0.6165373658571068,-0.6021885894230519,1.379426652138731,-1.316336992457824,0.8290383197768797,0.5095006610291483,0.931599858795027,0.48847690138376504,-0.4518890455387894,0.0731098662998597,0.025722688069649696,-0.6446742659750709,1.1633911414859157,-0.13473786083089792,-2.9268464205919256
2025-06-12 14:18:04,-0.23958221764926643,-0.16073168382765468,0.10604064665301667,0.04547913912328051,-1.486053136616716,0.2085295382999675,-1.154774149355168,-0.5690793526377702,1.747931718789067,-0.5890207215252483,0.3741425688346714,-0.5994110893078196,0.5083259767657866,-0.3762687616401669,0.021104175224094794,1.2674838525092837,-0.315847930954852,-0.20341263959788056,0.6656780451931581,0.5964596130317739,1.1639852726073237,-0.43898699611416975,-0.3919518235078746,0.2392955283041023,0.28494338053663104,-1.2573956464550713,-0.36912569334528056,-1.2437048020090697,-1.3291074558275275,-1.1411837353469394,-1.2365384811090663,-0.022124070317806208,0.11517102538661873,-0.15783986380079879,0.8446957786493089,0.04687287731425582,2.4328562510251115,-1.5496881516004692,-0.10577809953566523,0.36702434890236996,0.5379983768146288,-0.6932576978532802,-0.32941466072267156,-0.31671897024726414,2.0447620821003887,0.001405816260429057,-0.92747699068839
2025-06-12 15:18:04,0.019699343793793296,-0.7227652500015451,0.31504219829723906,-0.26700675538246627,-0.3277648818361323,-1.4893504308534082,0.6967761037445327,1.0297495756715513,-0.4818442643207017,0.32121074739696964,0.5603378140451881,-1.3297104854762247,0.14351355939515542,0.6307068690073762,0.002901704316070385,0.31948199577058983,-2.912099503791692,-0.431658862141968,1.0876136069912437,2.6645017284756967,-0.7496976759805989,-0.9771498456155718,-2.3063816539905395,0.1396859391199576,0.5473945744220811,1.3757025326292251,1.3385917309073554,1.2833033040055541,0.8025643492585042,-0.9515237110412321,-1.1412519636501597,1.0925717896754514,-2.508826000621632,0.8794064357915038,0.9638911048628809,0.80949776833599,-2.6823342213588113,-0.3234252780966311,-0.8845149823702926,3.0497614584892014,2.062597196029482,-1.2376567816159487,0.7581636796353305,0.7966148584885955,-1.3834985953663332,-0.8996619272261042,-0.09238599231630057
2025-06-12 16:18:04,-0.8833091642019776,-1.7823435864174244,-0.9297534274715217,0.8300811097062345,-1.0210215127071935,0.6385898878947727,-0.5415302357622711,0.9000707811366329,-1.829867997149737,0.6775213741951814,-0.7956457950855543,-0.5871773487223789,0.8215387366955093,0.775606133428236,-0.18936906522849303,-1.0550868988901332,1.2829227997846853,-1.5149512521373725,-0.5170433418328222,1.7691579025805646,2.02635879011894,0.31284466681888917,0.7063599393405616,0.32393832301049597,1.5232716676415414,-1.4404510634374887,-0.24442839598989516,0.18684171079445125,0.596886147959983,-1.2160136519655684,0.22374787217038758,-1.6834978245235173,-1.8273587973682461,-0.3255712342650229,-1.4682506368550154,-0.80749668161348,1.9623475921242917,-1.3721842337776073,-1.249497713809419,1.0182189803310082,1.187598152666887,-0.7028925119612504,-0.24468038512315124,-1.8749200734003555,0.25695597364083445,0.48952405656701825,-0.2616159557667447
2025-06-12 17:18:04,0.4536723958290715,-0.5694245136225612,0.5622601493005891,-2.4986849832499347,1.431705983616029,-1.5156643891329695,0.40280028553680086,0.5504199586550945,1.4427864790706129,0.3030085772261032,-0.12861286433570118,0.38186986959108604,-1.066815657993856,2.6922961517619908,-0.5002053941523213,1.054141731494364,0.974412899356856,-1.33262203664762,1.4559565901750169,0.7113613884096752,0.5131489507359701,0.0227652484122353,-1.485175429088854,-0.775663522679392,0.9090693889791209,0.05066687279090332,0.08386422588352162,0.40759448254469965,1.146894690326301,-0.40999676132412805,-0.2141805894493342,0.3240688365068389,0.9885048307057853,-1.8529557064691686,-1.4367391633598598,0.40218466689015564,0.625274647116963,-0.4033444228495529,0.09101260836820164,0.7543954510881115,-1.1699335146362018,-0.332114627247035,-0.6741617844560602,1.2220662436676024,0.3188178209767575,-1.1571888460193012,-1.6685423205638503
2025-06-12 18:18:04,-1.1027282708343413,0.3507351260457671,0.6728737735520164,-0.19966503709617814,0.2794214325772726,-2.1244376092344153,1.0158587920236641,-0.28907789038874177,2.5331679313871676,-0.0003564197301607652,0.6696599937810805,0.7882687569745607,-0.8822688677707055,-0.22759887821606317,-1.1924130281152812,-0.11711054324665753,0.3218795498974748,1.412583906604748,-0.12544067362672473,0.7790192245041913,-0.8882925301356972,0.2841426722710045,1.0561204723473272,-1.4969643146533291,2.5931232651656924,-0.3117306683676161,-1.2680008086280758,-1.441958761881301,0.9556136025440658,-0.6572513940199446,1.592250468758207,-0.3459038050650438,1.9606892912349674,0.06476542627627334,0.2889630431308155,0.7111058485643829,0.8589047156501881,-0.16367953315134176,-0.671984202195547,-0.7461374922009343,0.13955218705005973,-0.40047010409152967,0.8277312620126814,0.4325353764598628,1.8372618574916542,0.45164249171685716,0.2403737471167307
2025-06-12 19:18:04,-0.2811937746370063,0.7305655725022476,-1.5259058934649259,-0.1124565444266567,-0.561010993772345,-0.0654089073646221,-0.5534877893438992,0.7253851519970415,0.4212331719582376,1.340734171286785,-1.0570020811703906,0.5013781955281803,0.4797052334973959,-0.40077468167694225,1.182297067815713,-0.6735893395869759,-0.9715741449999414,-1.0333140626295063,0.9825532490682324,0.9663501773982516,-0.15571425653615653,-2.4010348031742046,-1.735236572469605,-1.6268751164228645,-1.2496521093533246,-1.5857401906397848,0.36789624351890754,-0.12670782475158107,-0.5151460339602645,-0.32745965375405334,-0.7705262811586332,0.041603642532141154,-0.044464431659119306,-0.9922415692884243,-0.537547460637142,-0.19336315938032675,-0.616814539445896,-0.3632158400259976,-0.8616611365631281,-0.6183560745193037,0.8001242766599728,0.1616919647498729,-1.8027159546417386,0.4250568513292459,0.8225359614002689,1.9999958342975492,-0.1731618813800582
2025-06-12 20:18:04,-0.35862051205712864,0.123258919295857,-1.0933859534058763,-0.03207441485513326,0.14538379554084288,-0.5666595851075653,0.5882476318913094,-1.0190686140667966,0.5716640113706631,-0.15177446588602578,-0.44042057285363306,-0.23029471189619263,0.7029849232688212,0.38631864831389123,-0.6715114797181923,-0.3787877543136007,0.9637543655103701,0.5010053783946111,-0.29660715273799493,-0.028471591299639634,0.1893019301503,0.5159469781969458,0.67560308215419,-1.2864931392539214,-0.4546021887031027,0.8151629412852347,-0.2051932859179127,0.24561642010501275,1.5442967554857148,1.7356423724561547,0.9797653422052568,-0.25226736635012253,0.9100990534202964,2.414738807931918,1.0564592044181087,-1.3236307153927358,-0.3515187988354527,1.1899298666943194,-0.1489005837294983,0.4096223511594009,-0.033834638271683745,-1.5457892020311217,-0.33325744933626833,-0.15846516493410195,-0.33410391742977447,0.02672080558473875,0.534326136563793
2025-06-12 21:18:04,0.346512248144101,0.1630735118207683,0.7721355317587851,0.9456039626264507,-0.8643101132872151,0.21172052812673847,-0.5028374779721483,-0.7726718528807327,0.21677095412372435,1.9265109067284263,0.4679876754391362,0.10286475617021851,2.0367370784128185,-1.5231012370130363,0.8176335843257331,1.5543458066979448,-1.7379043277477597,-0.2773266233220396,-1.1316819421411137,-0.40003396795110685,0.19463846897303916,-0.3139739646195401,0.3081592627616735,-1.2472913877331544,-1.2039567318855058,-1.3111291361260167,-2.789419056205053,-0.22175249568207273,0.559893946256122,0.5443256131531227,0.4547105490391748,0.8980394765042246,-0.32491886918950585,-0.061517560195328454,0.07892354273259848,-0.2945662052553345,0.5318514438494037,-0.1716087559901178,-0.29845891321219153,1.5979479167298896,-0.5182096966885464,-0.833456260690455,2.2699416732180726,-0.9093120942424395,-0.11495425418814555,-1.2352621160946984,0.21556937743943178
2025-06-12 22:18:04,1.1483284504685498,-0.3619122715773227,0.8986795317733787,-0.9728140777474182,1.0864998387340468,0.5778511621401229,0.6373470410190855,0.345315192532817,-0.8329662926274652,2.0731940769706734,-1.3081489281691763,0.2974563440520909,0.6787212616680546,-0.6221747839829141,0.39703171811011223,-0.461722718084893,0.38628463296735943,1.721229768945723,0.7839375574553403,1.0985545554722784,0.7447421511838558,1.8233327434521611,-0.25998757991417293,-0.14749683839028396,0.5355445614825424,-0.7930265861611949,0.517598116576739,-0.7192475042863508,0.15351480447202784,-0.5849668630969714,-0.5083617907904688,0.9079949524567346,-0.6343739989558238,-0.2789878727181827,2.146868171179713,0.8568074513519034,1.3079361675136874,-0.764895291931465,0.32503766121677186,0.13800078518609776,1.1147489672558832,0.03940666496396161,-0.06337900150924075,0.22720062612319275,-1.1407673361722317,2.9061366115934084,-0.48139398007658657
2025-06-12 23:18:04,-0.2419538777983202,0.3258538945818766,0.5410151894869215,-0.0018287754174924706,-0.5879514468578114,-1.6348476941561316,2.1035263202630765,-0.5048693972967309,-0.4661608763055861,1.574342327781253,-0.30935522597784665,-0.20272656585429924,-0.48790524490423165,0.1419235642380481,-0.6137826210179443,-1.05634798115221,-0.5321360906253069,1.3748319019671993,-0.384067070641216,-1.4521431512187704,-0.5039043853436669,0.6559636819228489,-1.3266886297416032,-0.13956191949888982,0.26451482260460385,-0.9803471758901118,-0.5804811674993106,0.2776934722436224,1.7425614391745563,-0.8303997872545477,0.09225066468835613,0.027789415620646442,0.9706790794367305,-0.32867073067628255,2.115960802120728,-0.27138575472978793,0.17757534900365254,-0.03747990923425376,0.4078397389699002,-0.49909771463486047,-0.7752476286468217,0.11089672746806752,-0.3714012958798151,-0.5969598919967939,-0.9523668394585767,1.6437643969405722,-0.014571590483917337
2025-06-13 00:18:04,1.0682290993293324,1.2614258961673042,-0.5454363756704552,0.7967100898388974,-0.781207193864909,1.0384346357214616,-0.179586594602105,-0.2337179186149427,-0.8999284045729682,-0.4913758028910209,1.6971332234721008,-1.9860746954359452,-1.553548738086633,-0.2730730001535567,-0.056921201551454796,1.1646453301543487,0.535346383293601,0.21281232590589114,0.9866197745983264,1.7562992247785183,-0.0462585680237241,0.2036272388315519,-0.5774534846957223,0.4620587563352011,-0.12116724501503172,-0.47850759928072395,0.2490079332041512,-1.3232831859146579,1.8544588483196602,-0.8424788530950063,-0.41043575574491964,1.0216800455429684,2.073881895788406,1.1645790015582664,-0.6143962156524678,0.18612972416176626,-0.18259942034073356,-0.24924056016812884,0.6081870072977387,-1.617853202503321,-0.900290130410034,-0.18947752903246934,-0.7620757718572321,1.1710849789616418,-1.5589421927872595,0.17362358126872504,1.0222169742450844
2025-06-13 01:18:04,1.0950788535799922,-0.6504103161956173,0.9574701758941374,0.06272462967458343,-0.7732813743720125,0.22292861969740346,-1.0779459441796388,-1.5364858183818846,-0.3545741646075687,-0.44616227384713514,-0.3319056442800172,-0.806163580909214,0.15086460520726638,1.5922709112717544,0.5283898963982825,-1.0576568382073712,0.8841110832412634,-0.8500259001695121,0.7829371292369814,-0.14879135778764677,0.31811719479521866,0.4435953074174018,-0.26690159215500076,1.307671860799888,1.0445298033310053,-0.712057179027281,0.5095953046461836,0.4623720097158503,-0.3004868464450069,1.453074557718446,1.095459820972242,-0.7807933427724076,-1.1934345991769721,-0.9594644407439621,1.1316231204842446,0.4749313648071374,-0.12977533896375681,0.5808349424870736,-0.5743159965808662,-2.781302220575068,-1.5777144629706041,1.3102934884031439,0.5242990869897868,1.4106493336596915,1.1311211494068685,-1.3102934123724597,0.8892561674633479
2025-06-13 02:18:04,0.159248386160943,0.03260388245610464,0.5119814267528353,-0.7366443031009966,-1.397546434636513,0.9393434517483163,-0.29408578177235634,1.6752626370362205,-0.9159953980232326,0.23901875893423483,0.6227238426245278,-0.2654180224184186,1.8004928011221315,-0.4942649872678125,-0.6144633568235001,0.43463589976164396,0.5992097052825285,-0.18914775252347224,1.1391550109126152,-1.0260550582146968,0.025536433097862715,-0.07103081723933596,-0.7304167371607144,-1.7581917013366746,1.6359689202015821,-0.6345460581017235,-1.6925499079110653,0.06489985847707708,-0.586283008169562,-0.3329600142781445,0.37937801392591486,-0.08869926664865962,-1.5163093184286363,1.190787524312115,1.4084424710197376,-0.6017953533409823,0.9922305105417288,0.4768160125294547,-0.6911492354643527,-0.13176801770789162,-0.3866420414335448,0.5649478717212787,-0.06797114249215509,0.0053037734943303565,-1.0195526968285729,0.0738754985257194,0.3147471062465911
2025-06-13 03:18:04,-0.5542070014848389,0.32267751115177373,-1.1690167319422955,-0.36679634910028086,1.2964629945558073,-0.5340020756832381,-0.27889530631776255,-0.3861781725357925,-1.409878322252096,1.3226493939900312,-0.5251330368367744,-0.34172921341862966,-0.4343242790114253,-0.7554799530177844,-2.1714975402760537,0.900164705220408,-0.26077441453818645,1.572963637958338,0.22172052047001314,0.547287227019329,-1.3408720938836358,-0.04858144007146899,0.4571778630126869,2.1137254495416955,-0.8509074020080986,-1.9294885555867023,-0.2945123816596024,0.10275284618104874,0.7210098089943737,-1.187994762302679,-0.5567384789572921,-0.04828498372026186,0.16449317145763295,-0.4800592133074649,0.4817321564575284,-1.5231927485373002,-0.7890737964550699,1.1576256652148191,-0.5829415033879578,-0.8754311410938614,0.09290529336065721,-0.27835328277811794,-0.45589090855825104,-1.207119993601283,-1.3053325511544343,1.5618264096549457,-0.04871923954693165
2025-06-13 04:18:04,-1.1734364872627343,-1.4301060223011244,-1.3616448911292043,-0.3383113197842958,-1.1013890956167174,-0.1574429358009049,0.8649486861414609,-1.9122305209183423,-0.9405346452618442,-0.4428596033054358,-0.19344405651001623,-0.03406629930804538,-0.7329817722991826,0.1942366407535473,1.5730615150438727,-0.2286298082660893,-0.0069126321296546405,-0.7924449623338402,0.5580793822336406,-0.37825884451614106,2.2447357359919686,0.6771856638727572,0.08734768505359744,0.7987407215570621,-0.04537379796258071,2.0615880462961016,-1.0087178350422743,-1.3621192602720638,-0.946549394071665,-0.22333733963505,-1.2012993820879143,-0.7189808410373925,-0.8600716930373016,-1.7602058960242146,-0.3022978974305899,1.447151237626035,0.22447238575808942,-0.19846929452920786,-1.3445133526307398,-0.5931012562189593,0.9001584975456501,0.13766900912916138,-0.5390995742010775,0.4976490279419729,-0.7115508304992435,0.012414040422680645,0.1667528870655295
2025-06-13 05:18:04,-0.49229258957954114,0.20141630499293303,1.3544569290280408,-0.32988892066616576,-0.13096462533032133,-0.9199149874517735,1.3435100617489282,0.46908868500649403,1.3246716732182224,-0.177370095384223,0.37197487970693704,-0.0021970975440720824,0.5970932597387059,0.47679144481080227,-0.39704392150804885,-0.6971828020124194,-1.8064931120460468,-0.22234523864760172,1.6564142076197168,0.7682822923029693,-0.10182154469268584,2.9723599037430453,-0.7761624403174449,-0.4173078600676,0.5142886643941992,0.11653016612675071,0.3970538242038796,1.4044736434801786,-0.802091294586638,-1.4773689348212904,0.2350370677500982,-0.48387794458069083,0.032370685730563106,0.6172977995063504,0.7791693307342022,-0.9393891549219837,-1.664576058063043,-0.12469890737348237,-0.26016676073807715,-0.02068896694093429,0.5157697094336412,-0.19221240956350183,0.9205841748368507,0.351541803909766,-0.45500625814840834,-1.7661342177702108,-0.853607487801797
2025-06-13 06:18:04,2.0833193881495276,0.7012016574792215,1.1876638765007725,1.654647931974465,-0.5734965983036419,-0.0931927599578573,0.671391597021258,-0.4493365808744647,-0.46216810095195804,1.215358904052694,-2.5450503055704305,-0.7587872947504036,0.5316180510521116,-0.3792734673626659,-0.14492019610736442,0.755041872589516,0.31172364933477115,0.13122043902899047,-0.3593460237837331,-1.357614993272862,-0.5388531729261196,0.03670483384920438,0.2565940155595227,2.492167558238337,-0.6914715691607805,-2.5670881127457763,0.6800597230146306,-1.4676908541971931,1.596672430888673,-1.8883936523638918,-0.9626736538219781,1.4934090879837625,-1.196369701534306,0.6319213528845785,-0.9238173141301794,2.2653488085716047,1.4922016830163578,-1.6518997012132945,-0.070211982319914,-2.41778922179704,0.10425269543303207,-0.31636624022887644,1.620607284529558,-0.8425978146216024,-0.6876380903338118,0.27691098368039907,-0.8913599280532345
2025-06-13 07:18:04,1.175709015009757,0.597705817037194,-1.0416109215539877,-0.9952736891363073,-0.6282989751361188,1.0605131390033438,0.6818585324395645,-1.2198430871204895,1.3045822801416946,0.4301714195751059,1.2120539350851,0.6068606909746264,-0.9473075475635424,-2.1847960431000626,0.2932356214571075,-0.19382243840338173,-0.003335552209194827,-0.3778544263572809,0.547549761908618,0.19469298302787158,0.6049047390110986,-0.5417325732616831,0.3471177361673475,-0.6413937540281441,0.3596498166959466,0.1409104422443659,-0.8447983386157177,0.12462457329519967,-0.9714753807242643,-0.982762293935184,1.7121330159446075,-0.5311615443486174,-0.6520953176287407,-0.9026260716039909,0.2908224447442881,-0.529094095408904,0.9500697632989562,-0.3016024610539833,0.06001730332906838,0.751154266462774,0.3619979622062751,1.8243724795533762,0.48187145600890197,-0.5445358954585996,-0.11332569358132406,0.47475489044155117,-0.864270997277855
2025-06-13 08:18:04,-0.23027088607214655,0.41097904959683335,1.0809899919673227,-0.9743907200783185,-1.3850380036300922,-0.5060543201891411,0.7223620051711147,0.5726196983587946,0.12524074519651038,0.049675126813708455,-0.2711435520066155,1.3459358517977769,-0.39901171122533463,-0.263744916656261,1.177704551126407,1.0931494903852568,-0.25248417502318465,0.4449504007587236,0.17382188892429729,1.356199588662602,0.3558709961145851,-1.528916448574889,-0.5166006954945723,0.5156766740598164,1.598408000994979,-0.02899946993112685,0.811785864487682,-0.1792724510547267,0.2656600803373193,1.2953844124210603,0.012233839453841034,-0.948822876050535,-0.3194827947570443,-1.6253184325607655,-0.34176870010811017,-1.4704888101392877,-0.02409436429591493,-0.7089545504577592,0.5672928088647385,1.0354547227659283,0.23125415281306763,0.5719031101615718,-0.9316029671805222,-0.877393757085666,-0.42785993996040717,-0.3132960103325884,0.3029669444483397
2025-06-13 09:18:04,0.5921438353748696,1.6783431153171358,0.49452507225316367,-0.9665823458634465,-0.9287049231661817,0.5501633778442917,0.9706247982682698,0.7846863718851148,-0.5724149986234148,0.15174428596635461,0.17160718917954312,-2.0289398118438875,0.8892854699864666,0.5224788680555228,-0.6231292798063128,1.6065814019894775,0.2704806365767372,0.9060797778837655,1.4112009379434205,0.6378328225711335,1.0073577376843807,-0.14402720645080835,-1.0651680576500846,-0.46072871713021046,1.0074490037400148,0.40546512522102285,-0.12277761166006329,0.8735111243778871,0.07934875931553194,-1.1438448280441447,0.25679325455892676,0.3364634444071738,-0.7987632982115965,0.7648706036065831,0.5580433272701754,-1.1534092482257243,0.906560488827479,0.6753810878193021,-0.5259218575436235,0.2916793771308066,0.02847244654675427,0.8074579446340424,1.1951119014649094,-0.5899240746087028,0.2104711893354086,1.9665170998512729,2.145228842303296
2025-06-13 10:18:04,-0.8862827030896702,-0.36728414617695426,-0.5205622345882429,-0.35804630767145124,-0.20138190715105247,0.8965789471189494,-0.3937048948450125,0.981177918299934,1.2981492077522838,-0.7821152555776826,0.5511186132297776,-1.392270150488209,-0.5588780630656801,-1.5661986898308418,0.5022336309389562,0.625025529773487,1.1955219853028198,1.3977758022631372,-1.2706652782955354,0.527273992321198,1.3009367086833468,-0.10980429291454397,-3.7576128999262983,0.2532199757206586,-0.6622311650732339,-0.5560109811516449,-1.3613015862196518,1.7919979674416557,1.7837445271031653,-1.7776399006120194,-0.295134589894371,-0.6855239766335245,0.7303568872660965,-0.8215835822247117,-0.7981918234993653,0.49988464633850865,0.43144180203134364,1.4294112663264131,-0.2392695901993732,1.4505157355496292,-1.0036054281878632,-0.23524291990430385,2.209766471970133,0.5704016115312666,0.5549122851454007,0.4787626058863119,1.1696332018578568
2025-06-13 11:18:04,0.2590634513028282,1.8001676605367543,1.6581010078728968,0.04207843232813907,-0.47835981827908547,1.6914780282970978,-0.8810834150938739,-0.4097338032913965,0.06157135385739684,0.9992705246164055,0.7460787259829202,-0.5692650461554769,-0.5578906015564196,-0.030487922693653902,-0.9269236507438348,0.44163027303248115,0.048012274690788115,-0.7240766460771106,-0.6407213672770139,-0.1638903489325802,0.689898411905251,-0.40517530331748913,0.32189320529898413,0.4586740935287938,1.1953463179124715,-1.322736551217268,0.5672082755994581,0.28930599527062745,-0.020560408449356006,-0.7129015580676615,0.18372992179362918,-0.8343493047220467,0.9161840237817203,0.2433856720646229,0.5290757418144691,2.004785218190074,1.7570177548900159,0.2633168142752573,-0.38464695786839065,0.3124475146000484,0.22260019498050762,-3.293113727631992,0.6866766740707602,1.304336767213493,-0.5797575473856693,2.2316209387106585,-0.4178170368958113
2025-06-13 12:18:04,-0.06273519212223397,0.4968333646235532,0.6635122067864476,0.5530582727629638,0.5206988144003437,-1.7272809241355007,-1.1070353892339715,-2.1822759013763737,0.4301399827102351,0.6431717279563096,0.1639035575482671,2.514011046940388,0.45521398634795984,-1.1126194410300414,1.4952048416622397,-0.1732069233782454,-0.13311743848661484,-1.4735542511498059,-1.1718032982843827,-0.34936616986212277,1.0022387226450515,0.7198329192163687,-1.1819908437709035,-2.001903013405637,0.2652985403417368,1.7573068439410269,0.5696868723257718,0.5335534414207114,-0.7622066206423272,1.8479413720733913,-0.8858985837788186,-0.08764198222343562,2.01103122028112,0.7038023903385909,-0.24164731841877807,-2.4828541940292994,0.019848452656392675,-0.28001746616444373,1.5127256704674572,0.9840692936853584,0.4200393908867711,1.331006960817855,0.5108650028637601,0.8033870611902802,0.10164020300380391,1.20256391228225,-1.1674900442597407
2025-06-13 13:18:04,-1.3011273639689898,0.5788046555701502,1.4525339216199873,1.5321004080520737,-0.7195619794826669,-0.284184841362092,0.5316662382701973,1.233094778038747,-0.2165002391909602,0.1302929805964433,0.3755500445223557,2.2882925770512745,1.3507877441234357,1.907402980585252,0.5515228050537375,-0.9269610978879932,-0.8117158050902927,0.0375362479294221,-0.42404845047785295,0.48094445365824695,-0.2262548107087506,-0.15800919815067782,-0.5914615542738031,-0.5114376685277168,-1.4987894565748734,-0.9324714942004276,-0.10616887181292732,0.11740598465567573,0.2622989137135827,1.0966011774388316,-0.22714322178505916,-1.3540923789311976,1.6267876906393712,1.3856986757972427,2.1199420216910045,2.7548560668576414,-1.701593288113928,-0.04146673685415345,-0.029381909729428928,1.612328881650376,1.180395568126663,0.29565923052519466,0.015188692170904386,-0.279328036697918,-0.6318877161935879,-0.10619056072760655,-0.7208279958067003
2025-06-13 14:18:04,-1.052375248349635,0.8554234038252757,1.370082126798319,-0.22944720163326848,0.8867033541976267,-0.24537617786701058,1.1627773565571147,-0.16381949528225426,-1.2901808379445243,0.40178146784561236,-0.6048980491768081,-0.7752191138859815,0.5131197408566965,0.08139857111608231,-0.026427172786412836,-0.14400633901583476,-1.4303403012687823,0.2503044466884421,-0.4660171154800093,0.029587553558202084,1.568997817988108,1.4294548895283479,-0.7200439820086819,2.0341605595108203,-1.0709970199528358,0.2241679031389756,1.017906079365226,-1.588227560609924,-1.8719618121597954,0.42186107590446675,-0.2946350749841702,-0.9221443700906944,0.3297219272396533,-0.014432038238450967,-1.1418899963167588,-0.5521253684271095,-0.07030575259310701,0.20988027751103877,-0.15093157135391155,-0.33001899137100404,1.5609647299089822,1.100114680623218,-0.0031612110626048663,-0.8809586024204779,-0.8422389589294098,0.15760400672053085,-0.30765169640355944
2025-06-13 15:18:04,-0.4753106018436069,1.688446354708518,0.920258322389547,-0.21889773443809568,-0.6823717864871254,0.49437563853410904,-0.7543759534182864,-0.10649128838913198,0.9290905061469241,0.4845907490147291,-0.7916914640451022,0.5640350274733742,0.40371647368280683,1.707722507082092,-0.16184021512095173,0.039512347234027946,-0.06881341609391352,-0.278321533561668,-0.19303857172060446,0.14993839757929375,-1.5339925363313127,0.6455944168127221,0.46796621329381494,1.7463911281725963,0.9606936481071457,-1.0969030684180425,0.756427612644954,-0.3948616842144156,-0.7331029901755379,-0.38996472010549943,-1.001544220844996,-0.3984974544264591,0.5828421852345038,-0.030089654324002922,-1.6411298049638923,0.18045325239731436,2.2631582905911314,0.5546681961365277,-0.25801629353355987,0.8207512610126688,-0.4483530830677578,-0.6114870381413154,0.22739285376710977,0.4000784057796429,2.019493011789747,-1.1279406676207842,1.880409828620887
2025-06-13 16:18:04,-0.7489643789043476,-1.3865775118761585,-1.0942639686390034,0.5748291939777541,0.39256447185987164,0.051468055960129315,0.0806399397080026,-1.569279039808157,0.5702285595790114,0.8091084569486658,0.859020837413884,0.45788211848522387,0.6274077654589977,-0.5879302695570143,1.5977237025131446,0.39906462225238803,-2.4968407221399254,1.0742719439213253,-0.3846284631907641,-0.5183491445592215,-0.7077299795906266,-0.30111009812815037,-1.1624815192432976,-0.11161908274371711,-0.061759133280216906,-0.4717810799137827,0.24721513505956194,-0.7552586185130561,-1.9433496424786552,0.08515181782566981,-0.17853017812275665,1.2061211369653029,-2.109486098213818,0.9645831237217778,0.1482100913382707,-0.06030451388770008,1.0256180082981594,-2.260829398140004,0.7157416903083818,0.7225390648760531,0.23372296839610093,-1.3105538752938222,2.054892373102398,-1.3315310777321068,-0.8530031249679091,-2.975233017759469,-0.3808460336958698
2025-06-13 17:18:04,-0.03602538433963405,0.8329004108030402,2.1625676247408037,1.043813564223803,-0.1550707840771877,1.130257535627016,0.15776000923945643,1.8651480490335315,-1.3414548093859358,0.35327233429433313,0.7337808990410302,0.7856336547486764,0.5420546795929142,0.5732600613257508,-0.7328938912946718,1.0012181108314717,-0.41582041953628057,0.662145492888993,-0.1530879922398922,-0.15259188372147633,-1.6984373737699021,-0.10589024569541003,0.03391741621635387,-0.6285672298695362,1.4083191025661477,1.0638280541922691,0.02032527601309718,-0.34740020314098874,-2.4181389853680058,-0.298189134261237,0.8403985279715467,0.9865062538651906,-0.9484461832480172,-0.16682266508779345,0.8584573550120986,0.8485656671543518,-2.1460600224653392,-0.26395558268469316,-0.7715249374739397,-0.6628758368980932,-1.141444659182482,0.6393804641762928,-2.3737392141032374,-0.05359436867211166,1.2757574456846543,-1.601423328471646,-1.0291633305249466
2025-06-13 18:18:04,0.06456258236562616,0.5012157310076225,0.447479512008538,-0.5890286076339812,0.09019529445889538,0.8961684286199476,-0.6055567083880975,0.947665098487533,-1.55713298165011,0.422240948458215,0.17874940963709768,-0.34599711781253056,0.20891425125194665,-0.01787609834542125,0.5367040233246019,-1.4124782802136648,0.7033476871006822,0.9232716960609779,-2.055492446979945,0.36823165326777724,-1.8408235428525819,-0.29768172014258876,0.24085789521803397,1.0761590019800524,-0.5099395234664446,-0.032874634903814794,1.516302850587365,-0.32908569865403264,1.3795599767471032,0.841525264368841,0.2777494978679786,0.672142233975598,0.7523098578353181,-0.3199296964919022,0.8356406791662865,0.3608623042392813,-0.625101005529314,2.0998667284980037,-2.1696971860462737,0.004326252516167102,-0.0686142708425773,-0.03498705886385242,-0.3874056532307629,-0.9068805345595459,-1.5740515813836466,-0.5826974785055984,0.9301583564568006
2025-06-13 19:18:04,-0.48401222401356103,0.03541502731985328,1.1005430591581178,1.5707903666124194,-0.6337269433051105,0.5529113930532963,0.9513051689391135,1.1822286280054055,-0.8738895760393849,-0.6081676215327616,0.09540016353106781,0.947237618738865,0.31848090645588284,0.40025845602839355,1.2399799884531355,-1.5949735635992872,1.0937112813003707,-0.47610500063719263,-0.049320547881699324,0.33295116721514045,-0.6208308624698146,0.5155635149948771,-1.2148140097776412,0.7516891949479478,0.30110595420459024,-0.3303470927999549,-0.18242955815371562,1.5275744433405405,0.3048400341349509,0.0010997758292696288,-1.1306770244118487,-0.4022740514044379,0.15757835467888956,1.585410764602029,-2.0900252980604113,0.8228776100878674,-0.1267749588330751,-0.16564039027433297,-2.074986314615494,-0.29130302781237993,0.009528902687365722,-0.227994748724477,1.3292014629751707,0.752697023646867,0.1410439929771937,0.23188385982968543,0.5340819828014559
2025-06-13 20:18:04,0.31465220714644654,-0.4811803135546003,0.10442607179481617,0.5231538096627912,-2.269577811285541,-1.0082503653640182,-0.42443190669424946,0.48045762524470353,-0.38695115825685195,-0.6224660697780775,-0.7995648609945395,1.5578220448128646,1.8952571029244736,0.3469028807319854,0.5276314590649723,-0.0040211704369483734,1.4499140680880795,0.3315318192064899,1.8655087317180734,1.70702788858615,1.3631602796656577,0.9283626860706891,0.26258767387067994,0.6851074410500029,-1.2948915476475809,-0.7979074183811538,-1.1506022124473645,0.17703059802547025,0.9009544027254391,0.39179447669245376,-0.08102590094909994,0.04019769672767806,1.5053276232492703,-0.4366223959046598,-0.2501971769042447,-1.3841423552101402,1.7068341501763011,0.05838232763034553,1.3350191601824752,-1.1709271041280125,-0.4012896848440081,0.018237837393173716,-0.9976445741515848,1.1923462131531872,0.443106126023968,1.4920502032453455,-1.3972179772082045
2025-06-13 21:18:04,-0.8247445436603921,0.6036726687296975,-0.12796133601335233,-0.2011536316360004,-0.7706717041618871,-0.4119656411434535,0.9365928958423707,-1.1424585649620074,1.9158372128366148,-0.49489296114387876,1.8012108485386205,0.5942301987273921,-0.6914514118794888,-0.38841013628567006,-0.8724551845805925,-1.612298614081661,-0.7484224788428837,-1.7291503203051812,-1.262808166791744,0.8579768946476009,-1.0639215153976582,0.008408972708905255,-0.06676475407856768,-0.32658996085942216,-1.4319308843611311,-0.6128240932831388,-0.07115623354954398,-0.3657403888513271,0.2465380768354232,0.4580429369176836,1.3868031674333852,-0.470590951802097,0.11914405730646083,-1.9187222790029974,-0.2991349693956217,-0.20161259975865098,-1.4962825215160434,-1.7686564151582118,0.6540039773651232,-0.5927999365483503,-0.29379722444913237,0.5219247515901271,-0.4884743810701556,-0.422763489442746,-0.60634504280463,-1.4798147540640683,-1.480665164593774
2025-06-13 22:18:04,-0.2661989865091024,-1.65422481433629,0.07511687100549319,-0.7758079388742545,0.24748542230060566,-0.5052024112503714,-1.393474959654159,0.24303433737361027,0.7987755347022055,-0.32802597904705005,0.8978064312350131,-0.13879031980815618,2.3102710575248993,-0.838604872583301,1.077742191949346,0.028765411474676206,2.00922464505819,0.5722174531079925,0.8872607044664856,3.212490801467079,1.487334395773701,0.9364599257326403,0.11592181895876072,1.365851339114224,-0.5794527830312132,-0.04460473405367559,-0.6272424618926171,0.9784675418194694,0.34272012483238473,-1.582223031669559,-0.7333903030641417,0.04763392328953996,1.747239083563386,-1.036434826729498,-0.8410009530242369,-0.35502288402385507,0.9264115146241786,-0.5707221661741936,-0.56408634702287,-0.053312937517555066,-1.8083208381439992,0.9096543641593607,-0.5491501735933518,0.31417249335755,1.0361990064338964,-0.1540060982763243,-0.4153462232326844
2025-06-13 23:18:04,-0.15826016446919317,-0.6771254357609915,-0.09853278422042328,0.2866728718631041,0.5683400179213008,-0.6041954081406236,-0.13681585874388527,-1.454502910827933,0.838610280865426,-1.1285550758617888,-0.913592238450021,0.17638478109260816,-0.6840959197659072,1.1928559747436627,1.7813575316024457,1.2604442610529658,0.30561209711882875,-0.44496832268584,1.1572998682496478,-0.9518801458313241,-0.7720428054407046,-0.7553861076786922,-2.609642399058164,0.3798536404751585,-2.4377614743069493,1.4770154575364804,-1.0443017392198524,0.0023241464552571987,0.08349280521346342,-1.4375924081808238,-0.37778893003344316,-0.05937357826840852,-0.1999281741112913,-1.5180246279307221,0.017511225919221687,0.8051889575354522,0.5006650735402786,0.28733835963176757,-0.1469698785479763,-0.19029091515428925,0.32053817381505,0.17639920133335613,-1.7960962015157036,0.12774630828873287,-1.5902654119526791,-0.9956543894951527,-0.20688477675027075
2025-06-16 00:18:04,-0.19211746022022938,1.0222483115482541,-0.3498338369408944,-0.9525140667159023,-0.7333726060899136,-0.40185938150740624,-0.7153267786726,1.0300989205459203,-0.5822834492482786,0.44536339598635893,0.07431663517159279,0.6617542316005998,0.13662247147770884,0.11686512578558907,-0.2418117090871682,1.730315025085209,1.2834040020991984,0.004966989831366113,1.1193747666132736,0.5465931631331328,-1.34577800231006,0.3357905186193056,1.9377142916121843,-0.7406359692339146,-1.2524569423446335,-0.5220932554263156,-0.21214519218561165,0.6176009448787099,-0.324313310474859,1.1362617148950505,-0.3740428238322735,1.102305943339644,-0.7378959510563233,-0.930569952937255,0.40699958536682906,-1.7131951844878852,0.33459201836126357,-1.6858945398337977,0.4037502717474842,1.111864028494709,-1.2573596870178225,-0.36673160341958383,-0.34295494763416096,-0.7821116582056155,-1.1731133669141443,1.070082003581699,-2.15539180798582
2025-06-16 01:18:04,-0.2828960893178464,-0.2529581644067699,-1.712527279307047,-1.271160964124056,-0.4072754866495388,0.03610629393446048,-0.2995145094533495,-0.058186112667878494,-0.06947193075374127,-1.190832030996194,-1.4846323884372583,-0.9851365093145518,0.45988223028059877,-2.499951677296598,-0.9548491971734063,0.34861501134522216,-0.16142510137052563,0.48054920702374,-0.20809472379213276,-1.2620049591766618,-0.042748519399018504,0.7142917161148076,-1.2425409538854504,0.30610311033322496,2.6825224673903545,0.6940888436962818,2.304123240307072,0.07803439652444474,-0.4532137442442261,0.004234051572788812,-0.28941554669162317,-0.8533383265324885,-2.783999103954927,-0.49611423564021595,0.03839346953052025,-0.12077984849114973,1.090918728005885,0.7911800290401243,0.16975551583137832,-0.8127482496560696,1.0373573774399527,-1.1039804436929472,-1.005199665572417,-1.4898237474871538,-0.9040715210233286,-1.3085959249186994,-0.14694654063982165
2025-06-16 02:18:04,-0.6876009199423043,-0.29569866645433646,-0.14750571274824326,-0.5154255738696902,-2.391387348045137,1.0512735304954173,0.9378521562811678,-0.2721609727648525,1.4340171979704672,-0.25357246741907297,0.4003173152217395,0.7122242494023681,1.4208016866208666,-2.982935735655117,-0.8805118418728258,0.17972644448386255,3.0514488812764684,1.0022556417746786,-0.44837177626252206,0.5874203146927834,0.6063071764698476,-1.0677216119738948,0.3177853894912143,-0.3513635532512918,0.23029256569507292,0.4710852314035603,-0.7697803480877613,0.38424505790997215,2.4044931434064156,-0.2973869988103811,1.3202585982628245,-0.4671311908104697,0.06738944946039789,0.12767695879028562,-0.5332900960925411,0.5489559650663522,2.647871691656396,0.00718659299396,-0.8567752145420859,0.0908813450683033,0.6583079134434456,-0.5771998902676512,1.01786644574708,0.21543650141814233,0.7121661920198746,0.9978577708305935,-0.8331046084055415
2025-06-16 03:18:04,-0.17761069238374236,-0.43911130381947266,-0.8311473825654633,-1.5014274018622447,-0.244272555963944,-0.5931658670481075,-1.3225915319453032,-0.7361492825259196,0.6692548907325951,0.15382136283224648,0.9847635770678789,2.397122680593011,-1.3518278928338818,0.04884016321842518,0.020528692752382303,-1.299043912797656,-0.24663537860371043,0.3133532142883571,0.8262108716372938,0.7883051077291499,-1.6706128387933334,0.11792606412807388,-0.3851666488071637,0.4548794974699206,-0.46298044444720277,-0.24744895881246332,-1.4938211563280945,-0.7124294641704781,-0.7147384998853338,-1.2046537040311789,0.8492903679900043,2.63091362594428,-0.3670427574211459,-0.4323057052100161,1.408527508304907,-0.036056388490997626,1.08996371776094,-0.8002181801161511,2.0468270436184333,1.3445218567376964,-0.8258924118885315,0.45188454993425603,-0.8181591133329438,0.12305887707834275,-1.6697295925906968,-1.2240828718173364,0.8356219435008677
2025-06-16 04:18:04,-1.053322472453855,0.5000319602758935,-0.25245612823789215,1.739467424952044,-0.5421679617549013,-0.40363745072251417,-0.006943148897831296,-0.3003537155663047,-0.33616868035110375,0.3000548651394725,0.42857309637154467,0.14126919290934203,0.8220418259373852,1.453844123823082,-0.5396062364461393,0.3453882342070647,1.238880309379644,1.3740297626488507,-0.6349035515581961,0.8600433095897828,0.5916233903103815,1.2573459982121482,-1.1314790199032778,-0.2855455591088162,-0.29013046695539196,0.6942255874886204,0.14577684710555067,1.1835725564933828,0.2768203379680363,0.034184170241904635,0.4796582384627936,0.7927955915592921,-0.4932749272609432,-1.2158040884262085,0.22496475446284225,-1.7499170334044445,0.5005188604474926,-0.019052488636614514,-0.3694153934720562,-2.51975500187117,1.0311448903062774,-1.001259547338631,-0.02861018457591821,-0.5974729405371662,-0.17486253155310724,0.333851844169569,1.5248352809550987
2025-06-16 05:18:04,-0.7394779794132584,0.7612332774920842,0.275652602867727,0.5786934067634038,-0.033419913997285125,-1.125689834677071,0.7619199416623864,-0.37598688553131443,-0.6803060519748437,-0.1463113430571927,-0.5725958522982852,1.584598290161566,-1.4672974403045198,-0.5079150029520441,1.314940038319257,0.9660426955855208,0.37756871190817315,-0.8518806715824412,-1.023114969424113,-1.1462984252833262,-1.3251810737058636,-0.802367097033298,0.24836040580353713,-0.7418937918587313,-0.07358801621138154,-0.9004602956347462,0.10248575945713206,0.3100343105741122,0.8547277994538598,-0.6913399902188686,0.26338373448402197,0.37170822357719735,-0.011836366632989809,-0.7675891054348538,1.3688640966127756,0.8229645874211816,-0.3718576350942723,0.7835449750296878,0.9573766645255184,-1.2129576375679176,0.2999493807321971,0.4684021129696882,0.48772148912794716,1.9665814319539783,0.37903680323764716,1.8932906947409116,-0.832485696778051
2025-06-16 06:18:04,-1.3762661571689025,1.564481952076443,-0.4499715377004523,-1.112069326950903,1.9734633096952265,-0.40125245520696384,0.06567596572089021,0.629658671353619,0.3510062611333554,0.2641831997002205,-1.0865588310021108,-0.5138524249251945,0.550287089390572,-1.8798612496169984,-0.6592597354880162,1.2936850908182134,1.7225648743580282,1.5565293374319666,1.2874742638674004,0.8341914099858762,-0.3080284163028264,-1.1178799261460755,0.36241603193445077,-2.794115217191538,-0.005102944316276977,0.014622150537286112,-0.47709849855679154,0.10194542581449018,0.2765035786720125,-0.2891461900859326,1.3972050702340848,0.8934658067601838,2.2936415388686724,-1.0426121243793551,0.6489259137759827,-0.6403220031768441,-0.8847412807272798,0.38745937399922054,-0.021466754957619256,1.8601833038667368,1.1685203721318835,-1.338116767494053,1.2229743524922643,-1.1592088914735152,-0.04882184336718682,1.7063257595567856,0.6327220595449454
2025-06-16 07:18:04,1.1317923171718316,0.28257925389194727,0.38353182574682987,-2.488585147990381,0.3393159423415743,-1.2166030537018726,0.927745770074682,1.1559089340441122,0.662559608047473,0.3664326958352039,0.6958741679396814,-0.8379327152006003,0.5171699424011548,-0.03643708008704328,1.0565426964443865,-0.846079060460969,-2.043093995008268,1.2642138639345972,-0.42957847997928333,0.9654688835876821,-1.0226284266828622,1.250276119357656,-0.06688720036601319,2.1455039001531753,-0.18307979553702147,1.9407719315226515,-1.951414862037456,-0.19396627397190963,-0.19092595716937974,-0.4472394299101297,-0.34155714437073337,0.19231042916808103,0.06791633748055627,-0.5496427723363658,-0.3798417007761048,-0.9921097258597624,-0.8940113491418721,0.7466712156622491,1.3793061728750853,1.2352476361255444,-1.083178510676021,-0.05893068104767062,-1.1127055922665305,-0.6371607767300326,0.10894840064343485,1.70754515662454,-0.8439272894187457
2025-06-16 08:18:04,-0.9018075157688028,-0.14406849126608998,0.13465200724820645,0.7824578680144096,0.894240021733979,-1.549382761044602,1.2126858559802216,0.32807998474428596,-0.2491480831389903,-1.1759086469741573,-0.254556100519376,-1.0291961158613308,0.19679809361880563,1.6427350740065878,0.1103121484759125,-0.49832144548629276,0.774174727577436,0.665940036559948,0.22160362165023423,0.4350169418208592,0.7501171719059966,-0.3603273451610616,-1.0535208852026332,1.7967001264084956,0.7024803799128927,0.6752035930644216,0.7315924281687631,-0.28548530323691607,0.19714575505252227,0.27005588738192443,1.1234376276618137,-0.18956002164545277,0.6081024481616866,0.53282788543408,0.3788420757533067,-1.052243877739219,-1.0839308762436632,1.0356114029824588,0.8271506333620515,1.9331434707810424,0.11001102372573367,0.80417167358536,0.2735829875064014,0.1327312100780664,-0.9887160596940942,-2.815223228266855,-0.3292809068706256
2025-06-16 09:18:04,1.196674420869761,-0.044456186915002985,0.8164658894567386,0.39771779814441727,-0.33930286692754585,-2.0019054860288197,1.6868494820035125,-0.40466163846206005,-0.5723619112452811,-0.4245571045984942,-0.9005941855302916,0.8158457471258161,0.59510851489385,-0.10471128432926848,1.4928492018537327,-1.7785190506658182,0.5096909832722185,1.6759096156559603,0.73587903035833,0.5159342848195586,-1.706379325331357,1.4407781333309644,-0.5379150110277112,-0.7524789644166837,-1.4392323249204761,1.3038840564051688,-0.5696791796649767,0.20484673501130973,1.0847856968552447,-0.1429447349679339,0.01247227845056897,-0.9625401282424345,0.6217674146951462,0.7528309845458966,-1.4259922022157896,-1.6896961981643173,0.02154455158666311,-0.9510454438482374,1.2337036686730258,-0.9311078905396158,0.5401990441101647,-0.015127491721951814,1.6873543250338428,-0.6526887672935989,-1.0449835061694854,-0.33535993276546194,0.3531863620008569
2025-06-16 10:18:04,0.848008092122455,1.1370435905201106,-0.5700612274973266,-1.4166245018360915,-0.2159567356872099,0.7004738993396432,1.7603518325729446,-1.3270812947598662,2.068969648165654,1.895633924402501,-0.45258429517675514,-1.0739759900651094,1.7465947446699635,0.2777024164040078,0.16583689350270084,-1.067600649189109,0.33473260362842183,-0.3994305088008814,0.48542160146131863,-0.19338862392818654,0.016334406194243006,0.3004782348405404,-0.005791047596962571,-1.0451527594667225,0.6037181102071766,-0.5582753311391317,-1.4370244552126177,0.8534715278756834,-2.929005407909315,0.12479420801630328,-0.9365267283508,-0.017303889931793978,-0.1931734312613118,0.8562169726388084,-0.20694888080954463,0.03894670271125341,-2.4688922018596466,0.7820556323817276,-0.07212318901285716,0.8268762485831385,0.4932468109064435,2.730699831864333,0.25410478577965284,-0.2947826929128387,-0.5840351895604514,0.1169840617095704,1.2428797032785905
2025-06-16 11:18:04,-1.4305027605608904,0.2370795851211712,-1.52372037208765,-1.0319068108945624,0.6632051471574991,1.8912699801609592,-1.8741940357137037,0.002394830364262189,-0.02521012668185725,-0.6802051860384911,-0.48962406365113365,-0.3150634656923078,1.9326608597727797,-1.241509738075492,1.0705449996539818,-1.7438453014941198,-0.5787344626043919,-1.0734056995949186,1.9450412754241306,0.15331629493599458,0.9696240180251142,2.4942314428050865,-0.11821396152624657,-0.2802483952090195,-0.14464999264625483,-0.4531934377870983,-0.18393518185620295,0.5367653405160514,-0.9220083563180193,0.44575140525865053,0.5206292878162773,-1.2092916916961682,0.287995173074474,0.35942826223199337,-0.5316212828437478,-2.2309518209915034,0.9793907747702301,-0.5726698947708196,0.6200514141343,-0.2901026236062,0.7229688705281586,-1.909600499439874,0.5225852148359574,0.17814417044250727,1.4786285722116805,-0.704943961875702,1.6816993496600063
2025-06-16 12:18:04,-0.2170715767117701,0.7796809529553244,-1.9777728375600863,-0.3742986692271615,0.29229510020931776,-0.7520961435072488,0.5709321147862629,1.9879532997805593,-0.6457974560897597,-0.9275341874002777,-2.4340417826947727,-0.660706962084283,-0.06276719616506948,-0.5683098880025467,1.7232339166757704,0.2757458442077108,-0.022126224329831017,-0.1648652918765449,-2.5862867858087095,-0.9393892598290547,0.17378655648401933,-0.5513959344370621,-0.8923379957239694,-2.093684097765142,1.5350007742996572,0.7673769068975252,-0.314211552540326,-0.023227050542417905,-0.4849252876231819,0.290565123477535,0.40981457222629575,1.1293802126496166,2.3998233149101,-0.21009551116479377,-1.170755275574584,-0.2774815804072896,-0.36358916041316397,1.534877798374164,-2.017154357819417,0.36097409594005303,-0.00951313328429362,-0.4573954290569405,0.8506912865278036,0.5435863069496045,-1.1737821350287883,-0.00039438178373563283,0.356481753146874
2025-06-16 13:18:04,-1.6742220369163123,-0.08613990317157631,-1.0252546790796553,2.382266892804414,0.3815315011571998,0.06778971169850169,-0.8698446951629004,0.8498349838440515,-1.0436997232199672,-2.0883963184648575,0.5720882396837021,-0.035968526277738215,1.39704121944215,-1.1791722059518768,-0.7639061563545483,0.8760834273400286,-0.09441468003302819,-0.09928880657882955,-1.8619021768341564,0.29176755124376463,1.172373560521447,-0.223311025593322,0.12626049808274087,-2.288049502950268,0.16001394361740723,-0.2832566976245889,2.358880225262692,-0.10149634028971176,-1.8764286801922547,-0.7203184432378815,-1.4525813450223242,0.39401980349173604,-0.16146555812837157,-0.3385812854452489,-0.1537317139765929,-1.85342934753198,-1.08259562978993,2.393048647327955,1.1890979597616613,0.980956673961011,-1.752310998776351,0.3557488957125362,-0.7315775556052716,0.5037422022105448,-0.7162740337826555,0.15166548543163383,-0.07232477783116578
2025-06-16 14:18:04,-2.4664430594838573,-0.8131549100648363,-0.9930368600515344,-0.2059665531754735,1.860213152926701,-1.2871385584273871,-0.9944792618666798,1.274254353774247,0.6602445573640072,0.4050787203917921,2.2542541193866388,-0.5859045790799488,2.4216963899335413,-0.019440065438165118,-0.176903061563673,-0.20439506704705412,0.9309232584827755,0.04261833135137435,-0.1854030740946372,-0.3960214819641365,-1.0765365303850272,-1.4607190301510584,-0.2302614263288167,0.6447408774553055,0.8802785563836716,1.9366643670912373,-0.0751514491361083,-0.27296423918641477,0.7353346176606125,-0.8535271519421057,0.19471240372054416,-0.5285894535634974,-0.6231642914988655,0.10909127861345495,0.1893554914999708,-0.7024159187568705,0.49353533384820364,-0.10727045897887509,0.8056564343639327,0.4047192227984412,0.465933552528771,0.16205813530608057,0.1048439223335146,-1.9292129502011048,-1.531941689316888,-0.9196687643822112,1.4583203653309365
2025-06-16 15:18:04,-0.735415788053216,-0.967523936406262,0.8514522888088389,1.2863857286538936,-0.394308145538099,-0.794798291635043,1.8463658804413852,0.08107111333462963,-2.2306559356517606,1.270741826838643,-0.7230340745177882,0.45640875968892536,0.14217133827818396,-1.30168451234133,-0.6951953519153752,2.7670748337242688,0.030406576705871973,1.0796346753427681,0.08809518755551946,-0.7821618934547031,0.013935817105958821,-0.9621296810884296,-0.4418818673414838,0.33542660078903813,-1.0060960343229512,1.5084441512622841,0.3515874787744244,0.706243102844841,0.13800045680811365,-1.5493285999457072,1.0775019290089622,-1.0544241955679365,-0.9381896076175072,0.9304022422268973,-1.2803665230865557,1.4520403205420096,0.8835011279734404,-1.1947017163827032,0.8119430345038505,1.5588258121168992,-0.6315742338249645,-0.8384809065671569,0.6340758466811343,0.7749540752619797,-0.23007848974243694,0.3226430152971635,1.24137749622608
2025-06-16 16:18:04,1.0095723037751065,-0.3256213407175199,0.7460438219626684,0.6431635877004981,-1.7557655067985627,-0.2003988995402121,-1.6107408722001422,-1.173821943828771,-1.2088924773177914,0.45797704752311463,0.9475094752273011,0.5378263920519452,-0.880251815372375,1.4996895900939524,0.4403737492423468,-1.1487750728371393,-0.7746985194253577,0.5154112983337399,0.5618860992561994,0.5027014296597934,0.6326201417422169,-0.4504064625980051,0.41649343072108425,0.7733313653949204,-1.2163732243182155,-0.2667036460175077,-0.3246769655440546,0.6870390207027952,0.7960285829778074,-1.4374289560859361,0.4853834809376637,-0.7230143953572103,1.491146295876788,-0.4608471927169303,-0.9339164536536013,1.6027815820399531,0.7529338934092996,0.22222199651179195,-0.9006148823145208,-2.5739139956615467,1.4716094893093536,-1.0702523814300189,1.4165669239017584,-1.1588353107855474,0.7882398959528516,0.5419272259700136,0.05820388687055795
2025-06-16 17:18:04,0.5505807841776805,-1.300338462629482,0.06436085878316866,-1.2537540179903606,1.1291158639905416,0.23627193405215557,-0.4759638979861779,-0.37568410698758564,0.206956626873871,0.4634398867479142,1.1715016922869164,-2.2587184388568584,-0.410529058629951,-2.24409574765961,0.017296047145253388,-0.22645007910977807,-0.8272257265704003,0.654925626607169,0.014168767251102513,-0.6132740609765308,0.4864695144038213,0.6932722705102705,0.8027840738112109,-0.43830828450298476,0.8928138678329238,0.28093554318217207,-0.5077168152029249,-0.41621118085778097,-1.2032643999637054,-0.5184731564818269,-0.06303342840700303,1.7035059943168551,-0.6102693832876889,1.1186320370280702,1.3112843553891338,-1.5722713365742984,-2.2258040143756777,-0.8264208757196997,-1.4784451910614411,1.1821346488838806,-0.9405018121934706,-0.08313459996470715,-0.5830330356621146,1.2460275497666613,1.5510199727789633,-1.2026028842063794,1.122514096820715
2025-06-16 18:18:04,0.2166830119747652,0.5007566875431521,-0.35812265701805074,0.5094463082382638,-1.8977514694657267,0.9840350721391745,-0.6708487964711605,-0.12553264055418126,-0.5306661462253025,1.0112967416672136,1.3506802969396945,0.7832906922688441,1.0938901003419432,-0.6537059390737275,0.5457163574276913,0.23846362431121543,1.1430566438941479,-0.9192883247284751,0.24092248260826266,-2.7337968847337026,-0.5003949633883356,1.0754746167180202,-0.7300873877379138,0.8629482155754771,0.47278519818654463,-0.14844416871525068,-0.9792098512610188,-2.1277791557847747,-0.7523816140393453,-1.4549583891273332,0.9848656641822704,-1.3778664207971674,0.30598965105278136,0.15418051918688463,0.6455555417022049,-0.23373482290628653,-1.188486116585478,-1.7820343662086138,0.22704002457494932,1.7122389601012253,-1.5838646588545218,0.5165764246785883,-0.1562977931088456,-1.795838311566461,-1.7129057943747603,0.47565577229986306,0.7483224260358714
2025-06-16 19:18:04,-2.3271610904952347,-0.8730094603806645,0.320320329958611,-0.5258245701372363,-0.6561889296940437,1.0201562165142763,1.0355855387210358,0.7054942660111363,0.3556382796165519,0.16199774942832945,-0.17319010586231845,-1.2679586908417162,1.3164215068515672,-0.5920894248439057,0.6127452039627035,-0.8762752328591081,-0.01667771879101419,0.2663265935249279,-0.46495461528037135,0.1114782329835709,0.9175287684385454,-1.0249427673274076,-0.36739433991797676,0.2781670733038104,1.0497059813765732,-0.5521790078740904,0.15893329225524797,-1.0286945840643706,1.2643090215746908,0.5221119715514415,-0.9254159618878599,1.2995854339175943,-0.4906257665064947,-0.031915427386171445,-0.7966965130939372,-0.3203945058814614,-0.09177696260598049,0.5988907883173686,-0.608651602875702,1.5668385905494722,1.9500977844631924,-0.3117751995932022,-1.0833727771614434,-0.3807888111454552,-1.6076263128892072,0.47036859220832095,-2.337384807120983
2025-06-16 20:18:04,-0.7797497070378385,-1.9731913754234396,-1.6571492341933651,-2.9865764386030915,-0.7488046238528225,-0.3356868490330461,-0.014676427683741305,0.31094367363441744,-0.7291051191108717,-1.133962393928387,0.3906459796864537,1.8516895109729874,-0.04453081064053257,-0.18971055439506884,0.8149364348647902,0.4638235827463573,1.2175137280213753,1.8459563183095682,0.5251272016167166,-0.6126363913938491,0.1571282912206392,-0.8626030314028977,-1.9398680986043209,-0.23868694450854605,-0.4767275044743492,-0.1395297316979315,-1.3578757614105852,-0.5112572541831422,0.4267306860145182,-0.07873938323413454,0.7422388889265055,-0.7319283315683534,-0.4040138280665252,1.4391386308003242,-0.1944113470871528,0.5478762775098694,0.05126337942598272,-0.5436429243854484,-1.2123686281601147,0.6060168124135936,1.6686103417211327,0.5530628025953334,-0.38824905981327784,-0.44759745904106035,1.1172426573900933,0.9796288095503182,-0.4632946129768205
2025-06-16 21:18:04,0.17786254057372927,0.23432517537050804,-0.1390027271436954,-1.6005784716646156,1.1007877773392325,0.5550624787999809,0.08258823548291216,0.298928214707483,0.3303210793348774,1.4689792285251728,-0.6208186363285507,-1.3897771025401153,0.5792960637074319,0.600218412876414,2.043077108363375,-0.6955290761595245,0.05710184227954872,0.6660938411120039,0.6425976499989949,0.5525911396716716,-0.06185858655735527,0.39201044301818216,-0.06080483123119084,-0.42049613319159695,-1.3105766109262613,0.5282777339907758,-0.47084524602942,-1.4399188953790452,0.6778745139729391,0.971386216135996,0.3484249725558581,0.6212950552515822,-0.11787634166014678,-0.9891391290258207,-0.09488779997286094,0.9319467717447193,0.14942064517127282,1.0366148218843558,-0.7709248705743632,1.6446570435223,0.5538434230684499,1.414501529013171,0.4058671919371178,1.0155955383622244,-1.598722749691736,1.599478081086947,-1.18766582933273
2025-06-16 22:18:04,0.5579238075670434,-0.904819255109212,-1.9005749735220243,1.1281640827455452,-0.5761703786996722,-0.48401483344479923,1.1442106979082067,0.12111145615668072,-0.17109040126003722,-1.9262574987955197,-0.8073289463460317,-1.8880882409828834,-0.198053486266143,0.41639521499826376,-0.953187938392247,-0.7820835058449835,-1.163802781567304,-0.5686239981033928,-0.1757464563395778,0.2028442823257845,-0.17396869404497706,-0.8659149356687655,-0.9380658158645164,0.35695926419135304,-0.2290291625167122,2.571466180101679,-1.209737297084551,-0.20564524984706828,-1.7723250793988576,0.32903738220806095,0.7827643353292912,-0.08980842154164538,-0.15281860073679046,-0.7065774980722951,-0.5720349400979917,0.0121966246935447,1.2738145385175426,0.9844471046415928,-0.3950709397730134,0.7335230105995564,-0.5863775242839303,0.1986513896279419,0.8889290879927789,0.06127006362048726,0.21214016198766444,0.5682025574425842,0.07055598645101387
2025-06-16 23:18:04,0.20306777453497246,-1.2899751764828427,-0.09411395750911829,1.0250524662721707,0.35676039400193543,-1.473290304119812,-0.34048244194443794,0.920687299750267,-0.6562281698770064,0.0809654882188068,1.1488416923693372,-0.17457673865684853,0.5493016017865582,0.8237776844747653,0.348290678271007,-1.8510990473272517,-0.3644051004497022,-3.5012264829847277,-0.14792007910914534,1.7985640719797817,-0.765516399929099,-1.124393655608337,1.612501501422659,-0.43176214000439767,1.702329733417431,0.414732022411153,-0.5343805750684871,0.6064315000486944,0.5147494464237126,0.6097919695928314,0.6121874620470792,2.5272481453262006,-1.5425410578380954,0.821798803398035,1.0877205011250626,0.23474070500356709,1.0721197859825728,-1.152024531551705,2.734021153501253,0.4304441849687119,0.23075217149462224,-0.41817040610350364,0.6639857504044531,0.1870493751959601,0.10299042780951186,-0.08119158645815039,0.9326151396434508
2025-06-17 00:18:04,-0.8762161764641271,-0.7126313046279799,0.6431189867835123,-0.6548299969957939,2.7630909322325525,-0.0005969534628717568,1.078405730831352,-0.25181904278005063,0.08174819616251644,-1.1589608550449462,-1.5986140736455678,2.26347325370666,0.3802291449300559,2.6514607822153398,0.4891529667000919,-1.0109590348788968,0.5391135841979895,-1.6596018635765235,2.651473024833783,-0.4900642257528771,-0.34739189691602296,1.4350772747738967,1.4053686166963537,0.5203499922471745,0.9777764753812274,0.16758094365280965,0.3971900947181503,0.5907659959846387,0.11673034748583277,2.6623002543230845,0.2499620348517272,0.6831325075836354,-1.2105582841157352,0.5078091124722888,1.162756368214361,-1.936068547171171,0.1819371714889834,0.8494110815745829,-0.030504099599215028,0.3218804257688617,-0.9389617170237704,-0.9988730763399583,0.26571083484009567,1.071516750337051,-0.3570430001008461,2.2520111676738237,1.296855123932758
2025-06-17 01:18:04,1.2462842267457834,0.36919066095828884,0.8644572994524599,-0.42435889467166005,0.9567599665395429,0.006016664959254363,-1.8017993058865414,-0.005956053660925911,-0.6091324457775388,0.8417489751920527,0.2914312832956284,0.4397326424604966,0.2037588471328816,-0.4793467221198834,0.41606957250068427,-0.05727429373896311,-0.35023607673938145,0.40114743103303385,0.9285849960929956,0.2217368077935544,-0.4627116680174671,-0.6882435521686708,0.3210625839844066,0.18209243813214399,-0.6202906243322807,0.3905643048049341,1.7351809259071322,-1.15541006037703,0.2070029424874924,-0.023957812318810258,0.02194753975729393,-2.093675522438287,-1.1418195589125393,1.3453851161038948,-1.6957058140785553,-2.066521574218486,-0.8630362437351611,-0.6010035768365187,-1.0635580205284378,0.6915660162516413,-1.0965480882714962,-0.6602856575419552,-0.24516147012632972,0.23647962595444588,-0.41383329869291796,-0.6087439015261661,0.6740580128621452
2025-06-17 02:18:04,1.2428339685214738,-0.7267364531010846,-0.8684402780266868,1.9947012918976381,0.1321141636013769,1.062620744675401,-0.29710770804489783,-0.4725787453127917,1.216708321955073,-0.397484374010193,-1.4429888755377278,0.6919415710355062,1.5915428599057753,0.8323272990702266,3.2791030866319444,0.5883463704822965,-0.7193385118688332,0.9881146621070193,0.1697707453928406,-0.11657549688518624,0.3603175917266125,1.1682969100391203,-0.5583622332912089,0.014608629523381376,-0.41404615917450355,1.9711413962070603,0.5303372941976082,-0.8247527314609944,0.42759825372998694,-1.3193713145294035,-1.0351972668466203,0.7699998475712624,-2.037113377548864,2.11766769135113,0.6253541624008643,1.0615670993754986,0.45997964021611765,-1.686252410982436,-0.8646932811024757,0.5413532858933169,-0.3248485582163209,-0.007071223260832395,-0.2609810861519779,0.7976952352817144,0.27522209758804533,1.6175217892781812,0.7102771039318422
2025-06-17 03:18:04,-0.5831676256625422,-0.4652313030403452,0.8719162082123726,-1.3749219251146847,-1.6123946846942085,1.9563231333252067,1.1183973569558052,-0.7441611477026134,-0.8320370331066104,1.6125351344899026,1.954047297064665,0.15751969128976684,0.7427481552935257,0.5518837905305876,0.9238903385028248,0.2260349085607982,-1.5510318389360465,-0.5454159994934659,0.6016480367096351,-2.754686626294626,-0.17567033021398595,-1.1203704926017906,0.12109642828356451,-0.1509103926387774,0.04129429623836797,2.8230694705463373,0.5675048081019709,0.7020331463079237,0.851226538822178,-2.2633682644883892,-1.8683819038818277,1.1952981110696101,-0.3814924853962352,0.4233042444125298,0.6043978314579663,-0.6395113624985725,-1.0040969703620815,0.07910102643013907,0.9620722034837311,1.4924114927225072,0.5842936664742194,-0.4609140183543705,0.7111689145664344,0.6090664787167231,-1.3400948461651998,1.2404432920224362,-0.5332113662938793
2025-06-17 04:18:04,0.4568556001087919,1.5677714815555395,-1.089050729851418,0.8115522671581746,-0.5713791775681825,-3.0814948165721647,0.9005082862044247,0.27423161291167436,0.3099951696363016,0.7029886505173476,-0.23177508324120707,1.3008315039173624,-0.6452202089203104,-1.7359008632454331,1.3063420497587652,-1.2435641467716043,1.2785364975459987,-1.7922137053678178,0.6755655451219827,-0.1328546372481188,-0.8853090912994108,-1.7033594907930194,-1.87404521032003,0.6488078872605221,1.1406879185554923,-0.48946729824832624,-1.5070282728283515,-0.7923587367949484,1.029423667818896,-1.58315411652498,0.11771116860198241,0.008915415948771547,0.474128162813222,-1.3155451304799741,0.0458159446884243,-0.23192855245480434,-0.7305534711890147,0.1780716896129356,-0.7612024613709262,1.0964534667570902,0.780628691451905,-0.09074100910713402,-0.5957036068631082,0.426790764071302,0.9532497500068033,-1.7609980670048466,0.5579990939174259
2025-06-17 05:18:04,0.6218911702648628,-0.5259460761560885,0.212171066279061,0.7089795168028769,-0.743203744143253,-0.23667592843766608,0.2267402483830358,-0.9619026657955466,-1.5358862385450964,0.8510123999709831,-0.2199289437868941,0.6396245842100019,-1.078834073534436,0.4806960328126479,0.13062254587139824,-0.19015203502775266,0.15468847024554738,0.9390908720468035,-1.892248672222575,-0.21482451486151768,-1.9205734185144765,-0.06661556063441702,-1.383900204473206,-1.0296967530119778,-0.777795497295502,-0.21290257957952294,0.6658728386045656,0.6933957758964644,-0.32637179633422414,0.6056888201396318,-0.5896503761086733,-0.8075081872536491,0.4407180394293556,-0.32691397970601327,-1.6185739941166184,-0.3632372886344015,-1.7673040550776098,1.2074544212818081,-0.9854208042232031,0.31035920633582587,0.25270519140514125,0.35867757092680047,-0.41370597827554767,1.5178664700323306,-0.511092910602088,-0.3917490576588124,-0.9099323923108392
2025-06-17 06:18:04,1.0008480881983832,-0.30031520925514144,0.014808601534721627,-0.15853628367994796,1.1102353851309452,-1.0401706263410233,0.26784034994790823,-0.7628822633119758,0.4543025731210403,-2.0050510128909114,-0.2480510378609179,1.9191058944650865,-0.486383641839648,0.32318396252285997,0.8234963656229751,0.14577234737661,0.3832748887465327,-1.7019449771131892,-1.0658746423189784,-0.06548755255528554,-0.200569654053029,0.21433694980476323,-0.03247675003111496,-0.6178709137644453,-0.8574499819057119,-1.7281697849444089,0.5334301597509686,-0.19187139126224556,-0.09452089169297184,-1.8227325768684275,1.0696452615257093,0.9243462249847013,-0.9295916539433732,-2.1420221871170986,-0.26309277252782515,0.17461349710536772,1.442492747376971,-0.8188485444150431,0.34326229177326084,0.9354935662569719,-0.04027297672904465,0.6370215669146189,-1.0975802536873156,-0.5901383641115858,-0.808868078823571,0.25301509559717555,0.5745643483929773
2025-06-17 07:18:04,2.050993543406408,-2.700486731210749,1.3366637357657078,-0.9183255127735522,1.0460731396169685,0.27962220383107617,1.3129979845956787,0.5482904563689005,0.004979297234563989,-0.2662597938418697,-0.16930331728985826,0.15314854355421936,0.2809420038315125,0.9028242195133126,1.4586779551028595,-0.5972357354741495,-0.6872464988164668,0.152026514817745,-0.10187056569936968,0.9322123543714081,-1.9321538468967374,-0.37686980976785933,-0.7738619319773768,-0.7298608181400487,0.45399953327028086,-0.01942083321568819,-0.6877149601294966,-0.1882454348435919,-1.2701071738999834,0.8479690329738045,0.438443532492383,-2.3706175023854743,0.6241396793682306,-0.022349939352396892,-0.8783577272799306,-1.2018133130867406,-0.3706474470906644,-0.12963115001017053,0.045749861183056205,-1.16158343170057,-0.05093428575880288,-0.2806871123386875,-0.21623907097314116,-0.2802401930924565,-0.030279832565865136,-1.9492458822936296,1.020663097009256
2025-06-17 08:18:04,1.320668979875389,0.19740332331382932,0.5136631613191427,-0.5594799923061147,-2.862241422059884,0.40827841473239274,0.5225516301824493,0.051131304637107626,-1.409901263400712,-1.7649791413008085,0.2902664870250881,0.6433511433537674,0.3306294351834623,0.5180814710900421,-0.46558006991102213,0.1711234849724924,-1.3026506944512777,0.8765126314956778,-1.6925704443324923,-0.46767070000707883,-0.5561782506301656,1.5954651886830515,-0.8583130661819238,0.5125491470504927,0.37742272695396767,0.6500618562185128,-1.0544990854771028,-1.0899167903469151,-0.3402069871361171,0.7195601720163332,-0.05024005907662959,0.4073427863072741,1.0888015698883329,0.921668824182056,1.946989426505671,-0.18045224741533586,0.822893389522626,0.7486830815023573,0.6765413416440552,-0.32347638166679826,0.15960051271374553,1.7139877539246748,-0.5231637469781479,1.4545910044576833,-1.1681051352206997,-1.0311610928542294,1.1737525646241647
2025-06-17 09:18:04,1.3993501459472468,0.9258378249004483,2.1835912497300045,-1.1770575234633534,-2.052985100099581,1.7219930844831468,-0.7034508507078987,-0.6542355081969916,0.5466286418533983,-1.2938017793023888,-0.5278917234453779,0.5714336546925716,-0.8016375008239561,0.193495507424052,0.1915185521214309,-1.023249799141117,0.8477045040798089,-0.2065818916652338,0.47831552836200486,-0.3302597237762025,0.3437611692647671,0.7143208778274948,1.9299012548639367,-0.015828094569039573,-0.34358097922175057,0.9631179120683273,-0.34437146507315547,1.6225015570906995,-1.4195701358692174,-3.884346058061425,-0.10531336250536269,0.6508463690221941,1.2314550091729515,-0.5307717797277394,0.41743091578731717,1.214743897643072,-1.5802576421552714,-0.00708917303253715,1.1149082255036562,1.296080666167751,-0.3613824429039545,0.32018467901294956,-0.27874989226527264,-1.4859448919229592,-0.1878587958570474,0.22935556638616955,-1.324701466216389
2025-06-17 10:18:04,-1.8263600002335119,-1.3793844093792251,-0.7965585236506761,-1.188643522227514,1.1021615865752858,-1.1333864665114581,-0.6211129250326438,1.1452981143553413,-1.0017642376047544,0.8633676857140499,-0.45234808525654724,1.4966899101007485,0.8679608963503599,-0.5333331776001509,1.6007099548537338,-0.22543000725675724,1.0725817998841343,0.8751849034889911,0.23997785546537417,1.1761208775006011,1.0880508587007922,-0.8147084542027595,1.2394606694355241,-1.410627504225616,-0.036863802713095896,-1.097897221499549,0.8753023342384086,-0.28976649386696063,-0.9386359530842148,-1.2100787925205918,-0.16101782534591216,1.1902179302569031,0.8545411496126881,-0.9917763253679203,-0.21243946081310275,-0.9426841953731496,1.5344395279023082,-0.4002089472050024,-0.7144075263913684,-0.0969798687863159,-1.6097479782691893,0.20452891816166383,0.9990693307389659,1.610787655170083,0.2844620619411783,-0.04428410563262346,-1.418790516906361
2025-06-17 11:18:04,-0.733359937437908,0.5217781291791714,0.14950819113045433,-0.24780285806777927,-1.1412163234547779,1.2202347008135206,0.44653487501995476,0.21061276594116446,0.517152437857805,1.3695824976628377,-1.2908116302070827,-1.3217138083174624,-0.47191827166579625,-0.03360017310927263,0.5273604809938546,0.24623118760181398,0.009793997728666688,0.2354368320788324,0.27119620566947117,-2.0478632853137455,-1.5844601109251057,0.406431957387091,0.3425561577107408,0.2816392298968494,-1.1600995929099518,0.07045892683819105,1.3897124889162407,-0.22454289029324034,-0.9375839441854297,0.7839665591682121,0.23345614975234746,1.050393662691085,0.32216812262789746,-0.589648543446468,1.1138105558303595,0.623217053437068,0.2840130540431632,-0.9763199920303377,-0.7586094546109817,1.3606783843009769,0.21569395152852455,0.39669458361814824,-0.9214499304621204,-0.6246560221242206,-0.19895134084818203,0.3529541054735064,-0.62573535178341
2025-06-17 12:18:04,0.5287085360251995,-0.31475810998517684,1.4374605900499335,1.7538372333897347,-0.2872007005045967,0.24541848470158156,-0.3103915474912559,0.36671643284317523,0.22155202441288124,0.34767085459192215,-0.47283575541035083,-2.4055627414502356,-0.07022134393760299,0.08535385376185878,-1.4800977087347005,1.4863647981796675,-0.02794601260310444,0.84529755437339,0.2021048109599219,-0.44611150321295606,-1.2059171097502015,-0.062183816120305324,-2.384135766353228,-0.12614563589660813,-0.7064991586012302,2.5147514031904716,0.7725259442959065,-1.1904305739876182,0.22001195569531382,-1.0005295343377973,-0.15716048442054673,0.5311573256530348,-1.0518628932039336,1.5232739616659472,0.12089202861247636,-0.3028942436707002,-1.0897140001614134,0.14333884921703394,0.6075393897529728,0.8675683184171562,-0.7385350147769839,-0.13450526068986943,-0.33531331546167775,-0.3915140586510557,0.5603096200176255,0.20110071742605018,1.6843277255386553
2025-06-17 13:18:04,-0.14395793436099147,-0.7889347607889124,-0.4798010694870229,-1.5566682796381617,0.8885801614380121,0.3382428838900595,-0.027708207008367704,-0.9625458499126364,0.9800195868141289,-0.6180073845301802,1.3615225713221317,0.25986136553163053,0.3666158687863034,1.1416324204441883,0.4373069369213795,-0.5023637581405271,-0.45462863569202616,-0.513135502695802,1.3326929962161613,-0.6543723428575537,-0.9484457263734445,-0.5750663506320745,1.2312163405158278,-0.7764171670323918,-0.8032424519807193,-0.6740673080868961,0.43812081101311384,-0.04736776146781147,0.0359786249422056,-0.03084872298208768,-0.9010340309897962,0.6045543738459913,-0.8597892801127228,-1.3224418422791868,-1.120417363009631,-0.15537163198553586,-0.5431999497485313,0.7984328330794388,0.26876228465621194,-1.968425315840541,0.1495909244355828,-0.7255392069906448,-0.8278994453472891,-0.12046988498691125,-1.5275874113803176,2.082388279206587,0.19110173547839604
2025-06-17 14:18:04,-0.8405646743593509,0.5443259494398092,0.7678369007019615,-0.5509189765420605,-1.6051026387378413,-0.19632650655722952,0.3266345676342334,-0.7999923540793517,0.15086132712934008,-0.47712954657925877,-0.5173177467969907,-2.5635024919214437,0.7933971769239812,1.2385583939867004,1.6969209444239104,-0.44118654755060843,0.48511606131816,2.859147029363276,2.0657641268124523,0.3084473501899305,-0.16334900510252598,2.0435239435131862,1.0307393338507973,-1.6789835691187855,-0.6350724918382695,0.4391192880346145,0.4965214677282162,0.02229407917559233,-1.0394303591044913,0.21620218059387156,-0.013326727115559548,-1.3052531395745282,0.2906657553523079,1.235178864695614,0.8193322441349896,-0.3963217641878921,-0.8871359091970994,0.022021460445642096,1.725957497835309,0.8474216460345594,0.4001467571863244,0.6725918353695803,-0.2881071186756273,0.847350066851292,-0.3753816428432839,-0.953244086936977,1.3667554281863035
2025-06-17 15:18:04,-1.1655710433667712,-0.7362725919434893,-1.6388528543786218,0.010452895106535739,0.5422845593512411,-0.6036213976214512,-0.7834935147394062,0.6573753266686664,-0.3345491795646808,-1.2529754879544195,-2.299451556494424,-1.8807875591891756,-0.49000057258330265,0.7394529851629544,-0.7059391411084681,-0.8374916050111758,-0.406065845038465,-0.7076488781130206,-0.8760998748495411,0.3593606269096344,-0.2760115873451261,1.5190699745930338,-1.4346685320720411,-0.9843307183259394,-0.9509110157115145,-1.1824737061240014,-1.9286197882514076,-1.2353092838004278,0.3415525249442981,-0.5623780823505677,0.11163871816458242,0.7776387801224064,0.5870249679245917,0.46303056138658966,-0.34042751454242154,-1.0369459069280886,1.0516394661512105,-2.747241940429246,-0.9390684802312343,2.05833846386107,0.7428349736021415,-0.9465838235129942,0.5172974649560614,1.4597342998948943,0.9151497896436906,-1.1306690373493828,-0.838627937163975
2025-06-17 16:18:04,-0.10401754456262491,0.4149632646005244,0.977781591238481,-0.3535868003057914,-1.4923063341628822,0.12704431307985597,-1.626011274766321,-0.9497505133252145,0.3590414487499495,-0.015300119743497657,1.1161826756948177,-0.9311321210269831,1.3333900432297294,1.1424444279114434,-0.23714752214726187,-0.5940551099151562,0.4986048546920104,0.26638160710783965,1.486385564451246,0.43226041821689964,-0.43890744029003487,0.02356712325523384,0.424398011251962,0.629070484541133,0.276725111942984,1.4088506837049561,-1.0161526225836202,0.020173315540170822,-1.4262097457459557,-0.381630181471569,-0.41159653006750463,-1.0444370815595305,-1.0146781742284934,-0.9315376978325458,0.907603668118112,0.08201320426387533,-0.7783077354460637,-0.060652400422083357,0.36391449588476776,-0.3192349001555459,0.8876869910645656,-0.6286716719308407,0.2913898247303148,0.14746399391025156,-0.25062920632183955,0.7989555576242834,-0.5657628912587122
2025-06-17 17:18:04,-0.15093826130213922,-0.28761152164132403,1.4199459313881349,-0.3204640394487347,-0.5703362182163747,-0.6445423958168394,-0.9267742367928535,-0.6431597548188028,-0.656751694659886,-0.29028957994675114,-0.944700214868853,1.0342343433432741,-0.992350714285562,0.1409905689518884,-1.4392513563621263,-0.4514594619905829,1.641961709438439,-0.22972876252966296,-1.7859252622167014,0.08382377223413326,-1.190490295569608,-1.6446780199634328,1.1309348685954879,-0.505434547704255,0.8440825227392084,-1.2742818148604642,-0.114171624387993,-0.920984981231165,-0.6037726136035801,-0.3867934173217209,-0.8558866157692224,-0.3095700772468384,-0.811611069603676,0.5301197204955926,-0.7771660946713526,0.038700132102728615,0.7519013407199816,0.5792376936769978,0.18007238463770064,0.2564444196077972,1.1438730766749483,1.6165474899638472,-1.125341408525523,0.7788171796066574,0.24411474699947877,1.2394030696212999,0.8957154375586129
2025-06-17 18:18:04,-1.7040855363862726,-0.15434824523293902,0.19487516737416163,-0.09171031104246095,0.12319138039902389,0.7560423472337064,0.2789715683947284,-0.9636397860682053,-0.28587781646065846,1.039401890762945,1.10570969405178,0.9633193477812841,0.8325921448601654,0.29104623062468826,1.107486180162106,-1.8292139490979284,-0.03168467352654132,1.0868420938135215,0.6726273735874886,0.9360748518199425,0.4701475206304175,2.0017537571214623,1.1307541024339125,0.016634310254165816,1.2973548137514865,-1.4521499656311512,-0.37393805866213864,-0.9500070739000247,0.039083305078901225,0.8253998320751107,-1.69734845503672,-0.8162935289736595,1.3780808626085603,1.1674927704904265,-0.6002074653208662,0.14137180219760284,-2.4771372410964405,-1.0486150169112214,-1.1953586832047232,-0.12361955931197016,-0.6867788454487108,0.41544117717759205,1.3385882876585133,0.3470113138040665,-0.7232936997801159,-1.8532217705761738,-1.2533133914925356
2025-06-17 19:18:04,-1.6190583404969134,-0.61816461899823,-0.24121340416909787,-0.03825161461179291,-0.6080664232322219,0.09605675030475591,-0.3417327043308667,-0.5553148450941806,-0.11929575298876251,-0.34101137397982884,2.0538810639323715,-0.32402902206425205,-0.9595786851837914,-0.3412368514790721,-0.9442553186629365,1.232061853485829,1.5399851022931874,-0.7140233287798071,-1.97417181850187,-1.7563601866530238,0.5278957687331476,-0.6647018389100067,-0.1498350726150596,-1.2674967382033027,0.4204424883804112,-0.13137961673665993,2.1853424743716428,0.6541907590013977,1.1561925468628078,-0.14762676914500264,-0.7808594341212307,0.8920011268550796,-0.8213533018296391,-0.23216100615390325,2.9646443750249993,0.31420595359228554,-0.1730201628679228,2.437588310524772,-0.12591970450148313,0.5087988042491566,-1.0395334392332332,2.279175229867517,1.3877159678483655,-2.344256176466128,-0.2077994737654987,-0.24126638756535226,0.4289379022568831
2025-06-17 20:18:04,-0.009999755333109456,-1.4134433629958005,0.2507935634926095,-1.144226655895477,3.10623659439278,-1.4380077005088823,-1.1926894906453847,-2.0185073512228984,-0.008289813352036315,0.2343264895415089,-0.5801483799504944,-1.1645016224940592,1.4687140923734212,-0.5815476368069725,-0.09294703273387896,-1.80676893052149,1.1315354737851167,-1.7386398759559463,1.2450306909552746,1.715500864993909,-0.4319745755058192,-0.8658322779754718,0.1216186522508203,1.354543840020059,-1.4160744270535817,-0.41342098253890924,-0.9601313712724523,2.258643218621839,1.7689382670497957,-1.8527442830968057,-1.8214402027383645,-0.014293369428162901,1.3853180731062882,-2.4230470181326296,1.628588964032493,0.2180842886863586,1.7307325531981819,-1.540199024688482,0.20630095635139223,-0.03994290652987739,2.035010437024863,1.9977305339578644,0.01644173141612507,2.650399531827725,-0.07716074310987349,-0.4143162200132844,0.1613017623842561
2025-06-17 21:18:04,-0.2929567644465671,1.5113094106702847,0.43879331683484324,-1.0637009360215859,0.2731986286141751,-0.2621137596261244,0.6798228385313874,-2.331017762279403,0.6446861825735076,1.1833319982446866,0.222619460841406,-1.9912940041685818,-0.035130338114588655,-0.5474487121846471,-2.0445155633317316,1.041622739896553,-0.5402845114845439,0.15770656561664692,0.4266409574337051,1.1022947215997787,0.1447244894269438,-1.782696633896433,-1.078082050622151,-0.43667554386121366,-0.8868376975891403,0.10808398209200935,0.9093261907850417,0.25462739211046276,-1.1411036775183383,-0.9491509540000435,1.3071795901260561,-1.1804891804546251,-1.1280279464624499,0.313257637582833,0.7763047957274154,0.4015610813219367,2.400678656789269,0.04763509011078658,1.4535109780257163,-0.2875112942407792,0.8908544950819522,-0.23894145410393178,0.4190196770268855,-0.8631428953323795,2.1658343040814105,0.7333364550361657,-0.7272963821112653
2025-06-17 22:18:04,2.521122435539897,0.2848425513259321,-0.42736308969933995,-0.14112432209087394,-0.5053908252368126,-0.0046988436124570186,-0.13218236367151956,1.532134994508443,0.3959233796039609,0.2626224192400663,-0.6058323578814042,-0.06844050437387467,-0.140311276827482,-1.1549949784685052,1.7170227519729344,0.5582559050658806,-0.11955811498850265,-0.5108139761825014,0.6084034521543834,0.6283738061323145,0.3506304098053123,0.18965169547878483,-1.7212405778111906,-1.893405453084947,-0.1377190049020082,0.4800881191172113,-0.7013400121773955,-0.36025672730082914,-0.5274429368787513,1.36298656320963,0.4055269357629151,0.3324148869700095,-0.13052801639956763,1.4845169537130982,-0.8755968326748321,1.421943148085489,0.14889491281735495,0.24820476648749148,1.0442653726026745,0.1197549220973278,0.18195895317737754,-0.5717222240394683,-1.6208020298363197,-1.44698879115625,0.18757535152008792,0.41657711826514743,-0.19040122846968693
2025-06-17 23:18:04,-0.48870327418999554,1.4127245867992646,-1.2658904862206954,-1.4622484424460676,-2.6686089564515445,0.9056822554668281,-1.1837583205534898,0.17667599789249588,0.8768843951898269,0.7333678346811116,0.7503412162894265,0.5331912228842481,-1.1777483371465343,-0.7431122896873468,-0.16349851263530657,1.2800421400021875,-0.5613798576243815,0.4546066635248544,-0.8284218990534029,-1.1408444564980558,0.6097371205658106,-0.3916218758555505,1.2548510071291785,-1.5646915712780005,-2.555583624014499,1.1913885526180727,-1.049852201595045,-0.4627577182826351,-0.3246051320295177,0.6978743240640211,-0.27469465161355905,-0.32143530072159143,0.921826408105758,-0.05361981528785116,-0.025448663221301876,-1.25493856458288,0.41688779801310316,1.0952335432039897,0.25330776726310045,0.9291233719678277,0.9042145947690085,0.07562602558773378,0.6148643552205141,-0.1540348839297036,0.349514890119043,-1.2795475205727433,-0.30968450206028425
2025-06-18 00:18:04,-0.6613699481097935,-0.09060894827993378,1.1709639770954694,-1.3019195064716524,0.6171795586411003,0.5097357373737286,-0.270111606913937,0.846325641051426,0.22130031463629735,-0.5844757435953488,-0.5610539182430074,-0.465058231869717,-0.3313813353106897,-0.2022470018094368,0.8210285760097837,-0.7636157869660636,0.42214368723419327,-0.44322110094981043,0.2484048124014185,1.2503353149000178,-0.8206521541260395,-0.36325615306843373,0.14629806486560812,0.13182253214960143,-0.8434218246944991,-0.48089873413692946,0.4437817885405103,0.805150741165537,-1.7362704921069214,-0.8062383057983231,-0.28934204995610563,1.1571707799319695,0.4783689149750575,-0.3047479726530321,0.012299899678182,-0.17429180759636853,-0.9518081399104454,0.2721559565219381,-1.4490125670868546,0.7030080340155442,0.6684838763014479,-1.4041250162239673,0.4740934793952969,-0.8078251301443634,0.663260138854294,0.5882124221248125,-0.878752905138112
2025-06-18 01:18:04,-1.481506011225973,-0.8299609420863416,-0.20105659672361792,0.4684335713284497,0.9141542071194592,1.1628291694765245,-2.528000328748212,-0.1780821620533882,0.5001903061707913,0.8889959959915016,-1.5831634354179773,0.3819140920867015,-0.1459009491897953,-0.7816739334028258,0.22374551918750987,0.9974808248700041,-0.024983754400890113,1.6856348771415726,-0.2662772404717363,-0.5283134395571574,-0.12194015092320737,0.4845369642475266,-1.236339434541863,0.9934821001966269,-1.4419800161018417,1.6084976607760861,-0.009803824157408528,1.3301805944198022,-0.06829252040013233,-0.56089759215982,-0.5714393905611355,1.0715858407946788,0.9708682576529161,1.060749908406689,1.4058917634052142,-0.7508375790197758,-1.6002155015301756,-0.7024039654341345,-0.49848965477364027,0.6439732082391472,-0.1710894028327329,0.5564369446801318,0.6474055068451521,-0.7206787558781035,-1.112204437480548,0.49931304209745475,-0.6931319349891794
2025-06-18 02:18:04,-0.3069860193315516,-0.9807945228791628,0.38577653627656294,-0.9254579460796682,-0.24285461126418106,1.0603525659767241,0.7136011857987649,0.4885334073572071,-0.19911813115146954,-1.3529509242207587,-0.07764076996325946,-0.14563729398769196,-0.05305035023288379,1.0875187581357773,-0.6088024436055577,-1.094751884990887,0.5858927799146211,-1.587928864622586,-0.1289426823290987,0.1297110785852208,-1.1799597050514552,-0.8182925817924003,0.29919725643308326,-0.21593595187898046,1.9437725334093074,-0.09495162622089248,1.2493281533464973,0.0051340819129405595,-0.6179440739039258,0.4095479572682177,0.653740670812138,0.48890847059234616,0.6596487022768065,-1.1245636722990233,-1.0056640034699893,-0.008292249523244376,-0.6596437199582285,0.6382377417916477,0.7657747251460837,0.06759103337089148,0.2785300884344086,0.7405529081771393,-0.8500144135571454,0.8986036352559004,-0.9254544800764382,-0.8697218232390352,1.3583149328908624
2025-06-18 03:18:04,-1.5004852168235931,0.9902744966639849,0.5276898099179328,-0.5586177348953392,0.6855336719838989,-1.1908983295232995,-0.9939659242407805,-0.38406946898417377,0.6953429315740424,-2.3152360105506675,1.6183091315524285,-0.1631052936011878,-0.853425293450653,0.514911172023742,-0.8502372656859424,1.1987052238286928,-0.2546253161912113,0.010152016354847526,-0.3914007770240785,0.46034340373200794,-0.6369323432850136,-0.9262689880298128,1.2910887423564876,-0.19109202943384435,-1.4052621456099283,-0.7344125798374227,-1.3432719685694103,-0.11261398530108545,0.9137706707385395,2.365386844545815,1.037031771823137,0.8350346040057358,-1.4685196591855656,-1.2630045146535807,0.32179661518381847,1.0644041032111717,0.8444657743294954,0.392324975408164,-0.583932319569714,-0.665384389700114,-1.6509334860024296,0.5419677507918333,0.4119003352308442,1.030182038683987,-1.2102777074511342,0.7539182523593332,-0.45234249863994846
2025-06-18 04:18:04,0.6700762848067177,1.5727321041788518,0.42908859510713204,-1.5299099844742807,-0.9862135174067045,0.4175934433995501,-0.15626809625775143,-0.3638312222140977,0.4224697189425271,0.9473116041103452,0.8008817319894013,1.1099194907422527,-0.5801364901219256,-0.971569540912563,-0.39846159961840494,0.1860411272867144,-3.027331618234311,-1.39880134872015,1.3611075939006216,0.8848848909521657,0.8439994163314032,-0.6917746010174975,-0.8867303442486137,-0.6800824047962307,0.7477720406805499,-0.1670999792252589,-0.8238233151088716,-0.6591832209176901,0.5223846870138136,1.3732327413479082,0.9250353738225003,0.2868301966450799,0.31973728907731874,0.4804667593464143,0.35947098248972115,0.300974959104329,1.4657734085758722,-1.48511109896401,-4.267676794466494,-1.0618889737135848,1.0325222362636102,-0.7477736260834995,1.3971741420806887,-0.917328298154518,-0.6267154003437073,-0.49689422307611586,0.8143075988256067
2025-06-18 05:18:04,1.4313374546800204,0.7224083121988891,0.018446006013781765,0.7104738190304662,-0.056651438307505256,-0.4590551662103804,1.4827693566498459,0.48667001273199306,0.9608387322898639,0.4554590878859901,0.3479025785919514,-0.5913587318181902,-0.82552183266852,-0.3421293906763149,-0.6743217410379049,1.689300804197031,-0.3584278912444109,0.9222304212570256,-0.3692643710527786,-0.38543683308788385,0.043649525222080064,0.9875096156825496,0.5617490213340329,-0.45205604916138,0.22589433173021184,-1.02044221509696,-0.14679639692006383,-0.39690335295365314,-0.08649094845186624,0.42194827585063904,0.8063744815253124,0.012855252878779899,0.17066781948738902,-1.3981085370756836,-0.9339960393127399,-1.1111023942295186,-0.2797709611066503,-3.1204606578629797,0.21723103506258706,0.40699689449087556,0.16024500126042807,1.4393725073326022,0.03927288237722872,0.6962764750809225,0.20159166898776243,-0.47680367808649726,-1.0968208228981138
2025-06-18 06:18:04,-1.3799128372646816,-0.48385881766718225,1.0430786736310653,1.2205742948823117,-0.543910724997575,-1.3041853294259673,-0.9571150758016044,0.16979666853078024,-0.8786755808902886,-1.0343445791049932,-0.6697803614832842,-0.7684023043944482,1.1968399587540601,0.05287548859405508,1.1153504550097124,0.0977529096562534,1.1136994791297095,0.3754964183545174,-1.990585043696217,-0.0920973082814424,-0.658960870475705,0.9545847255333313,0.563989055268777,0.8337033776626326,1.227604109087475,-1.479942852580643,-0.07797126626886278,-0.5138263261069109,0.8297905682946893,-1.2222257617261714,0.21028576801558294,-1.033274465603185,-1.4411586502631704,-0.9286967478395418,1.1598135921670025,0.6602923981217779,0.2717736921439205,0.3003837863458914,0.4296324318411529,1.0384663125584683,0.8582557156645686,-0.74892750896063,-0.5561092514879575,0.5123686989682582,0.13752065999138718,-0.13554613124603893,-0.20879995033495727
2025-06-18 07:18:04,0.9708628878757222,1.4636226241859789,0.8465883271037479,-0.05989000621890245,1.0538499166301558,-0.7249543058751504,0.6409231004836173,-1.0081393535371357,0.00022422429319323326,0.024447315972311548,-0.7622952561891999,1.6414428407016457,0.17026992013507158,-0.9322987892707518,0.04362152649124944,-0.7336326511731691,1.3952341086875208,0.01444552011606962,1.7907667361902617,-0.19309741667715954,0.012898395185770144,0.552442427510148,-0.16488681232074284,0.5220342956219658,0.5996725720614641,0.7253707943857459,-0.8178392318511516,1.4726992418356086,-1.0850732129538534,0.1604762484631096,-0.17319982212803128,1.5093341212486815,0.6789767670171798,-0.31368867244806564,1.3639284045014377,1.3383821637374065,-0.07001526388583607,0.6121795441020219,0.02287712544679433,-0.08454925111188585,-0.23076848403099542,-0.9713341268076318,-0.029159619346226906,-0.39750640865551834,-0.7890962436626237,-1.3430904194750382,0.995163549188473
2025-06-18 08:18:04,-1.2551503300976854,0.284837177474347,0.9205135242944257,-0.2977446973156141,-0.6192888511377065,0.19865826328852804,0.623438751310351,-0.7921456839478106,0.2567982224962289,0.96976093288991,-0.0006794203820671953,-0.8487790663518414,-1.5230764691275331,0.8814192292492435,-0.9807740409074459,-0.5745220589872103,0.8985222039790264,1.9359351849763378,-0.6674045284510611,-0.308670066172632,-0.062157274139473674,0.059085474569719916,-0.3108837340779374,0.8688472599450991,-0.49294178077952544,-0.7281439461793934,0.0006696982078112489,-1.60681792427243,0.8647418570537344,-0.05193051958161815,-0.18367226524273647,-2.0942410904714714,0.7677671611486628,1.7974055469318744,0.016058791929601357,0.7363495341746399,-0.9129237878697015,0.09682985317363531,0.024006416904150087,1.0921591621232676,-0.10576265275870879,-0.7121067969727053,-1.1179116349842122,1.269527796651661,1.9188629985495544,0.9410881114032835,1.4406374418327674
2025-06-18 09:18:04,-1.0379328263959262,0.5617742093703686,-0.664351665902442,2.1195490103347248,0.6321916993191122,-0.05102353730346812,1.7488012585185202,0.5062070123045208,0.5954059247451683,-0.9247147346562781,0.11143400731782094,-0.4513156243821541,-0.22608101497350555,1.8622366958926724,0.3357124890869537,-2.291555139819365,-1.9593508283585268,-0.7893263732517497,-2.1631135225143847,0.1803867115509819,-0.735889953270449,0.4248480579080496,0.20153049124363812,1.7977149246940434,0.30455488005498693,-0.27662515911064045,-0.06379766628542306,0.9262846688431035,0.8820134758573417,-1.4066675673831082,-0.19692501307551522,-1.8383510488295889,0.27831520858039965,0.4749705795494044,-1.1403822450655077,0.404429655121105,1.2077351478160092,1.0253502338012543,0.30395344139278807,-1.6299569234200275,0.6002664057600045,-0.13866793177136164,-0.9481110699089716,1.8045430932511317,-0.2567680182556315,-1.2190793239866002,-0.20869551093419605
2025-06-18 10:18:04,1.2450905160764842,0.5387377681189214,0.5807406591010916,0.8625102427718173,-0.48199629658510135,-1.4941516642849815,0.9481112076762498,-0.13748950093388587,-0.11963077349230955,-0.13827368641843846,0.0779026591992497,0.7491636720967486,-1.123928816981181,0.013886529860584666,-2.27415662055823,-1.214743347297123,-0.20817505874485967,2.6665651137743906,-0.057209031679633905,0.6765933843119368,2.4180032244356995,-1.2739894651714578,0.5812588710771183,-2.3292276790315363,0.17210827585804947,-0.22474215619985807,-0.44079251189395496,-0.2510017592132646,1.533764802318686,-0.9210967962664405,0.7907714440744609,-0.03582080975663362,-0.4074516060965378,0.34341085277977584,1.6914304926157258,0.2915995329894344,-1.3670342795756845,-1.2515713390959782,1.1427691679316931,-0.001079985573001744,3.080458345067559,-0.29522712051736777,-1.2470882468914113,-0.4145507551873074,-0.9047646982496427,-0.169468827973144,1.3728432953911318
2025-06-18 11:18:04,-1.0500586322245102,-1.6681109159062915,-0.7925005640749082,-0.45582269608787646,-0.20529104367924558,-0.3027315730850194,-0.37338067529186564,-1.193881449841003,0.39241089997406065,-1.506965402554402,-0.7332668519312652,-0.08801308002777129,0.7488404912761351,-1.4245738267564034,1.2122207439703196,0.9319416462454447,-1.1504152889857,-0.08157040724587895,0.8152110974037013,-0.18907123810364285,0.43717775718764784,-0.47493177821025173,1.5356277878682185,-1.162638219163867,0.718835070471372,-1.8688904818687415,0.24547604815187749,0.814067062034779,1.798202077276054,0.8458575419391026,-0.7923326738044885,-0.3298391754361078,-1.4418223151196743,-0.6845870745074297,0.030643270256894388,1.3466299255913237,-0.2387533028582431,1.2068667148781367,-0.049601499081423514,1.6124587960662289,-0.5211923087623623,-0.9841176949135662,-0.4522110282513292,0.49989104363139725,-1.1289029052045456,-0.013377389482186969,-0.760618496959791
2025-06-18 12:18:04,-1.3822789081211457,-1.9478746184679887,-0.40412653915457725,0.36516025353884507,-0.0588279551816603,-0.008186318205893398,0.05486860471013857,0.5835353334637914,2.328265517960738,0.1456839901725274,0.9565192788234919,-0.19188797031523916,-0.5249667919120682,0.5730243082333712,-0.17555020387692277,0.2292208422384106,-0.7055320772671848,0.5913410451288299,-1.4874971606047396,-0.6061134132482245,0.944770540185321,-0.5739824814107458,0.4653486727364737,-0.8450428976740001,-1.731258769390854,2.63003958913181,-0.6489603258327153,0.11649774226150823,-0.2330907285072875,-0.06578651785150247,-0.5632623675565358,1.2343299895191635,0.007678065007601002,-1.6138008411376354,-0.13292207490294958,0.5266436565360862,-1.3291488920553047,-2.2066055355651795,-0.40270779173222,2.1425317236120054,0.5183000254140171,0.3423996305475384,1.2617374958883385,-0.41598963958577884,1.8124968700054447,-0.013816340081776247,0.9358693649041513
2025-06-18 13:18:04,-0.8446414385868,-0.7576093623405472,1.7517793174772924,1.6730350855137435,-0.10194576732440933,-0.7389260656068729,-1.9689961628566326,1.2441746044825186,0.49596631229633376,-0.6324173176277809,-0.5633207093793456,-0.25955724961463406,0.1259831910669501,0.0056957571284393296,1.545475659213616,0.10632097539881973,1.3227657684107526,0.26744876822503255,-1.3422782051982216,-0.6518197967670091,0.7410177649629726,0.45540632321960967,0.18229261830628926,0.26818925788667874,-0.9230724063233597,2.656480267260073,-0.7912916553066275,-0.1397511563377702,0.7579037189604967,-0.6201104801655073,-1.2183123061334693,1.102381427489711,0.16842546965516764,1.0865101030117703,-0.7237897483338414,0.2132524591193805,-1.3995517269468012,-1.5765687768684353,0.49993133346771657,-0.14626792511277054,0.6338191080469466,-0.7826494272641279,0.3441250549415714,-0.7422828534851936,-1.4769199527246244,-0.30999270632645815,-2.129130469093873
2025-06-18 14:18:04,0.4274663565136147,0.16856815629134336,0.8657759851312264,-0.2125828929163726,-2.085079114606542,1.6927501125366058,-1.313395578669978,-0.08182352624542984,1.0391576715490318,0.31478835696636964,-1.0701205483475256,-1.10408393590151,0.47408846261903526,-1.4545149340808632,0.24959018644993589,0.5983410292472826,-0.19763951980950697,1.1811114076523215,-1.388068599429386,-0.3767599542857465,1.2457333648939397,-0.809876578422563,0.16239660545888096,-0.3403027838010762,-1.4217930014806128,-1.3344791051791023,0.8059704225841419,0.4271407631720274,0.46515219982281214,0.5027135042452872,0.009584661036505333,0.7307190011649671,1.1259064809731032,0.8261267459638056,-0.11783563900495038,-0.6750254124585174,-0.8220926917503042,-1.0498034321349365,-1.1375648438791237,0.06893891755741831,-0.17328767763495492,-0.3960020999117093,0.6429857978035592,0.16104071344813267,0.8065521096391944,0.5312450043894879,1.0333476562136918
2025-06-18 15:18:04,0.9880590233295227,0.03709484086266082,-0.2459025266047753,0.9306147953938788,0.7128337218108749,-0.289071092525498,0.9378219987892357,0.5293143118290384,0.10540197366448772,0.9560320516775331,-0.10813881616537335,0.7486638000149949,-1.033482089032107,-0.9254334806643045,0.6825053463157784,-0.33713220369010516,-0.08786251093365176,-0.9779545268384044,-0.7083773894236363,-0.6435784572873101,-0.8214287133981684,-0.08645689850811426,0.6367665785012171,0.5246664040419642,-0.8436802598734423,0.39209798472311214,-1.045105333038258,-0.8775831209418299,-0.23004584226853864,1.9769133324578931,-0.1543927086919473,-1.8540684438733472,-0.0702996155696444,2.1372158648946487,0.13097230675521834,-0.13461797247050858,-1.7760218650795743,1.0191470350090788,-0.40896833893603723,1.1723322970281136,-0.3300207953091728,-0.2098265801443211,-1.3813964854106149,0.3577108889445466,0.6416047240147148,-0.9611535809930705,0.7811806134524156
2025-06-18 16:18:04,-1.5254562213107832,-0.16749293923721184,-0.017369275617624903,-1.0630754722379703,-2.3517672199316855,-0.39947505896515756,-0.15673425881894318,-1.1640786745648621,-1.306828777500365,-1.32467405717395,0.9613892994484509,0.2847690034908765,0.09879575132833711,-0.7498474788972249,0.26284504038546314,0.2872244748174975,-1.8164909381733225,-0.1181313259049843,0.22737700761679286,-2.2415699214626996,-0.5469913406309976,0.5681250864741593,1.7241915340260554,-1.308245671431554,-1.660612038539716,-0.12469680030866671,-0.11871530761057385,-0.23407324297389095,-0.09558123560944107,0.17303169090276305,-1.0600727871999975,-1.3007619358269038,0.9192237656308048,-1.8443639141089465,-0.9160106751020095,-0.7760238393394906,-0.33158906479144756,-0.7686766258009464,-0.5261595397750071,-0.0871524707543053,0.22413907237674732,-1.7282071278494544,1.1322949309573482,0.9496932842185156,1.3381150147962813,0.3678514007095126,-0.27210962828588564
2025-06-18 17:18:04,0.7248842530321415,-0.4259060813524371,-0.6821409027372083,0.6867863743381607,-0.5567675175030582,1.773985225824536,0.9004854903058219,1.2866118146286416,1.5984074004489348,0.9277148480816902,0.5821138175264083,1.3369126004900318,-0.2939344574684068,-0.9880899055404454,-1.3985257207048893,-0.31015271459514326,0.19595771471969636,-1.4202559080179387,0.45077584295438655,-0.4665757966908819,1.491014969932637,0.05762846577028832,-0.0653541243692635,-0.21581681125583035,-0.1965757298459075,0.394260689478739,-1.06123587082252,0.11751986071125867,0.3572808884595116,1.6122808135188766,0.03791246084400553,-0.2017873114660475,-0.0914369876971468,1.847921274657051,0.09708455963459638,0.7765467000393456,-0.36668647552422085,0.0642344952809573,0.2313093768230429,-1.8335947077131758,0.5706039387021969,-0.15811270323479912,-0.5502077151142288,1.404037328675136,1.5372993617917725,-0.656253595544678,1.7675042301416326
2025-06-18 18:18:04,1.460643577890362,-1.3288443358000304,-1.0425884237276488,-0.24693194268954988,2.011313822765799,0.6181998189233301,-0.9861184047986614,-1.4948941407126417,0.8524258387896081,1.1654713359452626,-1.3708480962891552,0.20303964032178687,-0.24071561359674043,-0.7428233011299306,0.08962863748448677,-0.769585228305726,0.8504017119014704,2.5350905689160705,-0.11152331849865663,-0.7743618658235196,-0.7365230478562121,0.604548185682875,-0.5871795419890343,-0.5218176535829612,-1.4310991188082554,2.1157201421210834,-0.9180079456267014,0.9565676025419109,-0.48654873798095394,-1.5389326288613674,-0.28815344654150227,-1.038877343514049,-0.1573863536790371,0.9091720403854102,-0.07350005331521224,-0.7001227021328936,-1.3528294887435146,0.8582338104614728,-0.4066546444430693,-1.489039008609781,-1.8118918908370338,0.2626048079947603,-1.2080231811294153,0.23718690040213974,2.2544179656034236,1.4645185597800676,0.5640657315260654
2025-06-18 19:18:04,0.8066619224325207,-1.997447341173501,0.7752677575495682,0.3669529812301741,-2.9129475780361633,-3.246792919886795,-0.5592612078873279,0.10082224188065855,-0.4853568080016863,0.8770295582854349,-0.06549366131124898,-0.4402460788582113,-0.1865680577362418,0.013727076383523343,1.3257404839189875,-0.6352083449650996,0.9652898116097457,-0.6611269528733439,-0.2946877608638232,-0.44053699449380285,-0.9459528982934919,-0.8469806668031915,0.02387842689679916,0.765465531421036,-0.006156422839927536,-1.003603121101598,1.5957770798926676,-0.6825764007554828,-0.7568795337352016,0.6340010430899308,0.10642415673663357,0.9263058514769943,2.1103948928780305,-2.156243423231057,-0.5511481957841896,-0.04200318293772952,-1.325441219235543,2.2779849840679924,1.6539018372013838,-2.661499522667602,-0.6603052929538399,0.4450986367040504,-0.7358285902014216,0.606703670905416,0.5923682354057466,0.3191715060382448,-0.26657737955757843
2025-06-18 20:18:04,-0.33282863619475966,1.0026583035751302,0.78071521562933,0.7570923230740574,-1.2889544790105076,-0.09410237530851907,-0.42559209007935284,-0.5739224556863513,0.42083635496765065,-0.023202298093340956,0.9341795381659626,-0.10272387272606093,-0.4920556551540899,1.039203533385395,-1.6249089118231026,-0.3325246266254361,0.7998041543269228,2.2631524321474648,-1.3722508230024901,0.2352690077671334,0.6368105630187899,-0.016203976457949194,0.05335976020916515,-0.35516588720400966,-1.092586065256415,0.09706460828722853,1.2567775701363875,-0.4722567347676944,-1.129808590094063,0.9722482506862222,0.6594216969956104,-0.8761075845907637,0.46304788754338705,0.8073084749234805,0.1280362899546913,0.7095354753392498,-0.5071662713253441,-0.4265453000043767,1.051357419007725,-0.5287907154317252,0.8347964286675108,0.8455384562422386,-0.9223508849407314,0.06202363844874163,-0.6570406437114077,0.8312193447042111,0.7410005852430714
2025-06-18 21:18:04,-0.4396156287634397,-0.9663348565725776,-0.923190666906247,-1.0998091110852306,0.26008460707214215,0.9462780272549567,0.689937164509742,1.3552067039229674,0.36829762437919566,-1.0330965246366344,-0.08870638346341227,1.1376128078132028,-1.1985657658513074,0.03818973884293768,0.6224740491595525,0.7414937797611056,0.24536396434479116,0.4148103033085592,-1.4802872541069159,-0.129655597472001,-0.1472778308261943,0.8737413145250886,0.7498600484812692,-1.5639817461254546,-2.166637487503687,0.9620333230784037,3.1461575181566097,-1.3531257282644866,0.3290322234177344,-0.13443005282508574,0.1311750728481936,-0.40856529466632274,0.7807564137300143,0.23293401329693103,-1.3756844438584437,0.016648027518221725,-0.309288301247206,-0.8620623308301202,1.3028531080267003,1.6912534305612943,0.610558479694711,1.4372338467610843,-0.7851234803782985,-0.8208432862209093,-1.3680423323841164,1.2059082498852816,1.7640286954682418
2025-06-18 22:18:04,-1.0833636343483402,-0.13353557458158258,0.24272936213618754,-0.08967927441826312,0.8740132368615995,0.18726264468656967,1.7689886591153297,0.6335067931904674,0.5083865351386431,-1.0355668618502842,-0.9976051100464249,1.1197945872396038,0.7916425056561118,0.2928682574881192,-0.7694032775026827,0.458875817560541,0.5534930018726497,-0.3786352804239738,-0.43816254840945723,1.1853089305573234,0.35673660148570663,-0.02466513584046028,0.6046409859514236,-0.12761411791202956,-1.1555053166032836,1.0506515181211642,0.49877614611306476,0.5303518305811378,1.0060589874840902,0.7517189565576474,-0.013722724687423584,-0.26930550812138215,1.08632664133864,-0.7848920503790481,0.8401528039258294,1.2690935403607995,1.5284890697800118,-0.3203870871870307,1.852501805255646,-1.6398793970040455,0.46384741070473673,-0.3372159759910635,0.8248381744993879,0.24787616753603894,-0.4201149350874113,0.36694592004559234,-2.0757740629707606
2025-06-18 23:18:04,-0.09197075414825702,-0.8530809987417254,-0.019527679656033085,-1.1564243049560592,0.45974537382039665,-0.43108416539379274,-0.04128816533901334,-2.5660490343362055,1.5237967258848082,-0.008747585951336123,-1.6516439172970543,-0.8283821780454796,-0.36222680497739707,0.8170505755874505,-0.06902650990557187,0.8848270869439154,0.5149824033121062,-0.6888388139878566,0.4159247116725192,-0.41299415385160876,0.09644325090798998,0.4814450086792733,-0.13135839745408737,1.8125902326286443,-0.4873856617674749,-1.0001747241223629,-1.9424028666167714,-0.21826507028774014,-0.0332415114310466,0.5442934730324565,0.9465562910034954,-0.06721983356862966,1.2540920260386963,1.190166056669683,1.9066231259593247,-0.06620224070677957,0.7763080941226423,-1.2814871155420942,-0.05960232188608483,-0.6225256573979739,-0.1022132947169338,-0.39169382202878955,-0.7639264105892624,0.0729048792794253,-0.38225889442995276,-0.998087560684002,-0.2899718317082034
2025-06-19 00:18:04,-0.799543317905169,0.32618502177818925,-0.7806505463363782,0.6146207070006142,0.4150951758132513,1.121657123147145,-0.8142869528221526,0.5257800966436781,1.1915218321135006,0.5793774473319245,-0.6439396727645813,-0.993469354222662,0.23209017214155117,-0.12347179311765118,0.5706028213036465,-1.3222487306296205,0.884224499528831,0.9698370428924997,0.8853229978977843,0.06262241666706958,0.7423517186011028,1.0922469299659625,1.275205720742374,-1.9750874876629676,1.3937443351103416,2.221024511283674,0.46915268001910426,0.3217295211573766,-0.37408973514464844,-2.121155578804748,0.018175963574354127,-1.0210429801024028,-0.12574988403542423,0.6320296699809338,0.12225575233753325,0.5305173363088924,-0.577396422267497,-0.04830060270592482,0.014240562087079935,1.4000249232353985,-0.49405469573283395,-0.5684490378889421,2.427735394458676,0.30679718428139696,-0.9460162659894874,-0.1266026324030404,-0.3517414555035196
2025-06-19 01:18:04,0.7631417051468151,-0.7679571516959205,-1.2267815824413766,-1.6872575013867366,0.5926149865801491,1.5639387747588718,1.0389010490663284,-1.5919888767727337,-0.6520847052617951,-0.07241998362331102,-0.5327255878797527,0.5376796331991978,-0.8755375919905322,1.5347101086623602,-2.0702215977968064,2.413452681830131,0.3413306985180594,-0.9237143238909047,-0.8571990485969372,0.41127435111761135,0.7528807706727487,-0.3877960351115172,0.3405673127923065,-1.320215776351916,-1.510936099920434,1.9421828928912102,-1.4507448167791213,0.0010220711478428736,-0.555890514234347,-0.4953610301197369,1.68257920372842,-0.004127527340348355,-0.7488068814018723,1.4828537536687236,-0.2090546429912338,1.0517751156518802,0.85475728008117,-0.6463103721841311,-2.6930033927874972,2.5164115926904853,-0.19990593934202783,-0.3319277699326149,-0.13412731428559022,-0.5002850733089896,-0.7386073951959826,-0.4909400840398003,-0.08855394041880238
2025-06-19 02:18:04,-1.4079699826704049,-0.5283271379439203,-0.6422056737643244,0.09432225281228974,1.7103129531435484,-1.36428212528359,-0.6504081325126473,0.315100445174525,-0.17555521451569403,-1.8005985628163659,-0.27658348150819967,0.7043691843412089,-0.9650780754035948,-1.3527866538124644,0.3640345466262834,-0.8093030710253452,2.0629176694821343,0.5541021980558265,-1.6909324304807458,-0.5470797266808556,0.9327378823062706,1.1938300279896317,0.9424598604309118,1.856812983381593,1.234086987438246,0.22397776575868988,-0.6069288486251309,-0.4839470831397426,0.7340969872176252,-0.7286173422299033,-0.7822689719533247,-0.6288189127467985,1.2871500581014677,-1.8733258280777272,-1.531249648575369,1.3580474242419245,-1.2002205306043647,1.7099310113812265,1.0078192876524146,0.8307326776582463,0.9682696777969434,1.5235050553573406,-0.4418826455175355,-0.09691995468220066,0.29137508485250135,-0.7784376072126857,0.1252147740097249
2025-06-19 03:18:04,0.8738697693736363,0.08324954929888245,0.8034312130689188,-0.644138307036096,0.5734493908799583,0.6312058515034127,1.2396192786995306,-0.20665072136368773,0.4895952026494792,0.041123872207702604,-1.0210172010215004,0.1810571171364347,-1.7162624462365201,-0.40854400692412673,2.405145709881789,0.05479644319316539,1.4434946766164969,2.16989003017315,0.34814611843299037,0.6765189091209586,1.4791955551819458,0.785192306416817,-0.2791555188301469,1.1164087377262677,-1.2768614593034613,0.5594571401628635,-0.31126831732871474,-1.2210640412229798,0.8460255148754022,-0.1497811477481686,-0.06404153270278153,0.4335439897016327,0.2994775471007494,1.511522428953266,-0.9250867797267992,1.7721947221680694,-0.5685992546399345,0.3522755355880714,0.40010307158727776,0.9895107202082349,0.090037267198494,0.6063406521587478,-0.3025482580177275,-1.5491081599896173,0.37094235095355793,0.7594496176214139,1.1154684505092565
2025-06-19 04:18:04,-0.19544778956911757,0.3890075728568889,-0.9519361584924889,2.009792446974608,1.2305586436163882,2.7892784731452336,-1.4391136076462343,1.7523970359915264,-0.5141356743971667,-0.548116903214365,0.6354248732095222,0.715784891693418,0.36298302975435404,-1.504102484897724,-1.3184645144051224,-0.25399071462337874,0.3022704882786486,-1.1456318776796224,-0.9619987377325386,1.7697456124929913,0.38925540144792925,-0.7912270584878903,-0.19066906681129012,-1.2151147898165353,1.1064671106029347,0.35568408479567254,0.3074380301489775,1.2940669828954796,0.33784901349913066,0.47957380323639587,-0.8458576299384019,-0.045121633918237196,0.4591059719199188,-1.2963599696269026,0.6729059816768406,1.223765391086336,-0.5859817792596742,0.807593376157559,-0.30503448482139434,0.6510968297230809,1.9855518245298267,0.5943511346637907,-0.7548744026130669,-0.5970692956774616,0.509901835329852,0.33299672722131607,0.6650929565980476
2025-06-19 05:18:04,1.0687203782412504,-0.6716710229342354,-0.9182117131777764,0.5989321714684187,-0.657430886022069,1.5357448991544327,0.0793415109472596,-1.443416888516104,-1.7213320368508043,-0.8292799290860335,-0.44145161700725566,-0.5534533616426853,-2.2497163141059833,0.0706986853186967,-1.672861162183224,0.14156455781780958,0.38881958983192616,0.33432098823289186,1.2258142625057336,1.329487694568104,-0.8487223182849232,-1.3188909138165663,1.6663453722881603,0.4335455985805913,-0.3128515438897754,-1.0569799906798518,-0.4234886961960081,0.05228327953389871,-0.2176608583713744,0.976273596370574,0.5864656956469918,1.435891925228351,0.41226646219459573,0.992924641815929,-0.7562192846250279,0.7588692452560178,0.7100315796812737,-1.9352461741076445,0.9594740752544696,0.7997842952209624,1.1822104161168703,-0.12079493427611644,0.7716298968336281,-0.3092365446248345,0.37227284249563497,0.3522731049650488,-0.17643028568286206
2025-06-19 06:18:04,0.5082013198288777,1.0399340660367549,1.2105829656944787,1.3578406337605446,0.7223162872913782,-1.6590077313811424,0.6326007843341974,1.5172242204247568,-0.7248272928377005,0.19929332732183885,0.3934177685652,-1.1076321097986843,0.3864694223741801,0.04272420695715585,2.5285456014806362,-1.5746378376769952,-0.13756045822850224,-1.1462039089332927,0.9683889126943548,-0.530058846424942,-0.008072165532399438,1.0286214434201555,2.2428014505568425,0.4644048897554654,-0.9561442739055086,-2.295384644019291,0.19675893302545525,-0.11852127519618458,-2.393763306040235,1.4492783019515658,-0.43503138404715297,-0.43306934019157545,-0.4067188953200066,0.046844903615167584,-0.9123884951317668,0.6951346774128269,1.899228680791487,-0.5253412150705524,0.3450092600549704,-0.23125280681329913,0.1668753007149344,1.0176878054472533,-1.6927419418859562,-0.27772070273162874,1.6046133513468308,-0.2901028785057701,-0.7115811113136149
2025-06-19 07:18:04,-0.5762255059957733,-0.8777887778317627,0.21048414998250028,0.4639734498582502,-0.6064041946088866,1.7430764361520024,1.0753867159066526,-0.5973864185616503,0.5248484768580872,-1.591200953771333,-0.4347225486683461,-1.214564712854717,0.6900776164108117,-3.1229397543668704,-0.12244852530348217,-0.6330701439711306,-0.035256626656019065,-0.5841717547297698,0.6469758573124261,1.8726704756934924,0.6154823668964199,-2.0970599167488486,0.5086815676385719,-0.10047964210614044,-1.153388834059838,-0.3553045453307956,0.08195045423320048,0.3619703200939489,0.7441145122083846,-2.619188473954202,-0.016938716882111016,1.1289675753947048,0.6011655366490101,-0.6019904092161741,-0.3974766587933751,0.0888211827782739,-0.1730313716183818,1.6977767380488211,1.7390997569504154,-1.1516355124800273,1.0559492186481212,-2.096108870688183,-2.026677781270627,-1.162903029437462,0.6421533260265951,0.0690452959595589,-0.008256879406486764
2025-06-19 08:18:04,-0.3317189867049087,0.8315511599633401,0.5368887664027544,-0.12541574499063685,0.6424330932821882,1.303143554367779,0.6239549232245374,0.48837856002739627,-0.16740678773975998,-0.5547813423110545,-0.6581783733941032,-0.18537592071435952,-0.23753570059215023,-0.10273780333431982,0.6393023195694353,-8.779600547828646e-05,-2.1426776890950268,-1.1111647650000793,-0.3876742429898449,0.10606642027343038,-0.3282308497902518,-1.4013002750738734,-0.796200890659907,-0.8551046748984514,1.1681424742103281,-0.621524983293734,0.30074482321970236,0.9148935265511164,0.42544109044249123,-0.9701411594124396,1.3416507396872743,1.4793708604105629,0.6880385379235676,0.5275475365105317,1.3430755491975495,-2.0883338818584893,-0.1738524095093627,1.719703510898715,0.6803547097936085,-0.5038258913880344,-1.229030197072888,-0.7433238356933035,0.3577957953620769,-0.6855049843139605,-0.7392611067461571,1.2041291784046764,-0.6698339242746306
2025-06-19 09:18:04,-0.13587813212195993,1.0636658316380483,2.778238329943105,0.2584617372294296,-0.3756578329456599,0.30361309149744103,0.3543714667497643,-0.04241794871953914,1.0982707827322065,-1.4572891935700842,-0.04787474665040642,-1.5648033287617205,0.04055708616853879,0.3599016188228851,1.3147584727511674,0.253135965150401,2.1871414576927624,0.1868236357483594,0.5506266518803584,0.20723696125811028,-1.1018333023767906,-0.7568491556930617,0.07868022490873117,-0.3531829031795592,0.17762605201522041,-0.3580436004362952,0.2734645930172096,-1.3057039051295967,-0.6393879004026242,0.7849727051220609,0.5546483324579988,1.457898167115376,-1.0558433153430349,0.2583228896421695,0.08275853207104725,-0.20982735213270534,1.691217152141483,-0.30136757569926254,-0.15659539628304156,-1.585778677733775,0.3098492278244382,-0.6264880521949311,-0.5600909674785977,-0.21607829950477886,2.13716319270702,-0.7767683364958102,0.05382438611041424
2025-06-19 10:18:04,-0.05777552462124509,0.8486909302692672,1.6916700282191657,1.2369426051575263,-0.3004894730451867,0.519916258049856,-0.7303860413887194,0.060540876696645846,0.5304371455072174,0.4677681549923149,1.029036767839577,0.0980811346008961,0.41713195953393895,-0.547536926020062,-0.37823419041725576,-0.6920355307953479,0.5165284679951859,-0.22305884598330983,0.21748117299612277,0.850150892860212,-0.197506201169231,-0.09265150750750979,0.18530168597434152,-0.5755146455457337,-0.7972548470368604,2.0658768457388903,1.2434935014808386,-1.0303961709270206,1.3594633563382097,-0.07568024659699797,-0.955189606758744,0.09939228733072593,-1.1215471919420106,-0.2366700556232499,-0.37021557504030966,-1.273477413003912,0.07729142233162303,-1.0761579419295997,0.11054244506184131,-0.4074854955591847,0.08997029653684627,-0.485172598860578,-1.185378221097012,-2.3101549799301053,-0.23817472508096826,1.2893786599043562,1.2449832626165072
2025-06-19 11:18:04,-0.5308850236362007,2.522405240383917,-0.7126989313395575,-0.6339765842768033,0.6017567685227718,0.6826058792132124,-0.6269943462656352,1.0574722991498826,-0.11649808041474843,0.1269638948010837,1.6882364435302528,-0.18049747671405417,-0.42254855965769256,1.8431804994474406,0.4939884534475282,0.07781712446076332,0.10718541054388,-1.26816646100504,-0.22733370815570367,-1.7724860208850308,-0.6214599555372826,2.2550763431118135,-0.17392743187079235,0.5393383076317652,1.2580037561732726,-2.0155564076818764,-0.8252133225863827,0.02809532949259152,0.6068288468442006,-0.9998606074680817,0.7009706241721332,-0.028763311988762284,0.4524644856216969,0.4319314410472002,-0.8099269958986245,-1.1323523142878285,0.6582243487982514,-0.6151939618754719,1.0795996778909358,0.2583244721390176,-0.7881625432608027,1.2500928784784877,-1.0509092703315257,-0.010952515207296322,-0.6438988108892341,-0.47727237673742,-0.019371037235291152
2025-06-19 12:18:04,-0.10718971399524321,-0.4180641548233041,0.3886847837226704,-0.1955718533931847,-0.6086565222378473,-0.6405306556275154,-0.7944962345875254,1.2702879223121781,0.2063756464878513,-0.6243739718926762,0.2927425595188971,0.3991372716978584,-0.09265367783585758,-1.227735415208167,0.6123405709882286,-0.48345570573407437,0.2346520490600992,0.6157983270983672,-0.9450177427245746,-0.03839800564297461,-1.035561129024843,-0.6027388281665639,0.056118666811236194,1.8398239517225128,0.07012651716244814,0.8259165606826361,-1.1629416587875396,1.0224971012299067,0.9086557727092219,-1.4300704284539676,0.6873768043061781,-0.4602069007068782,0.14163430086440465,0.8828946949466855,-2.8321498261829845,0.2719886886537857,1.5950900719754115,0.33706545526831644,-1.1069040314590646,0.23529207924150308,0.9022168549941164,0.21398849249180393,0.5165840647981872,-0.7876329867963787,0.16853013224606583,2.0792959717586386,0.6258941319861189
2025-06-19 13:18:04,-1.4810463158763139,1.4935969864760146,1.219884985175521,0.3654913303125144,0.653481673345032,-0.8236693168539851,-0.19437890282712392,-0.8046776254290631,0.9570223227209013,-0.22578678292708945,0.27874339434093315,0.5907088211031637,0.40169224523509767,-0.595507069867556,-0.20377595145413266,-2.070608165967077,0.29395766220817027,0.02715938420564479,1.289503023771016,-1.3727657948956213,-0.7783731878837543,0.6082167496324478,-0.9669652572773918,1.6700960641691451,0.6461530134674276,0.8140338575347285,1.3936431835616463,0.6531250270267074,0.14901354612138848,-0.0026770801666547023,0.5913441587372559,0.11904735988308446,0.40726885654377754,0.33445459075306117,-1.313370221338449,0.6599759482404323,-0.30556263341932244,-1.876393961564174,1.2587691009751638,-0.34158490701956673,0.4618332324808398,1.027586016820648,-0.09105815343326708,0.36915863159116247,0.3282730071647266,1.5383096087137573,-0.27648489154159633
2025-06-19 14:18:04,-0.7263730265826864,-0.4139909229605505,-0.5989624442455975,-1.0905333031877633,-0.9967651055170704,-1.2089218108053363,0.658535820283751,-0.9189244069375258,-1.1408609493435864,-1.3369261782674882,0.6102966051090586,1.6753285184689637,-0.5178848994480432,0.5715664127160999,-1.349053597621835,0.43315539883988197,-0.4124957951352014,-1.5047168347246762,-0.7760283005416112,-0.3530055183137286,-0.5394117077884522,0.5365296824170295,0.265704329459963,0.04136940484551661,-1.7418583314301415,1.2700571449253975,1.9670673731232216,0.42249686232625794,2.5046812999579102,-0.6405302811711453,0.4337840971067264,0.7159696802920449,-1.0822528588901204,1.0841137830198748,1.0252015763745619,-1.6430005753316261,1.0041650955345467,-1.3610150599139825,0.6709559337078196,0.15071908950931415,0.5767928353729717,-1.2427903784539478,0.48057814328004966,-1.2845988292346056,-1.0001729120765073,1.564656427181273,0.7330567204748148
2025-06-19 15:18:04,1.0723486995736473,0.2926633844168954,-1.4242492496575034,-0.36232447689494157,-0.1457515943341405,0.758732230801823,0.11186411323781283,0.8854405081895997,-0.5186103762627192,0.3712746778034176,-0.9712979036514733,0.5062213019525035,-0.06932596493410333,0.5617973615944117,1.190601958729285,0.2114552076832253,0.9126450508133461,-0.8257328416874569,0.07551343538664926,-0.5156965421400177,-1.1375201364346876,-0.4684925388002081,-1.9566162583256894,-0.5316320922492388,-0.9796233570101776,1.4750831156603739,1.2915436934011164,0.09149055239139647,0.45256772385346694,-0.17853545939289367,0.4589092083906401,1.1604663566537623,-0.27180782940858844,-0.9991427474620833,-0.705634844332309,0.5961863141959888,-0.3038442964565751,-0.6950088836367048,0.8018663106771995,-1.1242178416979074,-1.140794981808414,-0.16877095699457087,-0.41079702015479624,0.9784862947177542,-0.9381501639803038,0.2642333632045735,0.2508875393566243
2025-06-19 16:18:04,-0.23980430575854972,0.04545713565286692,0.023017260311510464,-0.8716921833636044,-0.8592119877823492,0.7450900611549341,2.12507317757222,-1.2738085570601292,0.1594069675372424,-0.0938173820579317,0.5449474343398327,2.176805161865742,1.5800955241131454,0.6378203131091753,0.6885650174202514,0.16262530828560715,0.15989557110356187,1.2638769808257915,1.1136609707602418,-2.212434533657525,0.10490163079019663,-0.18268220167275176,1.3389969893807732,-0.5979424008820045,1.055324039800469,-2.2440797634775516,1.2199408994532115,-0.8694728582830198,-1.6602217535503054,0.583878260959221,-0.3519508062071955,-0.48048025394503757,-0.23186992505583445,-0.07671656987550227,-1.5122445096241766,-0.11329330506612957,-0.6921832320657576,-0.7677726619458849,-2.333479947186388,0.9502860873647767,-1.3711552023423845,0.3261939748841931,-0.0931358737495622,1.3726805362651096,-0.7880032883940109,-1.7634354975311337,-0.6408369953187136
2025-06-19 17:18:04,-0.5813890185353349,1.6280459911065661,1.35878668163963,2.417106610547371,-0.07547580321352367,-1.9106174448580167,-1.621296602518817,-0.2698891131949412,-1.0884131485027297,-0.5569132835199836,-0.7188166341260818,0.746123537619781,-0.1761811026930348,0.12803634414025417,1.0057867284507196,0.7730772765900266,-1.469696548977823,-0.9846801675607744,0.18259708694840424,0.3742042024380384,-0.6196971090654204,-0.006988302686002364,0.6329463728792721,2.0013747026004345,1.5060807783439654,1.1102385783284145,1.5705871709100125,-0.625560739424792,1.3159413388231949,0.31722281709710975,1.5140778715302774,-1.119773154212963,0.3896558063773674,-1.8306633735267002,0.6796793424405986,1.7896206048630308,-1.0982775504639948,-1.543267720668244,-0.08119641327690587,1.706322319468154,-0.27419523211632113,-0.4059421109047636,1.2645431010549886,0.07475088540499693,-1.5146647907045365,2.1435760253060137,-0.25848814688648136
2025-06-19 18:18:04,0.9422808343124899,0.4164361771950945,-0.6544133440943986,0.2527697673367016,0.8211430992849879,-0.3183004483655598,0.34988989846581225,-0.6086461748638867,-0.1747439799867855,0.4105353244270009,-1.6833447424526051,0.32365412051573517,-1.770960687647482,-0.7861602897371516,1.974663446391019,0.2016499458075768,0.7532947714783521,-1.172320729513529,0.6195704263513065,-0.04034428887287116,0.40515519119959453,-0.8130457920320174,-0.7667636343457918,0.3123021339017428,0.8772290688574675,-1.7684811851672493,-0.9818115569839698,1.212100563865406,1.2538970038813189,-1.5298109551306254,0.5007372994871351,0.3195909272114321,0.448241712110106,0.27307505515594827,0.0060745581329151544,0.9365034561101426,0.657105799727419,1.073838894158686,-0.7072997429225251,-0.2819029317061063,0.735018240541168,-2.161538752061846,-0.3775587677996675,-0.5381284898001473,1.192826044473823,0.005989815868239896,-0.8498764382920769
2025-06-19 19:18:04,1.2923986446835283,0.5044234138485773,-0.32369250094178975,-1.7189725045413589,-0.26769662741195105,0.38211997045046453,1.9726827116242176,-0.4807819426829484,0.300328787509088,1.5139525958013247,0.41464375932932296,-0.22080801052308424,0.7414769242862785,0.8645838067584474,-0.2186799787517953,1.8966993128781076,-1.471540548533795,-0.20139547192012883,0.3401920566176778,0.4317366896833752,0.29026029024377453,-0.13446599352501593,0.8981069512867059,-1.1971359974499673,0.7699398593746156,-0.534282764605326,-0.36579201375973974,-1.0121533382669055,0.30668153795132036,-0.6937832798552528,0.2950809151564851,0.9331139848336291,1.4062556736038037,-0.09280743560338972,-0.67368417443454,0.2863857668633343,-0.19277361521699285,1.2119988521470455,-0.42279596756720383,-1.0155889820483917,0.7264773557735875,0.7452013794922736,-2.7685270258857644,0.41600193127675966,-1.5925156806451266,1.178619694292486,0.008250705285287464
2025-06-19 20:18:04,0.39275224803623265,-0.3977223545346845,1.703895640205425,0.8720055080504614,-1.4033542938138612,1.2359015260640345,1.7952749574723375,1.5508851771469705,-1.4262011376578196,-0.16846731007509821,-1.1726446012314216,-0.6045976205880248,-0.02415207026602068,0.25785426268630934,-1.2158893065430227,-0.5076333071160957,-0.01602544818501409,-0.9344685996541622,0.5696549093722868,1.2376504084231978,-0.8273537207739451,-1.327218466100499,0.15812099903727794,-0.02791145723271236,0.3977760224519764,0.31657785362500535,0.2212345473484116,-0.10203460476595162,-0.46003983686306743,-0.08362539446466884,-0.8235304237197546,0.7719635986129799,1.6906393906401775,-1.1637608515312323,0.4636287169303401,1.2181238671236954,-0.2293578390189439,-1.4505570038517717,-0.19206738166672543,-1.4777843250740696,-0.6841842774643797,-1.5204365555569228,-1.1822272836209753,-0.8607803239574251,-1.4501781501161828,0.18838880206445277,0.625288271213731
2025-06-19 21:18:04,-1.0903329688612575,-1.2313424555904344,-0.9707368770495992,1.0059345546438565,-0.2919105675711439,-0.5075855236585722,-0.2932123577160032,-0.9836491503989562,0.4287731679173109,-0.2033409290994176,1.6710321287586702,0.4771717447476851,0.5199237121015818,0.5262125732633035,-0.2919135095241079,-0.16168151422050045,-0.7866647171210499,-0.7894840333076194,1.4405977626155722,-0.7395564115404499,1.5519332156261159,-0.2562358674711112,-1.2038088222363925,-1.3510441571439142,-0.9451324083833496,-1.8572378221962218,-0.085190060703359,-0.7140554023409579,-0.8510736798872693,-1.581479159860472,-1.0103805984044905,0.5568190084637847,-0.9450266361908697,-1.289150652819788,-0.21838213597311015,0.7399540746870384,0.5647451605044493,0.27231575259228014,1.133934117622762,1.7377113394961348,-0.3307915489543131,0.1081466499930999,-0.7039163050703875,-0.3472948568038564,-0.29152276561344886,-0.998053662356958,-0.6028647368789288
2025-06-19 22:18:04,-0.6847313890692486,0.915124429512993,-0.8109219231005816,-1.3004174585686854,-1.2150048911627271,-0.3971431928417076,-0.03328968141200805,-0.06657581375547673,-2.5204939680531013,1.0843073891439052,0.7491087845803495,-1.2923595374988115,0.05575903460915405,-0.08861280040267924,0.8612189970329657,-1.3287350234449633,1.8005776391361632,-0.06368805000703182,0.624214757337938,-0.22090682976410014,-1.1565732992603435,0.5236423211016966,-0.33134550957765213,0.5172591483683419,0.4757751228566462,-2.321834343558575,-0.020249904601690846,0.13615665273639285,0.510952703280713,-0.3470999872218539,2.202599645495743,1.3177963185273969,-0.04401032596568288,-0.8191264782486575,-0.5915188022943724,-0.11565333067394633,0.14608120526892115,-0.3874753823677536,-0.6025195953257595,-0.14474978940685437,-2.041300710883975,1.4900640851740123,-0.4898310381182992,0.9327513016387204,0.719330798382492,-0.6542573547905393,-1.1625015641640841
2025-06-19 23:18:04,-0.05664392261994887,-0.7144584895904811,0.8888287800033642,-1.188037608698799,0.03263700606264809,0.3214747668126076,0.25025030425401285,1.6817744474091,0.8793504625870968,0.06785027982574032,0.20396433322629878,1.8833043549599042,-1.4595540949697794,0.1476329794940831,1.169805599226575,-0.2807547595223517,0.04238422624773776,-2.0121074849992455,-0.5363392681491785,-1.721815081027912,0.30707876403596895,-0.8654456861034583,0.36124360578603265,1.575327966200082,-0.28868085816930705,-0.8347872473375072,-0.5947621214100469,0.42070923764878093,-0.5081262378211605,-0.6455681025123136,0.2634651697695045,0.3113444653198367,-1.2306506954267709,-0.11118758813802992,1.3739022580525955,0.5470893082676608,0.1864570130236261,1.1232655305180315,-0.7524916828295786,2.2271579779908595,0.3777492221030716,-1.0755333320279266,-0.13719208279012618,0.3384020035349475,-0.2696211386449703,0.3877637194482623,-0.40806575268572826
2025-06-20 00:18:04,0.281785261535775,-0.014191985884681851,2.0823946770825237,-0.013429010365350935,-1.069880116220734,-0.8094353592520399,0.24844387012643193,-0.878786016061301,0.3980979165622655,-0.29052968090279324,-0.21893195833139095,0.15570452948621627,-1.5454712668970783,-1.9080335082499933,1.4492233243920565,0.926586579225836,0.9506265685659836,0.17701376589292567,-0.45931459451805795,0.1864374907525924,0.40145193527055695,-0.6951361045405673,2.376362238826498,-0.37587760451431296,0.6791710225399695,0.05954903928969106,-0.34218414845403766,-1.132728089203685,-0.3629022238135364,1.0372195714496606,0.933490356182775,-1.2826226676494046,-1.0575071363993302,0.12617261460020357,-0.7313397642508649,0.021318121544626596,-0.41968593655768877,0.856458553882316,-1.784690568287015,-1.653306930423227,0.8152985757176665,-1.2926422763006153,0.35398177560748384,0.2584386498418258,0.24819414466007036,1.1980841033988616,-1.000528055450015
2025-06-20 01:18:04,-1.9225891566238142,-0.8791544179565741,0.047869263248977015,-0.0829159320410605,-0.002311447491384081,0.16235061380204122,0.7129459909856107,-0.20892369430646637,-0.6738803951923067,-0.9978506200397632,0.41426525241358386,0.5688803512606903,-2.1234441471365075,-0.22120299097506854,0.4561921161489054,0.6496751987554656,0.7474290476097657,-0.7647097787121707,-1.8460052387322599,1.4531317723199166,-1.003712073670512,-0.21167415989364075,-0.050646513827878686,1.2664473925864403,-0.9432495454217535,-0.4137969359744962,0.04616036123207912,-1.4211424734516398,-0.05972590783950943,-1.1974299541755475,-0.731986313598522,1.5003333559835808,1.0270264547515784,-1.2501913845477093,0.39557439322026466,-1.6030761594646756,-0.6309615461192758,-0.019334971111891336,-0.6400324619292465,-0.15522337550154228,0.11930174016688504,-0.04431960979098555,-0.6969624246604976,1.391533000345891,1.5365686111641998,1.1387945597701619,0.51099267697959
2025-06-20 02:18:04,-0.4575370723175748,1.7351726967492964,1.5505787867035925,0.5727105300375607,0.010247237984363186,0.5077750921986854,0.019531177773591913,0.6505292346869802,1.0689912553914174,0.36993868038763084,-0.738103952098704,-0.2717313750237396,-0.46361290288852885,0.791250832955177,-0.00017716090502523644,-0.3204921646775754,1.1536860765710424,0.9119701664354033,-0.7768577228829983,0.7933643656440865,1.2285502756247622,-0.5988062102725311,0.8764851591261961,-2.3806636186184256,1.4760325488742554,1.1088848644706752,-0.3438120774179956,1.2501899164749233,-0.4862699765185061,0.7901019881092555,0.8006544371396541,0.04784698639350519,-0.3542597764073545,0.19360343142555952,-0.24806316554376975,-0.01003419631043988,1.2873118106701575,-1.3292306839637087,-0.852422026651134,-0.3039132715770639,0.5319416697670711,-0.556248664495519,-0.34434705013543093,-1.3541520897424337,0.8772730588466394,-1.7202508911229986,0.8257575518558241
2025-06-20 03:18:04,-0.712115447488579,-0.6633531089077968,1.1812011243087333,0.41654402067962043,-1.493147274562006,1.198796477154069,-1.565304033313185,1.1959426230441133,-0.008298073441096204,0.5707895638909428,0.05105955248313996,-0.4268178744730764,-0.4635045296604473,-0.49940874247485756,-0.08986983762713051,0.47868995042437124,1.650064022739878,-0.802295602085668,-0.2628373111269172,1.0604929270126262,1.4806440997445052,-0.8771199329918474,0.5483231623414022,-0.7638245458212307,2.153324036718198,-0.734012963892211,-1.0562580964609554,1.454946792572249,-1.0328415739745775,1.0443802805342581,3.0140435573422018,-0.3526959584303486,1.7581215386729887,0.010541121273569596,0.07637430440165095,-0.6027185093468653,0.6082730515864492,0.47280814897268,-2.324351922742392,0.8364971705451667,0.15420796881647636,0.05400688864968285,-1.7043743099432993,-0.14869167250473295,-0.2619762899690591,-0.9063327653948249,-1.7814042442148503
2025-06-20 04:18:04,-2.723029604296485,0.38371538714888653,-1.4895345260493853,0.8067288748801795,1.1917456589589508,-0.496845395789353,0.6011973301712734,-0.3776643435951604,-0.18724313787318678,0.5447258407456163,-0.2841081050046703,0.9589366232418574,-0.7920361794861471,-0.19750323852464108,-0.8045896856184336,1.2130559024031276,0.32530673929293763,-0.020722153519087943,0.9753694135047971,-0.5359916800420912,-0.596018033777496,0.9707895688008146,-0.18783117390609866,-0.4807023169590173,0.8750869375531788,1.7024635071449272,2.296801270364639,2.438042181326993,0.8144447344961263,0.11234839559690922,0.8062663218180443,1.4308407825204552,-1.829187172337211,0.3203223858447534,0.9995534568412048,0.022301853067970404,-0.18560287578889134,0.31685513052610575,0.7768695501336094,0.1517321624835991,-1.575578449952384,0.8742433083851517,0.5711765916207087,-0.79119883362036,0.45559304484850394,-0.24583333308019117,1.410209937087293
2025-06-20 05:18:04,0.34796621338490785,-0.8091217334551544,-1.1070359090294497,-1.171820950157627,-1.3284558546531713,1.0508388545838339,-0.9851053672716686,0.6595506101504872,-1.8211915254800572,-0.43993542186855683,-0.44872594051584874,-0.3673567006268261,0.3537363872613821,1.1986874759658912,0.17288538302072387,-1.1903711752990365,-0.08443521949776417,-0.3093840936100434,1.8248690645490397,1.1298382199884425,1.4474890459157677,-0.061274449311830126,1.5226986157289062,0.5161655967669484,-0.9644973435069754,-0.483567235723032,-1.1132338570006568,0.29479461077526975,0.4157254440389538,0.9932046515460421,0.87426800265623,-0.40028502014085415,0.5923244655040867,-0.6676107670117398,-1.780588251018483,-1.9630641472760346,0.3487285320994135,-1.5209465707771497,-0.8413493837456685,-1.5628934171706945,-0.1332220739840279,-0.29665637923802773,-0.7219038576518507,-1.367135456637709,0.7029286609225086,0.821063019644306,1.4161758531276332
2025-06-20 06:18:04,-0.30774934045628155,0.429551579040329,-0.6973074683184216,-0.7397508553222044,-1.925598124194909,1.3950804690983465,-1.7064711654033353,-1.508066651331328,0.8846837727008784,0.4248315039835633,0.1984208404617318,-1.0534088165597615,-0.28007401208900473,1.2057666116373418,1.925390899094381,0.010048309681536577,-0.3234661002636674,-0.20217423830955183,-0.2640641579142447,0.08367427113107971,-0.7044631137144359,-0.06839812732406864,0.8253537589997502,-0.7834638946380089,0.4773076321615364,0.007793972317186542,1.6132544535311504,-0.012239999142442736,-0.4404897932818193,-1.8242248018402987,-0.8604907559265949,0.27156268599247096,0.6223199472593992,0.27082833622318114,-2.2189784738512106,-0.9098016620502861,1.100961519521834,-1.905449362220403,0.9299457492292887,-0.22661696545826523,-0.27237448862234254,-0.28727130514937843,-0.6358846712131514,1.2906456705967706,1.006886368495266,-0.10516600994772675,1.5991735148601105
2025-06-20 07:18:04,-1.0876132975994646,1.619424439086248,0.05449891034407515,-1.0366233062768253,-0.18290370746519963,-0.23735001158669541,1.3172023262499506,1.4757214252108022,0.9804039754250224,-0.1541002220113316,1.2190652041120635,1.9069884726361355,1.0479274412581958,1.1239066699503832,-1.54770061378566,-0.6079949578902014,0.6410618988057422,0.8060352848443769,0.2672899326051608,1.1667905840855277,-0.3372753346479605,0.49181053080570025,0.6555371816879815,-1.198611835468091,0.4578621774415186,-0.9778837442325992,1.6345500125357995,2.08872820811991,0.9226946551388409,0.10490768321033664,-1.5041451001604975,0.7387121038553733,-0.3878358775762776,0.9083443387075728,2.2929803826511836,1.0380840012250707,-0.5675526448579834,-0.5163074107050032,-1.685328364018135,1.9323748468336663,0.9128372674253362,0.178262217315034,0.8796980497414938,-0.6573473911658005,-0.8298604590367628,-0.257719394252449,-0.15840532331268856
2025-06-20 08:18:04,-0.11680456938396348,0.8074489196369263,-1.6120514284787473,-0.23425198387959187,0.8418257650499537,0.3493651063897071,1.4363587464551077,3.03404789712713,0.3442497730549252,-1.1325480148808684,0.4827061935061991,-2.4226176178134557,-0.08106843427541242,1.0220299730257982,-1.0890188833699948,0.10700978746270172,-1.5475631381089097,-1.1825461256325196,-0.16394381652555817,1.033317275245813,-0.5686396947847131,-1.5134352428087479,-0.25109560783975476,1.0625325310774971,0.5752394196146816,0.3760981553124845,2.355950295905439,-0.209011947513912,0.24787708324127228,-0.6163234875446023,0.726510264465601,-0.4998309655893752,-0.23325334166471884,1.092819137213143,-0.40257297391455954,-0.4805061356978164,-1.4129297288518519,0.007788585459608101,-0.9441940359363353,-0.05627564705965332,0.21136708325286505,-0.7229090461373996,-0.7718147854897397,-0.021540086579842695,1.4429993721166554,0.5993127098461581,0.627559311392858
2025-06-20 09:18:04,-1.1943335917023061,0.8403134248610956,2.2155119033524873,-0.2325867871909801,-1.7377321011471665,0.21929038717633864,0.4253192882643498,-0.07982165087122285,0.20479692250377815,-1.3399982023904229,0.8417343193436736,-0.8705831588456238,-0.16058658779347554,0.2901700331564092,0.717140640602577,1.3231385499031334,-0.29867237563207644,0.6444052657735003,-0.24111703319929914,0.9302483292776975,0.5877226058050187,0.4113539308236826,0.14242521176768563,1.1865804411322218,0.2523609303838569,0.8760691216431907,-2.4538231617318798,0.6125045211524286,-1.6455130572557086,-0.6132194227775328,-1.3001865783324271,-0.9764390501604495,1.0718212390757327,1.0441822490874737,-2.230396336241263,0.4198075928428828,-1.6597741024560524,-0.16052898521134595,-0.08385246614429903,-1.4087195157336057,-1.7611788754584037,0.7453946504277043,0.8148844158458608,0.6778213097235369,-1.485348711432268,0.9039374089354112,-1.0992182113610907
2025-06-20 10:18:04,-0.5950363433370324,-1.0095013502279402,0.4178655996592339,0.27218751509642153,-0.12618401911036523,0.48819529423544855,1.2788374674825063,-0.2954052544716072,1.043522637512104,-0.5664931896951751,-0.41764884079501563,0.022462530613328383,0.8259627640039344,0.14013305944066026,-2.157852208993246,-1.6244119896056999,0.08705494163545859,0.45167676246863986,0.7407541082854571,-1.6041745022100775,0.765420007883553,1.3693831207033218,0.08711412373214694,-1.8692823652624424,0.13963841375377234,0.12468833165144898,-0.964198110762075,0.9406317249094026,-0.7910960062306222,0.3648592287349429,0.2161990532522941,1.6016604859208587,-1.228708123551156,0.6880148941864684,0.5669847219251845,-0.5046517190747499,-2.438897300373299,-1.20418885944029,0.06914378881721035,0.011042194418259939,-0.30654106176657453,0.4235946918276689,-2.1256597745474655,-0.9637086736336146,1.0326788404748053,1.323366937789898,-0.6488982055594492
2025-06-20 11:18:04,0.1904802516059231,1.3010134220856393,1.6202128560954232,-1.1916845023188163,1.6482494795206049,-0.4292144804349547,-0.0902259889782607,0.8170805581349808,-0.9575663994684862,-1.3569279745709513,0.5659083886640826,-1.9740795202170645,-2.232812835548364,-1.3682545584971217,-0.11805371880864236,0.4581338008549407,0.43838784267263414,0.9816240349107342,-0.39509994772863694,-0.9526029235097357,-0.5352093364352604,0.3854020345993435,0.1698726344550482,0.7678378863273617,1.1548906335063926,1.4691956358509672,1.6340893252080666,2.4298079715679393,-0.334907264155117,0.41894109035813754,-1.7620707281659789,-0.7791246218248147,0.4108558680678499,-0.8907227802093874,0.4395412898362053,0.5488999409498238,0.12108750284750405,-0.14249230850303074,0.6978966910591068,-1.059387866048411,1.3874868110502376,1.3331212665112138,0.5606711770903704,2.389256609341578,-0.2661887218605052,-1.1482379057893901,-0.6856892964646268
2025-06-20 12:18:04,-0.43858750623443693,0.29852339821617807,-1.401795025855329,0.4958104923011513,0.08563547879362708,0.7548746063587825,0.24381779815875504,1.2951592254415274,-0.19305801678627618,-0.3816869823535565,-0.4291829731394201,-1.515373838662245,1.328419781650703,0.634918502300085,-0.7590888010361797,-1.3204090430155597,0.45258728829301775,0.023670958808336754,0.3927424200439376,0.30051501014090604,1.7372440233828348,1.1925320249610625,0.4519327544275181,-1.506575846025027,-0.22272325980116292,-1.0216329364523105,-1.0058025090899951,-0.12013476065085993,0.42545034941166215,-2.4557376459812894,0.8662013371272785,-1.1296659065266519,1.4283376249592412,0.2941782979568263,-0.18825753280544336,1.8097110673688372,1.1849558699052483,-0.18096970551587588,2.1508779070579607,-0.5143495489523062,0.17059937754323418,1.4999532752103146,0.9752753816374061,1.3139394057046756,1.0670118406984876,0.039047496335262256,0.7165212605054846
2025-06-20 13:18:04,0.6539409409979028,0.25956149434697096,0.5623947928461107,-0.3185873201814182,0.37504367611644807,-1.9511249323383255,0.4136654130455869,-1.5879674749224673,-0.04007087855241027,0.76291721400889,-1.9137961219148099,0.09917304426220251,1.0866578282582173,-0.4543027234834424,0.5583080460670585,1.6082758437324602,-0.9994917938470885,1.0598793251431684,0.5422461464996232,0.9824281522303917,0.7495165708903446,-0.27797864740560596,0.9081184927603461,0.897319320560293,0.19167528784141988,0.6889025860995462,0.2945509472878201,1.6459763339918518,-1.8431660738380105,1.7359131662882425,-0.5761893024888904,0.3254209934216131,-0.42111541466754093,-0.2142793954664091,0.05965572352632362,1.2130271433402404,0.5923366998858036,0.4443062749045317,0.20334417398796745,0.5347863375682742,1.4205229467131757,0.7261498592375573,-1.751747039527621,1.4462438890554694,-0.6656865228127357,0.3760509611894384,-2.4250070565721424
2025-06-20 14:18:04,0.2790904081756411,0.8677209932863605,1.064865146785582,-1.3563796148170166,2.0044016815123813,0.5234184362281173,0.7552730574672624,-0.545815611435766,-1.070257088832909,0.25825734776859277,0.33384078755961205,1.1030609656136745,-1.1861948907660678,-0.23829592276736117,-0.03540136479483715,0.39943546612581055,-2.9769588369117432,-0.7878777559041591,-0.23324739158629035,-0.12615956822837346,0.21279912458882946,-0.5780609447510837,-0.38788520593374665,1.5755503440582526,-0.687074786706561,-0.31645554811068066,-0.34869879946358606,-2.0462068629983103,0.37470131288761716,1.515955512950614,0.04661155343319212,-0.49083427847177885,0.021079022556118557,-1.5543033809047353,0.9270637125532871,2.574481383611309,0.18002472764645677,0.2053181263566513,-0.19953277345536644,0.8912869785839215,-0.5879560730943326,-1.31176678572772,-0.46674129683721094,-0.7154729950364804,-0.1790696985433283,1.0956179576083176,-0.14441676034658515
2025-06-20 15:18:04,1.6160372093096251,-0.684942309880355,-1.8617894140608582,0.008639433344036572,1.4410792944538724,-1.2014623208292958,0.99909627738316,0.32191296771847405,-0.913401213893483,0.23766102282064594,-0.4624108377195002,1.111361954329153,1.1451831087702138,-0.6660768943575602,0.9895809329443033,0.3479838342083737,-0.14515613712048298,-0.13457693844486873,0.49998356007166234,0.8292059525750431,-0.14328835312219765,-0.10518910097500764,-0.780971216372233,-0.17570258857665477,-0.2404202434070438,0.3779212876505843,1.4915570795812705,-0.028468534850186702,1.2945758212722245,-0.2672384727767983,0.06863038220215498,0.14194230070916544,-0.710726921261177,0.029502708007188343,0.25081514558114815,0.48635551502283425,-2.1123428888222984,-0.14341349228522607,-0.39677175563561484,-0.5581705385591785,2.7999639682383965,0.9366522674739123,-1.6352803898577386,-0.20527136109897162,1.8283416690675176,-0.8754744749504486,0.1884628494255962
2025-06-20 16:18:04,-0.19399607942047595,0.24201341268665352,1.7412450249797482,0.8601790317498988,0.9321287551970239,1.375105339997221,1.3200911067322079,0.26884655925874895,-0.5352227456772475,1.9560554576393796,-0.7915553073950601,0.41600012652371765,2.2272160076195564,-1.5686347880966685,0.8653661292741109,-0.0649530701019596,-2.362771813438471,-0.3544204757079671,0.8995870096250137,-0.5005741202668139,0.08193679584151982,-1.2160074274545734,-2.150359149520234,0.5419376941324823,-1.4298682766830983,0.23508368797662943,1.0452460552913625,-0.43555536979334586,0.6168199220013196,0.9831335899615674,-0.15162236365603826,-0.07882078116459354,-0.22083942662581432,1.0973856738784076,-0.5154117821491054,1.081820252678972,-1.196674931059384,-0.18454463325162748,-0.7514706310513614,0.9609677323957185,1.9554518712577855,-0.5592348666410016,-0.636409330681191,-0.16697537452892539,-1.3425682519234035,-2.279357950648152,0.9791389315464349
2025-06-20 17:18:04,-1.921821586369062,0.2376102992738125,-0.34586004584569086,-1.0348194386900254,1.0249186440867624,-1.229609043975673,-0.30537973421426406,-1.4820657744376695,0.34105429089529,-0.007650130283772448,1.8443391175218762,-0.331583693949239,-0.48506376019680125,-0.7569313946465722,1.7312354165847845,-1.5364115753394547,-1.0929166879886782,-0.03876842390733333,-0.19879957494316935,-0.8112876527930399,0.4052784353452195,1.4772931773174567,-1.1992455012651833,0.4509917601704355,-0.0623986609695616,1.0811940090761027,-0.7061805026716903,-0.6573796846965656,-1.6062915067042969,0.24728966145962633,-0.1538233068980994,-0.06928164708618764,0.9894591238043358,-0.3555721710990427,-0.29426560840060334,-0.6416201729732919,0.4759555189120078,-0.09704818831655317,1.327494717075355,1.2225038094448824,-1.1496034634335535,-2.1568914292495376,0.8597221679406521,0.6627909280381938,0.0416311605265696,-0.4456197881534713,1.0604732347652632
2025-06-20 18:18:04,-0.025223542185762626,-0.439100107780806,-0.6923255638047836,0.8035697058026706,-0.7414021769603942,-1.0196923629191614,0.9581267547513833,2.493972207988081,0.30834478751029903,0.2614144871829753,0.5441732235403643,0.5078420823842893,0.0364602013384391,-0.8045706358800195,-2.203772194921861,-1.5005481575724415,-0.16989646009967463,-0.38781055915466356,2.340603992094606,-0.25798853452426584,-1.0168173394137456,-0.7094002806198892,-1.2320660828217105,-0.7015876442964238,0.7228884643063197,0.4645509185835529,1.6455503279986785,0.5739623340771028,-0.7070325531060346,-0.39844827271603006,-0.2722447296527271,-0.1931837145441645,0.5553930830042042,0.3042079052742674,1.1049911353485484,-0.8516878663334987,0.38724115885472016,0.23754004031241882,0.5788838703993302,0.2664996466918542,-0.30927812488163664,0.17279199714770915,0.6864977638482097,-0.07513492121205043,0.6272321294053828,0.3877728583642562,0.8370129712769407
2025-06-20 19:18:04,-0.1764126223737311,-0.6934483661104455,-1.7881863623613323,-0.2042472107100692,0.16573926694852004,1.1127186995275324,-1.1519239334873403,-0.608323916609924,-0.14349081089393922,0.4689746354775671,-1.031720437423875,-2.1493387419569174,0.08788451810829201,-0.27296797152959473,0.18893059660761988,-1.5932182060843822,-0.6018202410577564,-2.071219916371851,0.9619208575606432,-1.4585849035213974,0.29510622303678713,-0.6674741920410029,0.34380633078415,1.3888519063959213,0.4912215804331246,-0.8380505079508869,-1.2014096843602449,0.7342663128275267,-1.1537917695495623,-1.9764231486170813,-0.9268410322242445,-0.5491672799036185,0.7655792066412371,0.4117092810976489,1.3353065124297143,0.40947702291035265,-1.375471448280965,0.6900203350424732,-0.5278478575075015,1.5238055873069007,-0.39159199764721053,-2.064994341108531,2.05073265053164,0.3298437923290391,-0.6373499178729137,0.3562069547084056,1.092650764045105
2025-06-20 20:18:04,0.4183233154857971,-1.824929201235385,-1.5982727532034016,-0.23271937042128238,-0.2443175663605797,-0.6167292040610276,0.972519923624003,0.9602139429531745,1.5469175980219956,0.9564068288578228,-0.04582235696061169,0.6835370836604684,-0.9390757312388165,-1.290495419577136,-0.5387582975969649,0.19184049302885406,1.3400919841495973,-0.11474420045792443,-1.0608983522360322,-0.322829526023991,-0.45257966146590295,-0.7311692584938477,-0.38817982135729967,0.4829276072585602,-1.6538371186166965,-0.3205984055444317,-0.9872033345847784,-1.519904013450759,0.24939885978290494,-1.1155821291821322,-0.720654762080945,-0.6421773884801667,-0.5303763033476543,1.5454476371568981,1.274754052740445,-0.05268079943083215,-0.284992641458298,-0.1955148654718875,0.3992669270923197,-1.3493443224226127,0.02729077323753864,0.19443977150562294,2.1899745194987537,-0.1893805113009209,-0.033819109939452675,0.4441900256605366,1.6748167202561977
2025-06-20 21:18:04,0.6985140752903714,1.3636487325356124,0.018469606816610532,-1.0629043308671469,0.9187649254130623,-0.9836522865251158,-1.489903841756851,1.0337099298815469,1.4324817353980424,-0.9015054972994012,0.3881791544455921,1.6596264803387588,-1.7172178575504309,1.4462359562127223,0.5061835291810306,-0.29913567324937723,-0.5663728249756611,0.11638920638209023,-0.16663182609048963,-0.37071298815907083,0.2564709411241193,2.461067371692454,1.4053297757558891,-0.27931183325883574,0.007177475797878937,1.0508363905180322,-0.23286819072967696,0.9850248256854578,0.5874958435981216,-1.3118483081810686,1.7235515956654348,-2.156906524119197,0.5771350249584702,-2.165228263676525,-2.0859703254805178,-1.6368394578017587,-0.28261044030026283,-0.6270120890002984,-0.5094178204550622,-1.6417826903859212,0.8446678944984609,0.4131089091726818,1.4195461518716113,0.18161120173051817,-0.48435571020353296,-0.009571723919017562,-0.5725477702001992
2025-06-20 22:18:04,1.2346926881187574,-0.746962099682655,0.48032742765957326,1.0175379646733402,-0.3507872438259143,0.005199015622762942,1.0320253749508954,-1.0118525910255345,1.5477954944478707,1.1644253700511755,0.06759071192297775,-0.7054616437149037,-0.04339135305450507,1.3564925054141437,0.016149471683354084,0.030478898592601465,1.5325640067571789,-0.3911163847408993,-0.9051733065492878,-0.5078185315460151,-0.12790511548216602,-1.3320172482863761,-0.016437197408516735,-0.8968083064075693,-0.7960012515551131,0.260450658541156,1.077971155038951,0.05541170084958561,1.230537253905432,-0.9401015483988779,-1.4816064940683886,-0.3806552238298086,-0.3753827683778893,1.2129832940539649,2.0745538479799857,0.8278991695545158,0.8399624897324125,0.992485783067261,-0.3507880517869364,1.2008841734009157,1.430098263962861,-0.5118400558213302,2.1472786146564236,-1.1138077171768088,-0.0857966402734224,2.10894775956473,0.5826541638364479
2025-06-20 23:18:04,0.2641334200425633,-0.2089739627644937,-0.8452967089298227,0.8071412753906748,-0.753184419511619,-0.25708259064879596,-0.00761484739774535,-0.56996612476266,0.0899420382401036,0.5129699196398839,-0.3244095610317857,0.46340398204244543,0.8837298300930406,0.932407486789929,-2.0217818252830586,-0.6636808894211048,1.123198485287966,0.07581912031544087,-2.2598223794011623,-0.11884537456305796,0.8984582664865632,-0.5529192226131401,-0.5392159171294133,0.48150890287305514,0.507536679414379,-1.3153342079818628,0.2884927151886657,0.18270147771202816,0.7938132487163442,0.4345801903428055,-1.3855158024728118,-0.47027354312254,-2.451246290503208,1.4974702135660893,-1.4890188949911969,1.268254582967844,-0.1316230290463573,-2.329505305804334,-1.0774992042602947,-0.8041969507713363,1.267784834655182,-1.2995748524136566,-1.2878232614642144,-1.298988152401186,-0.9179045114255265,1.5532047298828813,0.7500973323566729
2025-06-23 00:18:04,0.11906164373421112,1.5740533788094222,-1.0873323034222357,0.74459398134234,1.419640826811197,0.4839572681212335,0.3676981844864363,-1.8269439223164028,2.0083748543648783,0.9499383797015392,-0.33056282987841273,0.0449350047121165,-1.0307785521364532,-0.18684194922954478,0.8889266725634088,0.923867243761283,-0.15507628163773704,-0.5329864968914918,0.8685817381043818,0.24728213308217123,2.2408284462961428,-1.7696888699592526,-0.18173126099154793,-0.4393017481301273,-0.02425575537001769,-0.25931277000610103,-0.8396707647638383,-0.7176770083896052,-1.5479649582532453,-1.5229443238722535,0.656946745842783,-0.4649533735110353,-0.23881191479418667,-1.571237854476747,0.14391574453454054,-1.0810972022489955,0.5233525020824076,-0.0978902775203825,-0.908346617430244,-0.6331473565133258,-0.1077198045127365,0.39999271381164025,0.6198204547741414,-0.7629229705380239,0.43589238493532345,-1.219740466266781,1.2853017010239476
2025-06-23 01:18:04,-0.06276567010920507,0.9030576916892549,-0.22599416801869318,-2.0474399490305593,0.41898205595129767,0.1015471974901426,1.0640455929500694,0.30658597153375344,2.7860612257933894,-1.1935886895163974,-1.237947789411497,-1.1822785738352262,0.3234147139379346,-1.6421490996771195,-1.1900778944647017,-0.6354973301479093,-1.5206126468658552,-0.038524087038236315,0.16143858500489833,0.7381018427920957,-0.356219332481408,-0.698803334717468,1.2080105833925945,-0.4523734118227609,0.22729462745463136,1.0727816755462427,1.3800472921223073,0.6681048452942406,-0.2995414150492483,-0.478532748758692,0.49940278236528857,-0.5132564910897859,0.8435137783300657,0.25757885475315295,0.5401330512428104,-1.3230920255781047,-2.1170286320502787,1.4194619034671812,0.4917086030567482,-0.4666974413085859,0.3819349386629107,-0.014369039333677735,1.4529781840573377,0.39574169048464164,-0.07931235383328385,-2.346160804168629,-1.1439876633359853
2025-06-23 02:18:04,0.35414096151398755,0.18996918343629632,0.019399885958459272,0.39142398719109917,1.4334391843130017,-0.8006256354968382,1.1195200983858498,0.8645633195721412,-0.37472835712753494,-0.09175034594665063,0.3949811646220867,1.1021121393849707,-1.3915157069327178,0.7411950600647195,1.1027590191664507,-1.0299890074924103,-0.38471774567041034,1.996839494973332,-0.5396607565858046,1.114921662467891,-0.5521483122740243,-0.8708525404784675,1.5469392685809213,-2.036318962055983,-0.07352398482906239,0.8921542556620018,0.16713772267585547,-0.2149693672193249,1.154862642469137,0.14820315847213222,0.2822939809484881,0.008478833837674492,-1.4386192320731928,-1.03956000704472,-0.26275463111794245,-0.18515912118132402,-0.9752902312613614,1.037910907648502,1.1524557034129788,-1.0640699746823554,0.47480983580992986,-1.3092028576320287,-0.6239835836596063,0.17954934606177403,0.2250888610243055,1.0364855813316955,0.7305689294076113
2025-06-23 03:18:04,-0.4213210125515684,0.370124176986049,1.8503936843932387,-0.09708005551984179,-0.068272622789367,0.17945844362839372,1.4551419117937925,0.14831406042699055,1.077210755981453,-1.5970914240561158,1.913872713466427,-0.11650471949091795,-0.046674613733940065,1.0024983750120424,0.6270781741144242,-0.38966762356819007,0.2867948900356125,0.725261313315619,-1.241740105585588,0.2644741239039945,-0.5109236043965741,-0.01944223640587846,1.2533162139428011,-0.3540468451744337,-0.9322577194545565,0.7430375553863159,-0.6116932974503533,0.9100416649472948,-1.7309004085712503,-1.6682081173583179,-2.0054041055816105,-0.9322418072600266,-0.8133756809274282,1.7456883439811062,-0.6247100730593519,0.01724489563359067,2.76766628480946,0.05347961649572836,-0.5875659629047465,0.8117355092788214,0.2899788243721708,1.51000880764961,-0.6110697841370007,0.8287794856286073,-1.9724631590835202,1.1767077292335708,0.8914281592042953
2025-06-23 04:18:04,-2.0387343462137304,0.1084307786558347,0.6928126358464538,0.3925118438355041,-0.3605581085384274,0.465635762785934,0.8112812634209173,0.11277206595474429,-0.13655673618167616,-1.2616862770485384,1.745565356966333,-0.04635459577946782,0.8540741453099833,0.18850868954936026,1.354773532014323,0.7333999286411802,-0.21667163118330351,1.0350221193318876,-0.8001927633832745,-0.3716823768903962,-1.190816508543757,0.3650423108245541,0.24785381505573753,1.4508605567225523,2.320074789801963,-0.40410589718655227,-0.1601677275452818,1.0748792586132974,0.832331246403378,-1.6536821784490168,1.1390805335339838,-0.02871289706801316,-0.8692453112183146,-1.323868232286883,-1.1384590201796498,0.9672172870752659,0.6800305493159932,0.012218921284468474,0.050339091811975135,-0.8853045892210193,0.6950616045312338,0.5461977631686897,-0.5581748483895071,0.6704439309086365,-0.27512819982802117,-0.9366425716808858,-1.1958122584427804
2025-06-23 05:18:04,-1.806100351378083,-0.7964195028619876,1.4006492000420834,0.5078017623844615,0.21907904953708524,-0.42887774484891944,-0.09700428452531189,-1.469507627134638,-0.26348778832924935,0.5561518219757554,-0.10987312302546978,1.314910019416725,-1.1512446358438992,0.9178783831640274,-0.3850604932128741,0.7159280891002318,1.4942372489681541,-0.4183689016953544,0.24064134397589243,1.4786387960013894,-1.1954093619760275,0.5572441635146892,0.5190110851473481,-0.6245869161111378,-1.6060747126072341,0.958023168814297,0.4351223513545438,0.477956057651259,-0.4767407080693503,-0.8789448490365134,0.20990854477039977,1.1024379988379074,-1.483022098227413,0.4492353130437613,0.4633037828413757,1.1028300099208923,1.0273390576094605,-0.26784762722846267,1.1462457460190436,0.207762212013576,-0.3853114806939576,-0.9653235344224268,0.41258568783909044,-0.8591329890936351,0.03630176227037578,-0.8892915027111132,-0.3588464874634827
2025-06-23 06:18:04,-0.2451920926548753,0.9195451297554589,0.6411331648698295,-0.13420345267062492,-0.053765887615409395,1.4083430301512625,0.37002296845112637,-0.3139045046023768,0.2202669194954483,-0.5719777458786837,0.8030349938089208,1.4631874187303906,1.5578998278207465,-2.3709129456980245,0.9003940253444513,-1.1699531132613952,1.6364978238220824,-0.15796656259061514,0.6903652300942305,2.7819561207700763,0.40604450847526774,-0.8227750742125284,2.234661502793644,1.1856830951710973,1.2234053874431943,-0.7258795859237648,0.16199732340099562,-0.5072382145685169,-1.433316287199537,-0.29909860674309047,0.30524199383694095,-0.6624742101886162,-0.3923318943769912,-0.1845612701892387,-1.456043319479123,0.3992504292488323,-1.8408613336469148,1.5710852711202339,0.04334088303797297,-2.261476254715257,-0.5177845137326752,-0.16742258943587066,1.5459257155148467,-0.9176512474379186,1.6484203812873401,-1.712767316649377,-0.41381166855822005
2025-06-23 07:18:04,0.70274095596494,-0.04516351634018801,1.2027831338036505,-1.4377901458767173,1.2016092486007557,0.5990596148990347,-0.07928104717960177,-0.623898641331079,0.24124160766974187,0.06438027812029284,-0.7389204440051315,-1.3671184360288402,0.2774951528698883,1.0085572892041517,-0.6149711482955699,-0.3008871218375067,-0.4670058355470656,-2.708394640970106,-0.28563584949054494,-1.7647410826015106,-0.8246503564350017,0.22977592991256726,0.8395420276798257,-1.0216400369266907,-0.17603452187931262,0.5271470497938168,0.9981206833212313,1.415033790677742,0.33392043380838954,0.8671852577417519,2.6496212704389452,0.41211930172192074,0.8331093920329411,-1.3348386081504928,-0.3890526326957487,1.0069089593213654,1.1716694873763986,0.9667839357404989,1.6399913545046214,-1.1642970786358486,-0.6509098873306614,0.7778577786098907,-0.1983943315957493,-1.3365136385979637,2.328949810672326,-0.6285284548371777,-0.7266231951932695
2025-06-23 08:18:04,-0.24416455261581652,0.13001345565204636,0.1924836792376712,0.89122949230479,-0.4352662798141151,-0.3046887433404293,0.764981793885052,-1.4129873922288823,1.0512069042644823,-1.6128416824676122,0.4186461550739333,1.2531957974123933,-0.13221291556901113,-0.6150535014383858,-0.015680105842239205,-3.1308597533257285,0.8685340544485877,-0.6192924669801615,0.6269197042246271,1.5767045511832996,0.2732474639449906,1.751297792580248,0.12036012599757274,-2.3494914960661872,0.06579523107270939,-0.019731064818312313,-0.46139212326762463,1.1624352240782563,-0.47896889618087235,-0.7035956879536319,0.543688467838851,0.7457158050335794,0.8528802038761794,1.5560491538954049,0.6172547057708472,-1.4323794573781758,0.20068359270997707,0.6914601191463626,0.1931281174020815,-0.5853098438721388,-0.9666771812521332,-1.6241086286881237,0.8389709061129903,-0.042405825260990584,0.6605866390652678,0.2692934431188782,1.8611590422053026
2025-06-23 09:18:04,1.3252927069768543,-1.6277645089698924,0.9593960863123053,-1.540381748022026,-0.8998087689937805,0.6015292894905394,0.3993009735348954,-0.8337846655407192,1.0968102203165409,0.15076726472422736,-1.139581390993046,-0.9725015640493051,0.06927501312099854,-0.12886882148468629,-0.9361325163531682,0.4973314641113463,1.9501055771851625,-0.7903192179984871,1.8388121589523485,-1.8777383951543025,0.28168629696442926,-0.8159062197213375,-0.1624254488908073,-0.821318192438857,0.8577643564449369,2.0643605899392115,-0.9923415122724102,-0.5982590540966539,0.4340412533834067,0.7982853846538014,1.01129956152503,-0.3393342196157503,-0.5100007113397815,0.3087275586503262,0.610317113339627,0.6858017438557631,1.4680967870651958,0.9025307906782807,0.49432162780660904,1.7236785040652818,-1.818131771042329,-0.08210032425316918,-0.8741708294654879,-0.6319780904325604,-1.1599361148555032,-0.4333682681642146,-0.3455288064773564
2025-06-23 10:18:04,0.9008728515049456,-0.9360149572297544,-0.6471153123518592,0.27308825251510693,1.8155213525334077,0.1456630572863736,-0.5927548523902212,-0.7466272279193911,-0.4892043953256459,1.2706212415784304,-0.9323680145425978,-1.3327491622302599,-1.1087193665925756,-0.02078048832700916,-1.8538209115699302,-0.6502742614404309,1.2104661640996712,-0.57462527250343,-0.6937828653108594,-0.2996182906682941,-0.10067360217077319,1.6311689957566515,0.2519007266129456,1.31128191458722,0.22872473447894423,0.6255213395147493,0.8488224964029243,0.8005444133208316,0.40964493800379853,0.3993588241741239,0.08716597523321225,-0.18147816671522166,0.33034405849572596,0.7384657946249351,-1.0084914802740301,-0.41314102289759014,1.5182827847588705,0.42866756095953307,0.11079537607845125,-0.3533189148580823,-0.20461395969390953,0.3520942813255746,-1.1521050339757535,-1.6683342200765612,-0.2573605574895168,-2.2853651196743554,0.9019902497416912
2025-06-23 11:18:04,-0.8644816096359701,-1.5270080261728611,0.8148484819025328,-1.0960346322691312,2.340430580804309,0.19222796468154132,0.6256243890419655,0.08911087908321721,-0.28590174179983324,-1.1595742695968059,-1.094274503708918,0.7071096594307125,1.8570989031733403,1.1671619393337618,0.8676573270942085,1.5334501808266885,-1.4410731285555114,0.11877316315776251,-0.24294632507088207,-0.9457149394937531,-0.8258237559814646,0.21411162978985976,0.3815279968403671,-1.3443648968728568,0.486812149552861,-1.2694571096661011,-0.3497111221467924,-0.09065497859787638,-1.9181227335513793,0.5872780945969439,0.3252999765590597,-0.16758095549352564,0.1893813384663903,-1.1813041988318862,1.0500604285728163,-0.5855469265519793,-0.864621117837138,2.3972091474777892,-0.07656531123456592,-0.17848974977474408,0.28365950881216884,-1.0219941274203013,1.4810948754409177,-0.6993666229329775,0.030197467644206475,-0.40209308534226873,1.0230690909217726
2025-06-23 12:18:04,0.6761523834851957,-0.8969759653844184,-0.3961826621922219,-0.7381336051952991,-0.48678350709516593,-0.15148031791206037,-0.49220279471345385,-0.35246753077526527,1.9370193867505605,-0.09112209517652962,1.0436943071854146,0.044608262455394995,-0.21656197659401996,0.032654505217753996,1.995740181772151,0.9350760909753648,0.7908522121829658,-0.9515030503529137,-1.4737358456088798,0.985017997429696,-1.5761294327432298,0.2776601435220597,0.044182935973653914,0.5073492997607193,0.1136847112741115,1.3402841884509709,1.5315478924166823,0.245755589571674,0.17589441988097854,-1.4632762696079127,-0.5255487812819167,-1.8576463687939941,0.5048492439505451,0.731511807055243,0.018738975098076614,-1.9071257063578153,-0.2788637718351132,1.4767864498949865,-0.44394600002483764,-0.6762313784618432,1.0466363030272277,-0.18526393668223234,-0.7219720511231968,1.5146606909883336,1.835629953689324,-0.4708844977387132,-0.10904747122926607
2025-06-23 13:18:04,0.9258759657750922,-1.5212770117105963,1.7286408981201482,-1.2428561006247456,0.01847938080782837,1.1189433416271577,-1.2483194503181885,-0.3117110044931798,0.2293655971176129,-0.39457574274654095,-0.958001581089529,-0.5333577968048138,1.375878962336698,-1.1303647552227163,-0.029361896216715505,-0.02287136778243495,1.7272774189307236,0.6522519067165982,-1.2634727875287952,-1.2615860419971812,0.138033649389564,1.4308107392007527,1.6006728680424362,0.18665667490955756,-0.4204191075845431,-1.4249616359035355,-0.48186583636698377,-0.32785165392740956,0.5123009040238949,-1.2919221102460254,0.4730206310083786,0.007340489899599076,1.506722655459951,-0.06444553929815362,-0.9912786979442795,-2.2223096417426316,0.3472478792553139,-0.711838552551096,1.1732341027087572,0.8424211567109756,0.8644593258307819,0.057739710189361824,0.9108401724687925,0.907642385487526,-0.3425224289189293,-0.41138091272981,-3.5276851408246976
2025-06-23 14:18:04,-1.6249852450326672,1.1799171486100506,-0.18332639431027026,-0.46592178789718114,0.3903675671757076,0.517211721284987,0.32493398020187786,-1.654269551095862,0.6547371782698966,-0.9200844086025947,-0.11452634331964814,-0.26711552519072274,-0.7116041817085874,0.7291995130473691,-1.7024215409676056,0.8310617399046627,-0.1899185644907414,-0.7572757736440955,-0.03655777901099329,0.4112391539040398,0.5502667787652578,-0.1453872099116782,-0.8231406761015748,0.25130310278878976,-0.7441178438523043,-0.4738111012002166,-1.2336326116975307,0.3897020093508432,-0.742454572913883,-0.44133526934648515,-0.26515862701075266,-0.7101237813277708,1.122592372890387,0.6255916647228618,-0.14080342850826894,-0.6014551059233743,-0.7330140301196083,0.7371828212487599,0.902641735373936,-0.532512746458901,-0.6933526487815812,0.37906102678227566,-0.08775870553818971,-0.15958058523239246,0.39511589981761275,1.889028589472774,0.8629697095647103
2025-06-23 15:18:04,0.6100829038928527,0.7181906728798011,-0.059541424296969896,-1.6196163250509419,1.253960816472774,0.20382887333154964,-0.7880724171820249,-0.5898156587708461,-1.974468235315325,-0.6301322648803043,-0.04373028889796234,-0.20644119458261845,1.1656899774780256,-1.4075661439400493,-1.301235609199014,-0.7788988871247449,0.3491111607334369,-0.24780077643645013,0.6165433780910158,-1.554651556925971,-0.5450504776241928,0.25649879558360683,-0.8892167496098898,-1.0596586701137831,-1.2976362058894495,-0.9233799261426615,1.0646659543383128,-0.8602533310290008,1.3269603401924133,0.22957112362728607,-0.08697727295810874,-0.5910783524669018,0.1546143810067,-0.633145865834783,1.786482463980985,-1.3791164881483782,-1.142086739653287,0.4108853607302901,1.3930031853207547,-0.19707492101773164,1.2050998157643615,1.9710027381781166,-0.4280716116451802,-0.8096603241753384,-0.19319904103912183,0.42494457793827417,0.20187184236805547
2025-06-23 16:18:04,-0.19143624273759258,-0.36199475547687215,-0.8730206915642582,0.968450931372291,-0.9636515864039817,0.5446347640857006,-0.3890955899551211,0.5083196952551909,0.8608160216695541,1.6814060580730716,-0.7642072225844841,-0.335522092462024,-1.6253681268213376,-0.4386230096102266,-0.7623666864615651,-0.35293477332485157,0.11701863709348864,0.9723712119265607,-0.4479869967103271,0.18190975725600136,-0.2364215516043081,0.8383641383912085,0.3672758464692708,-0.6563484563952264,0.4841735666968414,0.9023922598641927,-0.09670443730947094,0.34834083042862396,-0.4696808737578226,1.1097749947805318,-0.9859505767130244,-0.40891392539039156,-0.2712302485007203,0.9057098832603555,-0.24034654627983232,-0.45929473274645904,0.3529717237836979,0.9882154226427209,-0.9380788273973157,-0.8915175326252229,-2.0369861473790896,0.16250335791937348,0.5455891154835607,0.9543705608708557,-2.340917666310736,0.03239895398641209,-0.3162954969670517
2025-06-23 17:18:04,0.4201895280867337,1.3127918875949711,0.8297480351849885,-1.3263473738238045,0.539446001212942,0.899149089361472,0.7597223775751019,1.2177083278923602,0.373264314787918,0.7206778479509831,2.811635987120566,-0.0716769720375144,-1.3601065931929606,0.8211411862802204,-0.07236944589087625,-0.5669247852338689,0.28563088089172595,-1.9006282945074704,-0.7614625346444315,2.0400408563118373,-0.08682302802207527,-1.5251578860122934,1.2163593819082403,0.014486111371132862,0.32864089035167393,1.6271168261420224,-0.10865232311223884,1.520751630601765,-0.15576682269604433,0.5500246407501613,0.2703040375793201,-0.13319611935181916,-2.061860085414316,-0.49118673879900016,0.1969763283034798,-1.8023058528868858,-0.49055427700580767,-0.5007082470863585,-0.1143491032808139,-0.5075794986304837,-0.023625876577410266,0.79983724921708,-2.0323326568191327,0.0630302754007775,-0.36495056822511646,0.032293938653689784,-2.0838280877131132
2025-06-23 18:18:04,0.2586753771497428,0.3684417641083327,-0.47433257210858404,-1.4103957747496725,-0.9221424670058369,0.4481341907184481,0.22523230051174925,0.9510495192996082,1.686514379804879,-0.2091089125506063,0.07180320921990946,1.6351894891865697,2.079570832772039,-1.2456171824947386,1.1538388243142248,0.15290446475779051,0.13216313968362414,-0.027207855465636185,0.4570310468487334,0.8248745881044651,0.7225179596672421,1.05608793661287,1.4428695369632565,-1.087294914187487,2.36467277955269,-0.12361630371225639,-1.0863249539061381,0.03412700885888874,0.6906880007250625,0.5076566944239752,-0.7858670391602429,0.36088787452430016,1.5230819967178606,0.31295529240537256,0.10541403551492204,0.03039858907626166,-0.2163883665833929,-0.44752169636963485,-0.8299786471570478,1.171886243791066,0.11936825163474718,0.5953283081513261,0.15020270956685075,-0.7463956349855159,1.691404277622199,0.049493650504311364,1.4474214669962207
2025-06-23 19:18:04,-1.9341595267570868,2.565401493824356,-0.7659230872392109,0.57919018845495,-1.2899776800822602,0.5982748012939385,0.3337774747156546,0.270241223343016,0.42405040359329926,-0.44562453732798035,1.335948057338517,0.04850828981901539,0.8859595257707181,-1.4315360233136813,-0.048478309481565264,1.5601443270513318,-1.5077179246128702,-0.4371963757966722,-0.2679377769914272,0.10265208847035252,0.9844387003537962,-0.08445383470496158,-0.9346304100755998,1.4476756064021956,-0.470072747059626,-1.1100372589377308,-0.8611911313012125,-0.934305080221842,-2.529028795355874,0.4416821288574237,0.22028842949479036,-0.8257850986226941,0.5693989043947546,-2.009204973105266,-0.8658947159490304,-0.6460091099763132,2.6881993720725084,-1.2216538665067966,-0.6654708929210171,-0.048463267839242284,0.7759132199368434,0.13492845046957455,-0.2674001306437193,-1.719656850366657,-0.7685383623445563,-0.48546716402198137,-0.2649507777300798
2025-06-23 20:18:04,-1.1402313618430397,1.046293950919808,-0.250882032391229,-1.1825694613592042,-0.5904143035322948,-0.8657151526720206,2.4469839057642995,-0.8379276526374243,1.0318037832921076,-0.5610095168342202,-0.9634197950123897,0.18368117951426075,-0.16936822248113453,1.000661982894266,-0.4290778843443647,1.6933888523426508,0.8011100483111698,-0.01377980509545676,-2.338341526211505,-0.5310067278230534,-1.6275958878375159,-0.06767201671030243,-0.5009709400840927,0.6542083384825447,-1.1788283333589793,-0.9406342124632544,-0.7520390962213932,0.6150443833096304,-0.1469197809290782,-0.12897768866990988,0.18184859948127904,1.1329537049689646,0.5613239954828954,-0.5926537534697396,-0.8771971200248178,-0.4135890153838914,-0.022569572340829853,0.442321567952212,-0.6349423947818749,-0.19406916951569464,1.545285095367314,-0.315114648235346,-0.2528931771455762,0.46015821062008555,0.16934581836789508,1.8264649602429162,1.9795458672131772
2025-06-23 21:18:04,1.810630860026718,0.09812731990679603,-1.5971162890007835,0.29846521985148183,-0.47474850445087585,-1.1022410842884154,-0.6350222351566392,0.9352698637486744,-0.39924920562481886,-0.7111771074849806,0.6506272268800815,0.8624757594177817,-0.8997127588698972,-0.4956587614627672,0.5514313290027689,0.8365680954742097,1.4952985493835451,0.4728473318742081,0.6967707825658527,-0.06870711301254935,-1.050507236968587,0.820650557730025,1.0236638212785547,-0.6833310855537037,-0.714343962253242,0.2988573279345213,0.5393396725104395,1.266962240873633,-0.42999885413917666,-0.15710148490402484,-0.237995836302299,0.4163777182957159,0.42673807408628206,0.16285163169033148,0.28519802229936997,0.6078186911613767,-0.7618612503731398,-1.9748867227470313,-1.3321947247977857,0.7538845741063753,0.7763896758059303,-0.027622160613921056,0.37119614257189276,-1.4234566595710318,1.695264426576909,-0.47763773886007455,-0.06883931428848844
2025-06-23 22:18:04,-0.1780485414393806,-2.112468381952548,0.8987253177407135,0.22624090945726066,0.03301534871383856,1.8706800332793452,-0.5425742594293818,0.48778512079090136,-0.8720018018133449,-0.23902782240914786,-0.3312529922900045,1.5328647839365976,-0.16738622075098664,-1.3927610667258832,-0.35470463278529696,-0.14197382840204792,-2.2394389572019064,0.005189468830480029,2.029335677579496,2.3112211600242745,1.9094108836304633,-0.3759208453489423,-0.6873062216544831,-0.009319767106255523,0.4094137045671855,0.6011447735516988,-1.8522821244712686,-0.11372543684676238,-1.0675895191963125,-0.9700405541019363,0.8797505799015931,1.1096145281275422,2.0743056621698672,0.7923822331113293,0.44528269018340966,-0.7595663831406471,-2.203377854655087,-0.3302968170765293,1.2046946470004842,0.6589418105526293,0.02860054967150683,1.3266958591498341,-0.5908673171180677,2.4901708703729852,-0.6106759595902979,0.17331227741838431,0.02441612325296077
2025-06-23 23:18:04,0.8398041811768985,-1.6452234949164777,0.8672018346422582,0.41723233021360234,-0.9339227669836085,-0.004081427621428282,0.2650846692458373,0.003053754595864284,0.49445133030228333,-0.91992831441698,1.4413020181845322,-0.7185347092732025,-0.3373216266557507,-1.512946449859322,0.35893966151795553,-2.3504572524528347,-0.7750797513174206,-0.46815991984284233,0.5845435233833085,0.8000913705260592,0.9871991753644366,-0.6405431340810854,0.15035556646822448,1.5528844009791978,-0.19204432456686005,1.8708957922532872,1.2325367249812555,-0.16757888549658054,0.2661869740303039,-0.3264128239441716,-0.4041269817996029,-1.5959806521991808,-1.0838725748820028,-0.670257509403355,1.5030543101277964,1.0876954796568075,-1.8191097866515606,1.522121932104597,-0.8544052781315631,1.8442758368184462,-1.5864980707385066,1.0055217213405536,0.5802069388664715,0.3434386524852087,-1.429669755743418,1.292000570491778,-0.1930961490486254
2025-06-24 00:18:04,-0.8413400475476441,0.037771368752936775,1.0498386883301383,1.0122018488240694,1.4063361982898357,1.3984861972041966,0.7573383481652884,0.2988488491282448,0.6523862927023872,0.24634488959504253,-0.18423696970533304,0.3596504711627345,-0.582088885022353,-0.2788647531259477,-0.15057908966198,-1.7921416084132642,-1.684301348795903,0.18644946813385607,-1.2115092534189302,1.0536513257669733,0.38086244416852233,-0.8874333872026928,0.1505258294015746,-1.087293214243135,-0.7237419598098229,1.3733437995501383,0.4149510821855849,-0.08218473192702637,-2.371027516097874,0.9184073886255151,-0.11624165409110325,2.4595655045336406,1.3127792657461979,-0.5433441197870135,-0.6139297326215586,-1.2849646679937965,-0.32697949694691375,-0.6723661044066688,-0.34403593103923397,-1.4619565706148048,-0.609440853355883,-0.24465777673127098,0.8961280545361063,0.5586067693755461,-0.04235856319781922,-1.3684338865504988,0.5792424914717521
2025-06-24 01:18:04,-1.132122729685942,-1.6637380412931833,0.5743482769443305,0.4255788812830715,-1.0774133532324486,-0.016212562841915953,0.24161674794335572,0.6293344224635675,-1.8939217970912599,0.6374165948245503,0.22763192821559874,-0.7231388224922138,-0.8396840834909602,0.37744124762366593,0.6708306907127128,-0.24658498220060918,-0.13278028158517724,2.30957961393056,-0.5986698454374177,1.9341577030146613,0.8077007937461216,1.248873189881202,0.3447612272039209,-0.5280079444672378,-0.7361056515526586,0.9509660375238015,0.11433379970664523,0.4821948075252696,0.15484560651557822,0.029751039833876926,-0.6122310357172133,0.04099547301755403,0.16672132087180896,1.1635084972447307,-0.20561153914991262,0.4043480410741009,1.666904055170095,-0.5127359355914947,1.97714998743131,-0.6442078155492527,0.8471800256155777,1.2812151626714468,-1.2144340209704787,0.26446519671784835,0.9576707150838175,0.2867088010236853,-1.4041143143273087
2025-06-24 02:18:04,0.2931848888321381,-0.6637089278312519,1.9175951002026883,-0.37818314388611823,0.11130133795529919,-0.41147875490238556,0.9393215051489483,-2.79749872973728,0.7032139365392113,0.493723223628246,1.957920805844323,0.1073053807330944,0.6886579722033007,1.0618985495871331,-0.2738290234591087,0.5825125384810659,-0.047868612322220054,-0.4692403993801317,-2.070814534279371,0.7591758622386585,-0.5894462050259167,0.04218325992585505,-0.1820056940445785,-1.5132321468760865,-1.349848102061249,-0.7527070984474127,0.09224370856327933,0.19331289799953147,0.7566164908182966,2.1827907428984457,1.2448684665007477,-0.4612701930779361,1.126731158422485,-0.6736857299456729,0.46504742285006845,1.0671230147037902,-1.9524561240461797,0.4965119697862149,0.4948888418314466,0.8528836334243202,0.4588473310946137,-1.0560665709823653,-0.5652817459196037,-0.9271225786449564,1.5569146981310988,-0.4030593371858972,1.4629010068902886
2025-06-24 03:18:04,0.15719861498054596,-2.0033056210407314,0.5653471346952411,-1.1548730417709985,-0.617379946001806,-0.3758247313765226,1.310821742350356,1.5737439123176113,-0.3575674520801302,-0.5053158862143095,-1.1532616039583474,0.11410047068230748,0.45962622814816206,1.148335353520431,-0.30246447450343134,1.0665477238633991,0.09136131067888585,0.8926375138463211,0.9856681883261732,0.973408100537756,1.7409321508113944,-0.0344053268341744,-0.7724334954911392,0.07409127067643836,0.5909254408586092,-2.15694287639358,1.8209166213044554,0.4294181332006618,0.470492546284595,-0.10350332223478347,1.3175985483694277,-0.35090910615527116,0.597398776336395,1.6667487167345523,-1.167312430086441,-0.9334974813715671,-0.23537226273353817,0.7613334563603953,0.21013373102539934,0.5096087751438517,0.6973779319513619,0.4085395499993318,1.144594051021257,-0.9265840737980832,-0.9156864355734295,-0.4248753353613407,1.3968956765335083
2025-06-24 04:18:04,1.0712025928681939,-1.6541683623052976,0.7736467812884171,-1.1920949114508028,0.109460242778492,-0.7394887878399856,1.1623445358740123,-0.6587907159794533,-0.06509664998725619,-0.767069424091488,0.845261211269059,0.2916500074465952,-0.013258511315546138,-0.9454899180446711,-0.5843910796183323,-0.5395459153826838,0.2650988047242016,-1.072606880621651,-0.7608978365128507,-0.562846935236707,-0.5204478627945786,0.5481870302075689,-0.358670660655741,0.8057972920899288,0.748214965491846,-1.0386191042436808,0.7773980678860077,-0.6548471450975499,-1.7375135212817965,0.8879009693063723,0.7853265089427123,0.5198125207536036,-1.305591235998587,1.103695086866183,-0.5584873425810908,0.01737946737713661,0.5539263961262808,-1.1417654935989658,-0.4974248454339227,-0.548336644359194,-0.9126476836051276,0.07608368580018023,-0.9854113343637275,-0.6659093861259447,-0.9995604289274461,-0.11629942216925382,0.48772863396222615
2025-06-24 05:18:04,0.9992313683988899,-0.35309699078861473,-2.3600250371068348,0.27765545206126563,1.5543679488285338,1.0815787997211108,0.015595832220257996,-0.11145057507813352,-1.2772956130312014,0.3587517384373583,-1.2830006402748615,1.5571205430524528,0.5757206788021634,0.2698864058160073,-0.40383610193996883,-0.3462029731180582,-0.3064007975943599,-0.152804351937463,0.17831886349574522,0.89740818853595,1.7131215838468274,2.3949014519928893,0.618326711017657,-0.24504764632089113,0.5362982611266875,-0.8382375707534484,0.6657824020268829,1.4213178058357705,-0.4110542081105286,0.5958931533326535,-1.0542817204537842,0.8062472437542515,-0.34828388936084076,0.6884345004773971,0.30502581348348423,1.0605629261272622,-1.2544699991266635,0.32098021726278764,3.563701526143083,-0.1051243808910814,0.743571516713787,-1.2199728575466628,-1.1477311728130661,-0.3630458404015028,0.7791175634230726,-0.07438532813431006,0.48608570908769505
2025-06-24 06:18:04,-0.8145385019567242,0.2882135199583985,0.27100644783213546,-1.4139349050945855,-0.7257283989282399,1.1166845880666572,-0.7970463519723849,1.9048343610267622,-1.3236377214875037,-0.12138425346650104,-0.31251275712425863,0.7599682846821162,-0.8097935544924318,0.20595005035197922,0.7840392467955889,-0.46479199678908584,-0.03610072212179518,0.045169093324467,0.2893259213390073,-1.3794140964073311,-0.7850038705691391,-0.5047528059713253,-0.5365954163031653,-0.11347288939983532,0.16354429038406657,-0.011047156877073569,-0.7275299034769549,0.916912868124988,0.9735710822556839,0.9203750870762236,-0.715686917175148,0.3832775920142196,0.6856647233247138,0.22523393425365593,-0.5621026341013027,0.9918206704062872,1.3165452650463294,-0.14197152171056823,1.035711052561103,1.3017808891312388,0.6572384391944905,-0.32215683858672367,-0.9583213772640968,-0.8188917937779734,0.8708212098200654,-1.5844057262566262,-0.6443783262416362
2025-06-24 07:18:04,2.1189093864975166,-1.2735187167353206,0.8552515284206944,-0.8490915329051072,2.117776536331827,-0.2094459579252111,1.0532512885929253,0.035756373889034396,-0.33493400824104136,1.3061206493851665,-0.7029273530164887,0.39058567944895234,0.45242060380952165,-0.8207642539034996,-1.2965038100188087,0.1555287933787003,-0.20878804210279878,1.61293452556229,0.7057825320540045,1.8499116033050989,0.2667327718669569,0.5181388377873708,0.36760378780927716,2.390767852270097,0.6960208215272814,0.5437824061155901,-0.6320126182491187,0.27125682895494485,0.31989121242156915,-0.31922806534438963,0.3659476200102044,-0.5529141276924523,0.4868107722628746,-1.5564798731596592,-0.0679033820651493,-1.2396644221119455,1.0856932370388905,-0.1552897142550083,-1.1487244789489843,-1.4599011191239986,-1.0588489706566568,-2.586270348813804,1.5986361030163116,-1.0610655678754866,1.7504745667945256,0.08451334224570022,-0.20991064539050774
2025-06-24 08:18:04,-0.42917581296326063,0.5889320089783358,-0.792621582712237,-1.548437662783722,-0.8452983793598609,-0.02982819160136017,-1.8033855200432225,0.35490351510053886,-0.21895065317539206,-0.12826129431418185,-1.1900282925340309,-2.1199771077282694,0.5910556696626216,-0.405254574650171,1.7486379209139138,1.1033228283412246,-0.3744628044740159,1.388822753046907,0.02427907167811695,-1.0840633511596245,0.0012511743357366272,-0.7008527940719803,1.0815985947970324,0.24225055163652126,-0.12832478424520694,-0.10565723834435224,0.10468187346645345,-0.6822289084914165,-0.16113003019774563,-0.4288351017706902,0.21252406735148258,0.8244567179370464,-0.7817830892121015,-1.0675567160734634,1.2938685793973328,0.20304743719849236,-0.3894375987233112,-0.5562157156486529,-0.9683316938469185,0.11916843390469763,-0.36497410034309175,-0.18059309922965158,0.5229841862783352,0.07010200234708432,-0.47095752849770717,-0.42466835080077064,-0.9843724975451125
2025-06-24 09:18:04,1.0039867062948205,-0.5054935061083777,0.4948570246489544,0.07772551237649432,-0.386944764003976,-0.8299091412998887,0.3978188613135027,1.294358709156145,-0.36533912407688646,0.16588682758255788,-1.8548511429492889,-0.7090992979145058,1.8395471921328361,0.4906642528206044,0.5557747492223236,-0.3950737839930561,-2.6292380013149725,-0.5563382366562005,0.05203728441452482,-1.042129317619788,-1.07875118239637,-0.9356611427992401,-1.465612178613322,0.5096219731727151,-1.832244215588495,0.16801705921556925,-0.05223253260194873,0.011048661471530996,0.178569950126788,-0.21792372777071864,1.0683592475569659,1.0385008410374141,0.3987227369403898,-0.8031574969449223,-1.124253937818219,0.8206009234432702,0.7572578495444531,0.6760115642341037,-1.5959307440730637,0.24088360632211897,0.6994874954457916,1.3071411947591698,-0.2967316389398427,-1.8338788199393703,-0.8583906748206072,-0.11384409668824906,-1.2745389288630513
2025-06-24 10:18:04,-0.9805304373656689,1.0773370949449892,-0.6308053739969659,0.62789269196353,-1.6185576284830305,-0.39520452399409933,-1.9551406209515456,-0.8017030648278535,0.35758354136834003,-0.9358385952071541,-0.44797592643387335,0.19375325108555633,-0.14030392820687038,-0.787752727754884,0.07669747421122637,-0.2550405556432227,0.1906476159972054,0.04501567326968483,0.5490504527194194,-0.031246569201340467,0.2758994162232124,-1.4614472197976178,0.586999179337498,-0.36494836600797753,-0.7699992105633595,-0.4216836139692652,0.9166056917227808,-0.8202367889835612,1.280521152038875,-1.3603857471732117,-0.4356305616860185,-0.961484045724233,0.37801280434655776,1.375106956746466,-0.3274243491896512,-0.5942876314104001,-0.13314287688410603,0.8189255887304082,-0.23580985124575746,-0.8794244093042842,2.003720260052003,-0.19766082162120654,0.4837258148864102,0.14969627085414688,0.6616176367223512,1.216297838880852,0.3246244403864173
2025-06-24 11:18:04,-0.2043918519852087,-0.44933771764477476,1.3304313661568867,0.8989210411257558,-0.5655618406046317,0.32556466769707226,-0.5526184888316606,-0.011825745542663855,0.30912771078870604,-1.2171904729700622,1.1899227727695887,-0.47750967073386275,0.1737300443972908,0.25903080488749985,-1.2795384380492567,-0.8378059907037673,0.1605116021178445,-0.9646708645285318,-0.3032737060313093,-0.16015826255631344,-1.7073352627956537,-1.4986377501886958,0.8326142326061199,-0.04627582488164446,-1.2031969619426504,0.3629134340866318,-0.12131601760334029,-0.5071305267199584,0.5271110836004711,-0.8676446953185953,1.2833344603543357,-1.0041340652431614,-1.4017395036262645,-1.1642110617257524,-0.1153560874950505,-0.3792155687733766,0.07562213691926851,0.6977242087435509,0.5141655685104253,0.7782081016299235,-0.7796121603152028,-1.3556876394729775,0.37739576146787884,3.1731643059691077,1.0841198053352894,0.7579789094589595,0.3896907444516278
2025-06-24 12:18:04,1.3417055483571585,-0.38795995592243415,-0.17267022995843512,-2.1414337026549717,-0.25504079777248717,-0.08419754543318467,-0.8127619009858735,0.7687106560744694,-0.07996990696192252,-0.7729681787779678,1.7673185055554965,-0.3652829867912829,-2.3685729850312565,-2.295339837390412,-0.4132728860164501,2.242393537122035,0.9998921832227744,-0.8755912167590868,-1.1021007371187355,2.24593203725926,0.282970762265794,0.2826224727543573,0.2846167766838797,-1.1208116046924925,1.7751452954921272,-0.882606187033089,-1.9505050494637195,0.7144171381177831,-1.1143820930661363,-1.2078352984526122,-0.5619615265064852,-0.15773364935405518,-0.2501502327789746,0.16734783944969805,0.6787805282905488,-1.269975993339248,1.2011370408764237,1.1431539556018961,-0.2601094070020256,2.5525647357444323,-1.2689790591738543,0.4066867521581869,-0.5684134636160029,0.46911596287096213,-0.5465526418224097,0.46528814009588326,0.809982106840369
2025-06-24 13:18:04,0.4617860063820071,-1.9084989041815976,-0.7918546743735718,-1.8490095273174798,0.8414294008181378,-0.5845363723962977,0.685693001144126,1.153880318271325,-0.0659063197223092,-0.8131476873807191,0.219190124308087,0.9682973411973491,0.6692796202884889,0.22836225407642163,0.29518289593821917,-0.345613015471606,2.067823229719848,1.9763670892805483,0.8934989300160231,0.5923093788006657,-3.1622129429493455,-2.4599109730362887,-0.5128017301963047,0.011287483442321602,-0.007333644350783928,0.43958443905873146,0.33944750612874297,0.815450852275828,-1.302649743227173,-1.1925656201361232,-0.09011983905469703,-0.10276479071704707,1.1663653508921266,-0.02984920694645112,-1.268494495295105,-0.06670016079228219,1.4038032959013784,-0.8764699346898921,0.33769640640449033,-0.9703195655680691,1.0304826714906148,-0.1190556738066318,-0.27199621893115855,-0.47851081682213353,-0.2798378949070058,0.08059977414555423,-0.8599157563027714
2025-06-24 14:18:04,0.7209309710515718,0.4840752171536892,1.6435672097871261,-0.6581963321009291,-2.028914041100115,0.23540301680984152,-0.7525949234452664,-1.2369061149787284,-0.025186728725995908,1.2294576679220388,0.1524866836157509,-0.3350756514001751,-0.004948046215312155,-0.21172883198109113,0.24203688735171838,0.14715661231358193,0.08299939744854852,0.7444595459168675,0.36061603279861015,-0.19628861946077542,1.3637721982500624,1.1890836079771825,1.2378805624365226,-0.23749497970255182,1.7090845408824358,-1.9826437423627885,-0.8498382376788844,0.8386687562907545,-0.3827917667463888,0.6094394071003666,0.1306200092440644,-0.1444300334773393,-0.3384439814056509,-0.0710101239663242,-0.10262482857814804,0.27709178967379944,1.108429418298453,-1.493775127625018,0.7666375827304119,0.3097850536158643,1.2613504564166869,-1.2296755932461343,0.26997211619773404,-1.1755550310588256,0.9215222446272319,-0.7040961158045685,-2.684305138693663
2025-06-24 15:18:04,-0.19783607973037867,-0.35605540280446557,0.8062864560812731,-1.4492174918416565,-0.16720192184640892,-0.06911423606331743,-1.0994283748030615,1.7050253753777447,-0.37884053257881173,-2.140853905969016,-0.4222826273317201,0.8517692390541746,0.7886736657526492,-0.22187151023325546,0.6019943174469721,-0.9542595834527926,2.0251724161006175,0.0008182762483893034,1.183627909712051,-0.18231127256104565,0.1412161220159365,-0.6340696924862597,-0.8292264940957403,-0.03869832337515016,1.3665316946116641,2.4123817298830956,-0.3304809407861008,0.8091844027567128,-0.9883567890269278,1.225692433061838,-0.22576421789674525,0.02168934367296862,-0.4324403260818927,1.6504821833979706,0.8113267183236292,-1.0849476778527951,1.4562059991860263,-0.38257248991393117,-0.45176602878361444,-0.753814468799815,0.9620554033223961,-1.1313283998371013,-0.22219008606907564,-1.248643541709112,0.18719156722214883,1.5403649259683463,-1.4071684853892834
2025-06-24 16:18:04,0.6779562530824058,-0.0506678634295286,1.4021828913035865,-3.030993443715524,0.5955363909507635,-0.18828456842176242,-0.1537940034164161,0.8737578769036888,1.294519395302068,1.1837018240167432,-1.6925111114699944,0.23275272756667417,-1.06037501493815,0.5645791566214613,-2.098569848301387,-0.7122102749373938,-0.6643745317982195,0.38614429952677004,-1.3000165873944702,-0.4329211355008498,-0.36556808499441024,3.183737144861457,0.7097146945798326,0.9821315689682596,-0.43786763113599686,-0.5585992336776134,-1.2643303710025395,0.5483580913672146,-0.6796491053071081,0.9153328525220323,0.17902324793327662,0.26944665435783144,0.4618340233199768,-0.1835694387377714,0.3799063757890348,-0.29093195651413,1.130270784713998,0.13322875501696327,0.888242210825194,-0.3864442578721659,-1.3175006335792432,-1.422246285671585,-0.21187014870820134,-0.573246578321756,-0.2151782900201631,-0.7673024681513011,-0.9600017040089228
2025-06-24 17:18:04,1.2050350301480142,0.11246685998679795,-0.16602852430875684,1.8879903162474116,1.3773000419018144,1.124522650005645,0.032967453107854636,0.0779355197517904,-0.7265421614504134,0.2576946147517849,0.03914131034619585,-0.4638314574346839,-0.23077054852603635,-0.8285831283700992,0.6440578411537059,0.09756513046927108,0.3218491291024434,-1.6943720747430067,-1.045282499922838,1.293027388730761,0.5883731116650203,-1.4189061984644205,-0.15717607561169086,-0.8326628276230265,-0.4258177168872686,0.6788223000464595,1.224474598935189,-0.0008711763049325708,0.37400267663739156,-0.6795562108295492,-1.1863824152125453,-1.8934342153485453,0.6136934405386196,-0.18442510524543607,0.5089061076227904,1.2745410956639693,-0.09661685318098187,-0.9649418469609543,-0.1461291690690392,-0.7816180386980823,1.2768676727202437,-0.757867051624103,-0.34530831467584455,-1.5175532527793063,-0.2477327677590652,-1.1273874181302896,0.24795361126379362
2025-06-24 18:18:04,0.6403533575680455,-1.3729239493825736,0.631575111819955,0.9932830933261567,-0.653379757504656,0.34264129098205437,-0.03352554089763994,1.1151925082515413,1.3586161657459694,1.8101134509619994,-0.6757308776250274,1.7565741953529943,-0.05094692706821866,-1.1758764660455103,0.40414357056696815,-0.6659682820201878,0.13662095265539487,-0.2613949302249407,-1.9737374242125922,1.1772416291634933,-0.21477206842972388,-0.15955072994209193,-0.47623053139364996,-0.2588089020387008,-1.7918709018336623,0.2003845297859154,1.282204033341918,1.0462563731651409,0.43473645909252157,-0.3808903442046807,0.6451634304664927,-0.6695408794679848,-2.140516040346884,1.058179546799304,0.9367223220464842,0.5002621975523049,0.04088134763526861,-0.4546068327426057,-0.6735523275367722,-0.9565240706756122,-1.9590960932405195,-0.2905238678752824,-0.6416782132328591,0.6798742715634766,-0.4927287508198702,-0.49604311162657483,0.051312716815033375
2025-06-24 19:18:04,0.7316666795295786,-1.1541781637910027,1.2918477750565864,0.5937779586630043,-0.40186060338975604,1.8386244551609583,-0.31266316993630994,1.1639782165792878,0.33954963766133556,-0.8643106586918461,-0.6409303344919498,1.1883468265090633,-0.6241453902708073,0.44494577738959284,0.05757731445635467,-0.38471485315999177,-0.6111875942762225,-1.334372734639574,-0.714141074297911,0.6411719720713909,0.09662476777753493,0.6111780228345421,1.9744125459219466,-0.9341651374992934,-0.16943844734684338,-1.195305184939418,-1.2710763953787991,-1.3860011191836468,0.5994590762940514,-0.20265722291048532,1.4294597845198358,-1.9268934975892984,-0.22185001721630285,-0.10370754541264067,-0.5618510244255935,-0.3540515703534948,-0.49125202558219966,-0.8498869582540746,0.202027863995565,-1.219884540106342,0.7893662530456305,0.18294373335756353,-1.3987282413683715,-1.8994474601428464,0.26335549051345053,-0.5323595233598389,-0.25759122189543726
2025-06-24 20:18:04,0.2193782443155765,0.5785831892354466,0.31926784674540404,-0.6675181479447908,-1.1316710888127544,0.9456230704737368,-0.6681697373866671,0.4916207882993686,0.13318249114940842,-0.7064003670896443,2.5183653277260465,0.2302353977709388,1.276656321549188,0.3888160911949614,0.0904146161061696,0.3796071848661787,1.3623387522095256,0.29841660418841925,-0.20761536755835983,2.34084575784481,-1.7486421359384003,-1.5736608594986397,-0.8126273673329297,0.3428129574984679,-0.6405339631133699,0.25622773333889687,-0.6378080604754104,-2.183159389085359,-0.4507570662058382,0.31026347069239774,1.2941309778016625,-0.9522921868320686,-0.36617026094489696,-1.7063958403649533,0.7110458208997682,0.25547148476133746,-0.5257110587331583,0.06621803433674722,0.08824719119627923,0.5696819645684982,0.7196888615335626,1.1761600160805836,-0.20092687974262752,-1.0558963928134135,0.5144540940574879,0.13382238446195083,0.2848653784066495
2025-06-24 21:18:04,-0.5658846364181903,-0.7258458795757584,-0.011204497755829768,1.0222569696280106,0.2931539718873636,0.01592370763729843,0.5271672728528937,-0.7990400820253306,0.10662696748611396,-0.6368505439342033,-0.9941454337075661,1.8896903251405275,-0.28594404593878925,0.08294486813430738,-0.6451703410634984,0.9245406780243517,0.49046753043925945,0.9383039259565294,-2.360570597303471,1.2188474010009582,-0.6692869202396776,1.0683129496367512,0.8236375887105793,-0.7900369678005864,-0.8255409837566565,-2.0325206206510735,0.9285286672431715,1.0875767722047707,0.43773539320088223,-0.035956969571053356,-0.1187200555272918,0.21914182556524991,-0.9405589906280534,0.06889593469629665,-0.3061722055558835,0.29432458766019054,0.6091873333246337,-0.6998951715865089,-0.7202670908280749,0.015912937145287537,-1.1314452885208717,-0.11106436733222068,0.6331261555064797,0.9982200202825824,1.1095427824237336,0.8918953395623632,0.5985599357100271
2025-06-24 22:18:04,-1.3021349190621199,-1.6500068804071095,0.23291111147295945,-2.12184443747203,1.4557968661295007,0.05951967292604586,-2.0232193660863484,-0.7996079217972546,1.3957216818864266,-1.8283228280245805,0.5267564068393337,-0.25131355483041806,-0.12044553215635191,-0.14076976581530407,0.4782651215061508,0.07588845306084487,-0.31848289807814323,0.5577480160469586,-0.2985678323850881,0.33306461843301843,0.6214173773285925,1.0252216224282305,0.2532215446441775,0.8858991544454238,-0.5907897340339485,0.22466811451287147,-1.1461183844759413,-0.7965863043503406,-0.046877159540521574,-0.6606535015936128,0.48888925586887994,-0.1613939384788482,-0.5996704344823269,0.3480508952426169,-0.48132684878959586,0.43689444456834187,0.5203335298096389,0.08430771361603145,0.22520914340746148,-0.3829794047223227,0.3187370402419586,0.08609432340587099,-0.6028459397219206,-0.1782353976279922,-0.03850165063622476,0.9096590604060855,-0.9897457922256683
2025-06-24 23:18:04,-0.6716921281535776,0.23327639203711467,0.11768387354459714,0.3194613979377523,0.6245271771240645,0.21009609164449283,-0.09006226571155775,2.054249275140035,1.228242417191834,-1.0977544942901534,0.27929156015621026,-2.4527733970434573,0.19894145395781754,0.4838473233493754,0.5234502838123257,-1.0852017290631597,0.05168539434432231,0.7413593318045649,0.3078212641568306,0.10235227707621454,1.078486002014935,0.6872049189222946,-1.2857345305199999,2.85606365143457,0.821809955234296,-1.977953127132252,-0.573693119395985,-1.0983584223291185,-0.32745285745993474,-1.103816089442086,-0.9619190407338225,0.656631382487379,-0.44579421344385783,-0.9825199109036397,0.5633575127438661,-2.5858161277084477,-0.8598722506914709,1.9523932273206603,0.49110997184734745,0.9816581999642424,0.9859430371506465,1.6436797066914706,-0.69030273640471,-0.9875537170521943,0.38698073113601594,-1.1619383162300159,0.9422592978221517
2025-06-25 00:18:04,-0.1788525020429792,-0.24039046541065157,-2.072321870658909,-2.3570604792982763,-0.6565674070378098,-0.4810343742493471,-0.7082200412997194,-0.8339285988749379,0.49473293572461646,-0.5539460265185673,-1.1223768305111996,0.5466380219861846,1.0889706230296685,0.1781874662237934,-1.2798958715346922,0.8489367938270189,-0.27231322139133535,0.08244657220452425,0.7676483432765623,0.6900764439342333,-1.1586872764914544,2.3968965573397045,0.6450663283011071,0.5190402359014968,-0.7183792739152003,0.26255077648409864,0.6962953611670426,-0.5763655144622064,0.6488536653911481,-0.0765178267313029,-0.8556277253467036,2.0789289658378998,-0.3006948454205138,-0.10822634515606636,0.17933577512956994,1.5986183618578265,0.594601227551834,-0.5885264993574147,-0.27781887024267293,0.5332729094728492,-0.6578534051501883,-1.2874562735141117,1.582790647734992,1.5146543137591446,0.3703350416911174,-1.2976739494295948,-2.0483322442209047
2025-06-25 01:18:04,-0.6487135638630068,-0.5243017030805,1.4507071986200273,-0.4099106279567165,1.0398509008910448,-1.0584900401683743,0.3660749739617027,-1.1754352671770196,0.12135372798733164,0.532324262051794,0.24314754723642693,-1.0646280277528295,-0.11739267386195686,0.0692589585623102,1.4603325291688656,0.29895395569142547,-0.9068906442324751,0.03963697224770741,-0.14165199744401638,1.0182377393018893,1.1997271498305917,0.8752062271969898,0.26569513918731447,-0.6412255590129863,-0.2859813503388978,0.37814194292688136,0.9614536553046908,-1.1587456026492138,0.945459688771452,-0.15910144461335146,-0.23242623328487808,-0.5697651873207071,0.8776710111579636,-1.3986155136008285,-0.8798591599784672,1.4062279769161012,0.2529870003419229,0.11644443370561482,0.6450641662829536,1.5348573379758124,0.7304414695066325,0.7430333218959793,-0.1237562812664475,-1.825753711605914,-1.0327925171145156,0.23631313744723662,0.27940892178925664
2025-06-25 02:18:04,1.4286758958160422,0.552142138515012,0.5551101259480731,-0.9159218265569316,-0.563474879118684,-0.3607532374224806,-1.7496122959976235,-2.637592486179423,0.1760724380777854,0.3237682743338705,-0.6196535112552292,0.730682869019591,0.21286402059977197,0.8662428550988011,-1.327194232462489,0.5356975217232441,0.15079558990820513,0.4734591412417076,0.2044277784970437,-1.0647494271011684,-1.5452224541531348,0.6849350268314984,-1.2754565469515984,-0.8495316932377388,-0.006800756628910022,-0.8042272218485997,0.8776202480154777,1.6743534956930144,1.9011141952185355,-1.158798918779091,1.2389685942452326,-0.5078104117234601,-1.8442305049671304,-2.451646994025392,1.4990610214753448,-0.37997318308391337,-0.568842595689143,-0.4930244179085955,-1.397371575237563,-0.5524244030262923,1.9834045104877447,0.24088839917381633,-0.5091148676640566,-1.5468614110845496,0.43315571922183643,0.6080190291805271,-1.3854723590336
2025-06-25 03:18:04,-0.37897028796424564,-0.7491414807054985,0.11722561692590591,-1.5540440574537022,0.38360766560916565,-0.32681652099000724,-0.4164920605043782,-1.2173497383305165,-0.49188429809569917,-0.1282803765558695,0.4391565089348926,-0.2500904364806856,-2.5367549865881522,0.5756901115286381,0.1238617611891173,-0.4670985641173219,-0.9981112126071131,-0.5333457706325894,1.4473501597118625,-1.4601606736824417,-0.8589711946293427,1.5272481796260844,-0.19739519489073876,-1.3633535430012447,-0.8681653703059784,1.589622777796751,-0.29216303452241216,0.03343392306616143,-0.6069139235307277,-0.8752253262091788,-1.181403375760484,-0.616894647370453,0.4837589103601806,0.48911330139021164,-0.3014685247851449,1.6837466201069975,1.6875025837407858,0.6479867917597975,-2.8965511753995825,-1.5896954916572332,1.0003696543681462,1.233545838678325,0.3536033754339769,0.3569414397864389,-0.6635601977853541,0.6144672269681708,0.21420565977660347
2025-06-25 04:18:04,-0.5045996005065024,-1.8204337942496152,-1.2843022772246715,-1.2219403293848698,-0.8388766799147701,-1.6717217914283053,0.37963344338973604,-1.1852527548651979,1.2111228187933336,0.006896744472985838,-0.957224126823844,0.3673981920095,-0.18567313076811737,0.09531807169227559,0.47354509725802524,1.568734561706861,0.5763185905081938,-0.4317759407989824,0.30952000055336315,0.8802608415317205,0.2954849647937302,-0.5567919702624696,-1.3948800034554023,-0.4482634950838045,0.9794532756124772,0.4045190207384128,0.47950304246366143,-0.6859028136289264,1.1091780543874814,0.5892561301852659,-0.000245774521424894,1.2381905762699137,-0.25178442308504345,-0.49939430920882266,0.3694217223724634,-0.199993137325289,-1.4362428310202267,1.375917042016871,-1.6748896129151525,-0.285909492801814,-0.024946326383228752,-0.583529321151494,-1.1402416635493438,-0.13511669399871887,0.009248361717460981,0.770714377132852,0.8311700086887519
2025-06-25 05:18:04,3.0204485268343677,0.48591835611719,-2.1212794865038815,0.5050878905854612,0.21515423898339234,0.8645845409593793,2.04489889546068,-0.456612240718142,0.04926912968711082,-0.41604836011600943,1.1392917109594403,0.9308666416518919,-0.9328315531111125,-0.3232661985615568,-1.140312336992932,0.6458546790838938,2.0598019271629897,-1.8185957017686063,-1.2972301277595117,0.2022292742480245,1.3163242301611064,-1.5479789038830694,-1.0349127606982789,-0.19555460105361,-0.05545114732421205,0.33194977173535245,-1.0912044593517014,0.6606124584219168,-1.3171885893617024,-0.04630629613948937,-0.5752110738016876,1.9603947254006973,0.49750018882673874,1.022836188416233,1.3469103661447632,0.9884300033067139,0.7583155677374329,-0.8035277731631914,1.4148297114170747,0.16443348532880958,0.1624102787529934,1.1707116855647044,0.5973463528681571,0.4999763688111817,0.16121209170413028,1.396775854589261,0.4395081160861059
2025-06-25 06:18:04,-0.8399871736956064,0.02914736673531851,-0.3119399326167811,-1.7375797030793445,1.575215094856914,2.465719225259166,0.377322149476172,0.5851718766319062,-0.7291861349161005,-0.8710410308355055,1.303835775919277,0.003991573997746492,-0.2872165206779966,-0.9175255077947335,0.2905410641457128,-0.22391628174026298,0.44961796877538734,1.6161143150411295,0.3154770395557542,-1.3503292745477622,0.17638421644901978,0.532854782653175,0.37724963080000107,0.6475941083543455,1.2955668689136122,-0.7788008609829506,0.1895405749915142,0.06032193034417658,0.08007901223046514,0.8022654325994752,-1.2880116267913508,0.009952446908049015,-0.8828899275431633,-1.4502930872543849,-0.40319426794435953,-1.1281316895942282,-0.7325399995950816,0.2608631332469706,-1.6638990184989875,-0.2665562107332114,0.45379757705697876,0.010403936355188685,0.6769048930931578,-0.08596406719521217,1.0258354527777382,-2.0701003693408935,-0.7926092223907442
2025-06-25 07:18:04,0.4436438165071539,0.15261598646754423,-1.6677197724328694,0.22166549418498796,1.9889947470405671,-0.9421098014595624,1.8066092503951816,0.6670849020928216,-0.45245212652584754,-0.3023447803582051,-0.901384803850567,-0.0785065379393102,-0.02731401959751377,0.0794790853758932,1.125343446383307,-0.19522674440254964,-1.0373604721447849,1.8695690236680294,-0.3748690146740078,0.4448653559688682,1.4393031262277887,0.35573701164070287,-1.3136096384847973,-0.22496412510510297,2.2086464425577796,-2.349398498214214,0.4767993837676251,0.7909232572199196,-0.18048440011185266,0.4175241062068915,0.18281775573917536,-0.28141332631610066,0.17108197047229648,1.1561155958656366,0.7294278043245626,0.5642071405884101,-1.6267028414847222,0.08666848715880897,-0.18981755588300842,-0.5832657972946654,0.9094853562366024,-0.5765228333205515,-0.09762695648979432,-0.6065020257904696,0.08708878594324525,-0.4935741616320359,-0.9697170310736372
2025-06-25 08:18:04,-0.01048858702055506,-1.9164540356120991,-1.317840207734479,1.565167026620803,-0.7833439244100667,-0.8711768788810635,-1.0942983119373593,0.862287842143413,0.030644921634186865,-2.9324301854783315,-0.5510347063379897,-0.7804052846326022,0.8815482049082276,-0.01734481118247032,0.6273501133593496,1.6849519352172657,-1.3313643969699682,0.40941220755787416,0.01154695509272956,-0.9433718378586273,-1.1477106638631906,0.41580684540181656,0.025955553445968522,-1.2744074629817466,-0.050247859046658024,-0.6510806018726285,-0.9017543821673885,-0.9885978935139696,2.2340488848793982,1.6851380664510043,-0.40165996644906937,-0.41178173319070466,0.49135453076045954,-0.11536011081696093,-0.3313729549043895,0.009566257452896161,-0.37982438685892694,-0.11598585390197928,-0.9143228051499479,-2.077907875498981,-1.547285354639992,0.820007892635715,0.2602347810272096,-1.5542064705982268,-1.2029693908359482,0.2045243856813593,-0.5773381337057922
2025-06-25 09:18:04,1.495095903813784,-0.7295725825059084,0.8100039854592067,1.255811351954068,0.9610995743675984,1.1592732125743785,-0.18426760851950189,-0.567565613198139,0.3363218391527449,-0.9033021121029364,0.0835590087915013,1.3032988506016965,-0.9705440643094124,1.461131142558213,0.23601874858161467,-0.8354936999070365,0.01885286104455583,0.7655645501607893,1.8219129741485613,2.2617712072457126,0.2820650489603928,0.04734822136894836,0.07223148198905237,0.5789672795020575,-0.39946851447783255,-1.0879305463943247,-0.6434057146729548,-1.845344795651667,-0.08122099595011409,-0.24356474890263707,1.098769476994928,-0.3149601905626721,-0.6683887512631554,1.023108452367839,0.5762117080897604,0.3513789287988261,1.455961346652088,-0.6657581010345188,0.27763306313369973,-0.9348751455279429,-1.1949419677286337,0.7657299014594762,1.4711647726583161,-1.3523184915415445,1.0990334465057205,-0.36273137066647965,0.45902824198725495
2025-06-25 10:18:04,-0.32734574435092195,-0.4723597205090584,-0.12036386474438363,-2.1727826722096695,0.42690656887456513,0.2793191762710205,1.0785720254493283,0.7927963989739003,0.9390412627094905,0.3613509465301497,-2.45767450851545,0.5470006374112676,1.4675046353414212,0.03764812792863751,-1.0403717076303762,0.42562663706140935,0.6867009448885371,0.24075766158035616,-2.3325209228198913,0.9891246372983551,-0.8436161650602023,0.29205521611639207,1.4940105947142541,-0.32624269417565627,-1.4614006782587512,-0.4891370676027009,1.44800000068845,-1.1382223447742725,-0.23236247955758052,0.1697862451291977,0.08735826816577844,-1.2712494142645958,-0.5286952117777663,-1.1491105420419137,-0.4549025167202845,-1.0498157425791392,-0.25067350776716224,-0.8067883366036586,-0.2237681427046224,-0.17352255724625498,-0.12833054752058484,0.8656901039471154,-0.32231770702250145,-2.295088957648614,0.05405373951393123,-0.2836637108067204,-0.5774420936409875
2025-06-25 11:18:04,1.3439428976293375,0.5985664609711905,0.04560540383742462,-1.4240990493059456,-1.4679103025247784,-0.1188388783020966,-0.5453361556844301,-0.22719149847461687,1.5276419374938042,-1.3868793739604726,0.7712383079118431,0.7313723249522748,-0.5037445205328247,-0.41992311062927307,0.0167142423549586,-0.08412293448453428,-0.9504857703155639,2.142520903838107,0.6204196740494334,0.9333247622743103,1.7659997630046296,-0.743930060405902,-0.43653738360902045,-2.011928653154801,-0.9392355289789319,-0.8058848673598582,1.0639838646756572,-0.4149730004615233,0.45091795172480137,-0.36040248384951123,0.09101734511557162,0.32844130891332507,0.5180127879447765,0.8561998596902375,-0.6824596589695964,0.478761720814871,-0.8060560611977428,-1.0533157990798487,0.17197283570248023,-1.9783712512088794,0.10292526630145714,-0.6461505662757692,1.3082808555423722,0.1423134862500489,2.076124041991237,-0.7824779767250051,0.6261930822469448
2025-06-25 12:18:04,0.2876613809189418,-0.25035622660990564,0.7244285437660708,-0.07113271836512727,0.9519086049802484,0.6753177523224292,0.7282310202923153,0.3908918013890792,-0.46298153595312114,0.014197697475675767,-0.09179038958729313,1.6679507815317849,-1.0927924655768475,2.081356949303208,0.8665522992086901,-0.1344254076391172,1.1478584046206588,0.7101231661222028,0.14294732624968426,-0.5212301099138862,0.926153455219619,-1.4457851486577018,-0.5282749112476774,-1.185804025396796,1.4911305020049346,1.4795291389328447,0.018990410765482933,0.52213346147607,-1.2480989644244171,0.8282557398901791,0.28349210976938727,-0.39021469403225445,0.14430279275111604,0.5706120720875768,0.12357278218238693,0.012936563158318912,2.2339384294712907,-1.9212568319178878,-0.6605744067243188,-1.5146567313328256,1.1111179519568706,-0.3297295295125413,-0.029748060312867395,0.9255443661525384,0.19628356520527784,0.6600345353788669,-0.9411710018066484
2025-06-25 13:18:04,0.03565910178382653,1.2361945644741457,-0.9730062324549031,0.18439766949635697,0.07493071369440209,1.6943016155338624,-0.24650011003056135,0.22968651414038477,-0.7373074094734652,-0.897060607198126,1.0117476113554682,-0.4319499132882223,-2.4798278341872533,0.11629384776746542,-0.4177938460335037,0.9695525069737202,-0.1916443296680873,0.5568581539190003,0.48340006276666025,0.14313039567920238,-0.36591521222827816,1.3299343620575996,-0.8949005258073827,1.0147659208042128,0.6068182884306053,0.31915818570807014,0.4028653826039341,0.7186287513772506,1.6178450588577409,1.3667778891209352,-0.10424866305664526,-1.227608359786219,0.19638971023850174,-0.0004070960474893426,-0.6310391758057337,0.9080238536697609,-0.6627084843827631,-0.4939683215871433,0.5365622506145513,1.8931035736409616,1.8931028403897558,1.4923445871764578,1.3994907735493796,0.47464555344083753,-0.1637895181538123,-0.3670527269416742,0.04442822733204945
2025-06-25 14:18:04,0.921184699435745,-0.5226112664854514,1.7569104079533564,-1.4827493246905987,-0.6706397328254031,-1.1993063193870297,-0.008863703078800942,-0.19079758775785668,-1.1630031316451572,-0.3948058404192182,1.1229112817609297,-0.12062327143539375,-0.1990939840752949,-0.06699255214957761,1.2030705955908039,2.032685099515098,0.9906237761489325,-0.7541292201846854,0.4427130926628424,-1.1716238680943973,1.416113741755029,-0.5633405985134048,-1.0088051386562702,-0.9899767451138861,0.7348765252829498,-0.05218149475692155,-0.4991930218906569,-2.357445538232409,-0.7990284553432349,1.6998218891850876,-0.09087725763376482,-0.5698102793719932,1.0942893431282419,-0.0836777842171874,-0.7813224421667138,0.6255612789977253,0.9944388123098814,-1.617750611073361,0.041622705261427626,-1.236004741436194,-0.8552152151230344,-0.19893777959926948,0.5390504885816184,1.4396759781071073,2.534325870778615,-1.4959176594619867,0.2441959738567604
2025-06-25 15:18:04,-0.4302399757986947,-0.49327091637369164,-0.15480765392885584,-1.3212111655233376,-0.4386148031058161,1.1177568375067148,-3.0852247499160734,2.1482829281997047,0.4865257224750119,-0.5470890622940779,0.9101836569473454,2.436582164857377,0.7760420219490294,-0.3511433341896742,0.2872617435388458,0.596370681966063,-0.06685510201691267,-0.728084876564758,-0.5948029245592696,-1.2452364569705436,1.67258590939668,1.7922968041646792,0.5159558413366253,1.4179395932754009,3.1734327283402597,0.1016156199529066,-0.8808384009926871,-0.006666241211073809,-0.05542183727655931,0.2728505429573266,1.7852556242759932,2.8508038531561573,-0.508325309032182,-1.2086209877343437,0.08609173295790531,-0.22414180551125845,-0.3855701997005334,0.16559247961670603,-2.003054842046065,1.0583370063668411,1.9031232299775238,-0.5735885684411036,0.07970654271845191,-0.5349916044625203,1.2209501442816415,1.6425287598491416,1.3019328496301537
2025-06-25 16:18:04,-1.2114717380539068,2.1925228366584015,0.22958357787796088,0.060263277463539336,-0.45001109964727676,-0.07457675988144945,-1.6193661328742381,1.3262180294610675,2.379043141459091,-1.7142510350706988,-0.19879525195581688,0.7162294514607223,-0.07375417863399816,-0.052274580716392925,-0.5372757404808661,1.9608119556407175,1.6147788630079052,-0.23904573822205138,-0.803960920727998,-1.1165986974580213,0.29989077011214144,1.3226053283323154,2.2203804912929592,-0.5858253847820645,0.412253981926763,-0.019098908099775175,-0.1797765528020809,-0.05339672741538772,-0.34135725825692853,-0.8229592927875794,-1.0327025973109063,0.32119120541955826,-0.9106076754990884,-0.9541509976089538,-0.8311256116802841,-1.374527251511153,1.001207421852529,0.15188459050797756,-0.9188169289028313,-0.857300139700887,-0.8266166085531031,-0.1408151873841417,-1.639163264883724,-0.44877265492751184,-1.4992034617283583,0.07284248997193571,-0.4475591849107484
2025-06-25 17:18:04,-0.2605166137232233,0.2230911247401719,1.1555156521474008,-0.7159469271125732,0.43387621808067234,-0.4826800291978563,0.614167195737587,-0.2887870091819237,-1.0762808512676343,0.15193147017382289,-0.670704480734808,0.8023743313397442,0.24088659746463292,0.4341936481627262,-0.2582915930156185,1.802213027656376,2.152421162727622,-0.7417090479402948,1.7823588059257574,-0.38421043924745063,-0.7619363874587302,1.2075976581920882,-1.3758777250534289,0.2500063963259584,0.5344651520024448,-1.0329153260145887,-0.7039690013470943,-0.6222797662105997,0.19709467980031625,-0.35976045474485985,0.9899171209107541,1.1251561547937163,-0.554268931839247,0.03896410353874688,0.5619893886689102,3.0242840078984745,1.3173716079711857,-0.48341142284057365,1.3411801063962103,-1.8871412093533213,-1.4492893541653287,-0.31354261522602583,0.06260853146648523,-0.9749076419780925,-1.6015242634130875,-1.3373777122538242,-2.1852722248943532
2025-06-25 18:18:04,1.831822784714296,-0.5114980525668943,-0.1413705788067553,-1.4399839951714253,-0.8408888171834296,-1.3843590208595524,-2.3473273376903183,1.196951459414504,-0.40917856551364895,-0.01892577923850268,1.3158189036785004,-0.24393880994725228,0.4489982600938617,-0.2668510917250577,0.08967944331208308,-0.8171019964571493,0.2956737828281212,-0.8371461486262977,1.3628443735034121,-0.8421808195638744,-2.40811078052061,-0.31130079405041383,0.8667643058013305,1.189656895653443,-0.2262738934217579,-0.8691315648929255,-2.145493516811296,-1.6151173296500585,0.062170416879421146,-0.7333063494453569,-0.8967017675509502,0.03657323857621254,-0.23967824621593778,-0.8996247786846558,-0.0629071728982268,1.0450686186610776,1.594507915258184,-0.26954820822900627,1.9749163353226904,-0.017062772161963745,-0.18484315635773513,0.21878040323371062,1.2859154396531824,0.04567927236049738,0.9930225857025173,0.9673181375964104,0.8742851206451324
2025-06-25 19:18:04,-0.5509206609850982,0.7997720924665206,1.1295416495026336,0.06344015669525319,-0.188104877001954,-0.28760586568574,0.48400592603996556,1.0661883428125836,-0.39155537369330634,-0.17885116431689219,0.07458891439928295,0.3396588593363506,-1.1954046758890813,3.1983647658189653,0.493141258344475,-0.7416093538827663,1.1919314529667029,0.28406235024991916,0.6011176925896865,-1.0266840518596358,-1.119346532359533,-1.1946492079325977,0.02647088995614828,1.515848293950192,0.2788736676543062,0.1446536543070906,-0.7251424360349679,0.001621642337988129,-0.9242485401111519,0.23002910093749795,-0.047499381143200965,1.2384816084004746,-1.0681878682399344,-0.03890580127439738,0.9438147608620577,-0.04394630167720797,-1.3694123147772532,-0.07764779023040888,0.10426598847783233,-0.21815155626318397,0.8953714474009957,-0.6106682495623673,0.8077975160380998,-0.7053897975137876,0.11028979655924326,-0.13543155880193186,1.6457118617637705
2025-06-25 20:18:04,2.008393346885521,-1.7874912021740919,-0.08625889680214961,0.011922094022466072,1.3464955248421024,1.036091175061268,-2.5733696630941627,1.9170178379486382,-1.0217666788597934,0.03201532841437822,0.734382522412201,1.2433889434080603,-0.2458258755118303,-0.2375881519592319,0.5616053678535704,0.5774502073645469,1.0200129074233966,-1.070663823240791,-0.25049559903624613,0.9216162769392469,2.3334247377858413,1.7965504813456097,-0.9083652603933993,0.33733435249325455,0.3396880088883475,-0.557392525067309,0.1869585195398949,0.010278354415444337,-1.4757434855790832,0.1541928354830466,0.08632712137066519,1.9070824703365992,0.5986913876119766,-0.14552081608709097,0.5512729492791552,0.3320255052089428,-0.2550806178960481,0.1350521554180951,-0.15529962349471005,-1.5930401764507776,0.8539124664287334,-0.35660766837531926,-0.5215311142812039,1.276311251857497,-1.3147018723898825,0.5039860118787959,1.265062041024492
2025-06-25 21:18:04,-0.9069969893510011,-0.5855514151908986,-0.15076375702930228,0.21438556175459889,1.1026538689004584,1.70523372276381,0.8237498350600516,1.0770615159543109,1.1644692920145783,-0.20941089871451088,-0.8777506450415447,1.549501626438599,-0.7976650167295362,-1.124717649286873,-0.0983269515922627,0.13427642535981948,0.9106343641596086,0.09522754868997176,0.8255035655258803,0.4449006186283732,-0.028518797892170933,0.03960159220400875,0.5284909483817236,-0.15051857825511872,-0.680114107695905,0.4353778677586015,-0.3323339439187494,-0.4086795323589139,-1.657205090636139,0.1580222788065089,1.244462268974925,0.26073729959006164,0.12043890398622452,-1.4426370642055164,-0.3356228018579128,0.004123553061780441,0.19812952437703293,1.6080860591349764,0.77110165621652,0.686911039191902,-2.5316353529804463,-1.1521134829080089,-0.049103987443832785,-0.40344194653765875,1.7749711135870605,0.177971911887219,-0.3064802846595915
2025-06-25 22:18:04,1.8663973710928565,-0.5891115721973099,0.03823085720948264,-0.10945765739320015,0.40026855406063494,-0.9771892080001223,-0.39035785071516205,0.8153912682808299,-0.6355732074425721,0.249993345181336,-0.9946447068623238,-0.7453169548924901,0.9753362096861641,-0.6715924300079493,0.7407914849870307,0.8157783102430539,-0.11394830653390954,-1.2966069618254028,-1.5579480832874717,-0.9002685279860391,-0.272751345563414,0.28239264248213664,0.28066938763253774,0.330615070703454,-0.045239954461762294,-1.1760801545281814,-0.031913395702889716,1.4047142242533046,0.30997374790857063,0.8187195291809183,1.3600642075565144,0.19047186344052228,-1.9622474674362802,-0.06555411450850938,-1.714578533135213,0.10785453253201945,0.14300097361414968,1.2460507255323467,0.23221513447936173,-0.06629687036616218,1.4622997155951103,-1.234336851388267,1.3892080488768102,0.612735544937655,0.4088126546125196,-0.590038874368873,-0.6504858212774084
2025-06-25 23:18:04,0.4731870790117612,0.861462893997501,-0.8383807772449829,1.6360440904726936,-1.1176932622102735,0.5004992971775529,-1.7330102371108795,0.9969189405316232,-1.2017719189838003,1.3280425052974536,0.7778545101825912,1.0442925380731582,-0.7192564917505484,0.1769934221590222,-0.17810351158763219,-2.0478997275975392,0.4020686134737675,0.517678811562687,-0.11354404583357823,-0.9721133807517125,0.231755783409988,0.35268673196845934,-0.8424411547888813,-0.6401686642922173,0.7396115526484544,0.6321754069113673,1.9258980073295342,0.13300877947974452,0.355208609402701,-0.35350418879415585,0.8056590554082093,-0.7674257030263079,0.617911404658488,0.9369575114446109,0.9248167890089154,0.5843615743530837,0.5572557573215903,0.9694109784096981,-0.08013627387666061,2.92913746926114,-2.478349483923961,0.0023307794537015467,0.39509723899697374,1.5441568360078453,0.8397948795036841,-1.7060361258435024,0.2175730125658028
2025-06-26 00:18:04,-1.7752211070813004,-0.5849144547423911,1.706526882208661,0.32411641945231273,-3.7144779966810706,0.34580929895431317,-0.9712471838263814,-0.09461021057964447,1.0083499049989253,-1.1874538606816645,1.7579160521315966,0.6652963371120215,0.6898520619166746,-1.0139989171100878,-0.5157031050871088,0.15584853642746238,0.28240873603181826,0.17180320297469612,-0.09310196798079672,3.2049455280715695,0.5830373191507806,-0.7688687427868559,-1.730822770674366,1.737729943217821,0.7189907795040333,-0.10104514154944337,-0.8177178972814858,-1.735617920271926,0.8952613808305316,1.2244949739834612,-0.5018866319387234,-0.9835362409569572,0.6924978209053898,0.5772814920411015,-1.028056742656665,0.5975512898190266,0.17901057568246054,0.33697486707384355,0.40179722510804255,-1.3452745561128998,-0.6131367733776438,0.9949216938337321,-0.4165237937165066,-0.4548424529990723,-0.7823642472402165,0.99768001784061,0.8083763426810594
2025-06-26 01:18:04,-0.019399149495247334,0.20255656396963662,0.4846412152560154,0.37153721407314233,-0.42967082550013197,0.5375112674622678,0.8027156194799733,-0.2969310543110624,0.08201674286391436,0.1984787449193902,-0.030663482670544768,1.1098703440472992,-1.7581083645402626,-0.06094723585265517,0.5937359426770165,0.28602566527645285,-1.2879365939345535,0.4378847314354291,-1.710077274647638,-0.27685517151617595,-0.8104728673137417,-1.251269418944813,0.574533699763236,-0.30143987681840984,-1.9800311061328737,-0.4592159608851739,-1.013395156230556,-0.2333112390499715,-0.12293900484235033,0.5106728466929358,-0.7947986754114572,-0.2707699305537733,-0.7857793913941074,0.2383276045096063,0.13294515140570218,-1.6442887823543748,-0.9288141184152997,0.5377981965366523,0.5756115930578828,0.16447967836268046,-0.5642405597034341,0.764777896530629,0.4500133347586032,0.48819754763447254,1.7875950770215363,-0.7080316598218647,-0.20044519827219812
2025-06-26 02:18:04,-0.05841430430549317,-0.23977120675209196,-0.9017110298730627,-1.6036476661970789,0.023064034705204448,-0.6292173769498786,0.1607815550368849,1.3798249181360012,-0.6953661065651503,0.4061702204791942,-0.9504459008813014,-0.4784513043426937,1.3337749446526748,0.5393977013378007,-1.5494629456414761,1.9296518706823742,1.6971760988026052,-2.284196806842272,-1.2779814843188142,-0.44005748329466415,-0.057146851710040227,1.1035591821801822,-1.2908559423784032,0.6396526582187675,0.6606122218973173,-0.3810734030910237,0.5034736379546023,0.35884179299590935,-1.1318262109487334,-0.5123735591198243,-0.5493472165598496,-0.3787532215031353,0.642666655039167,1.0814119176502226,-1.3813993208355009,1.3601919254305608,2.5312056652075174,0.47673920225606387,-0.08145488011736764,2.1763645849937165,0.31174189581513995,1.236286871233819,-0.6110225917324371,0.36701853328110995,-0.6903451403428575,0.314530022977858,0.0910485138078412
2025-06-26 03:18:04,-0.9636913382204477,-1.8208228419588444,0.6001797636122542,0.0541133340953185,0.9953311074378918,-0.08853534361862153,-1.0057009291076315,0.7265849388828388,1.5358327604901905,1.908440862318321,0.10673031286855819,0.7756435055998206,-0.16854285585158213,-0.7641603885105955,0.0015050107609777964,0.27768251598031135,0.22146440899244244,-1.1219744177681257,-0.8496264909974075,-0.4518575234436143,0.5841858247329916,0.5235723167598315,-0.03692453352343717,-1.5717618294557265,-1.1194444024501056,-0.20863084505750554,0.08372836401542189,-0.9223473983605491,-1.03415411083782,-0.06294327772365582,0.6502914805754879,-0.6193458465419536,-2.0119977156319306,0.48128909855789953,0.47090735903196,-1.4243211641553377,-2.1149713881320626,1.8051671278921126,-0.761472180901436,-0.3350817090872318,-0.71743776300717,-1.1123402945039953,1.4038648889339704,1.6650688409583285,-0.6796317922054063,0.12470537442906092,0.632219069775619
2025-06-26 04:18:04,-0.983557541504733,0.8641880127359235,0.42732865646640117,-0.017452344067763147,-0.5411220009688757,-0.8963072170354329,0.8677884629562483,0.7215997370180083,-0.6624333619190845,-2.638340778153204,0.10461987521282078,-2.7832926994529688,-0.708362259190093,-0.601222401787635,0.007575798941949033,-0.2186524458345438,0.34570201928308497,1.37347026032505,-1.140733098479194,-1.5728559930553834,0.19927333691966728,-0.6651086770507367,-1.069817564542084,-2.075031908502278,1.2934217575319296,0.41907753665769293,0.55973699700371,0.960309218446358,0.44784109707103203,-0.16856745016172023,-0.20116639264666575,1.1300839436297418,0.39044926698580035,-1.1011318070527862,-2.1722477986471325,-0.8396687988412138,0.5388144019299601,0.5696249719126449,-2.048567424708999,0.7253606011611836,0.5264443676281432,2.215016698582496,0.2100172560336231,0.47046905747157064,-1.4498478600793943,-2.1231094518856497,-0.30460666879789167
2025-06-26 05:18:04,1.0152857043948293,0.14341844212948923,-0.1910071227657019,-0.7670851870397398,0.23521830509885067,-0.49492435013413427,1.6664560979900713,-1.212409001582428,0.6511096580994722,2.415390742481211,0.04713826987738213,0.338135991905835,-0.18504726756123335,-1.0684017872854283,0.22002990427332436,-0.1656627783400792,0.3618368046504418,-0.5753128461058883,0.3826048747760361,-0.7371811340274389,-2.0941913930015885,0.4516012753818997,0.9058262892670632,-0.9036244531496986,1.485987845086477,-0.7556620286180238,-0.9373735445190762,-0.4076806229132993,0.338024470868218,-0.23333786497488723,1.0895194432778013,0.09553002616124316,-0.45637042326036914,2.20106548022573,-0.26055427282486643,0.8747934843978892,-1.1180063823094473,0.07057593704767025,0.41124048081304815,2.6427886003783034,-0.07350938748537558,1.528362081130323,-0.32439379888598346,0.8817480178557382,1.0157476031720098,0.08821966836498356,0.3321409482757903
2025-06-26 06:18:04,0.7684867799785046,2.0096300028828886,0.9905931758360447,0.09453720821235678,-0.25386636631639575,-1.5268240447047075,-0.5220172403978028,1.59534628651838,-0.9481282981628743,-1.305748793425678,-0.5639589131089169,0.015939996209723667,0.05868597645277953,-0.3613010796210685,0.27306846874795343,0.7590718239232084,-1.0908764533716673,0.3005925899750773,-0.4169612779452244,0.9261619178404232,-0.13822384816245142,0.09798475076155032,1.340500089845211,-1.0711791766821033,1.6552268132403576,-1.3401659548244467,0.6136235876282902,-0.282520299866401,-0.11441954081381848,0.30659940412741415,0.09028418775401206,-0.5788988055591333,-2.123019464884516,-0.9942167765397707,-0.9310824076884618,0.8171768376845817,1.1436970925429346,-1.1067162438302518,-1.1097127342678224,-1.5548533547812182,-0.5205443041730636,-1.041496950776375,-0.6997630373100064,0.7746896729938931,-0.5955661241428117,-2.193317318281061,2.0548038433470888
2025-06-26 07:18:04,-1.0470126360837184,-0.0017682527611705356,-0.5875556241417621,-1.2026535557971458,0.31850866623353674,-1.5864185848913595,0.4858719668411227,-1.9600621079729323,-0.1355136223613702,-0.18968892715357052,-0.1054198598940234,0.2485528414132303,0.6001670964778001,2.263074715556045,1.921410972033984,-0.9383761357239642,0.43545347318355154,-0.1554968683606648,-0.6484784465239385,0.4231178520178682,-0.7321001836372429,-0.3002524936509831,-0.8592372841183581,-0.0924636617415787,0.5610536842917139,0.42140556485229597,0.8049209788525289,0.9016431632021198,1.8745274579503348,-0.3948444262978234,0.6365218958110097,0.22798676631053696,2.011155700955202,-0.10183020962158755,0.956748342977955,-0.7252165416772528,-0.22806290960518155,-1.1554022543269031,0.3507600283822602,-0.1764785016585064,-1.0604206094649566,0.9076613569114828,-0.5736756992342043,-0.13613447947720492,-1.0074209028937118,-0.23848540605872606,-1.7210032789778162
2025-06-26 08:18:04,-0.6891494751842512,2.2764555086217526,0.6539271794301225,-0.12194240910790656,-0.007900692149536833,-1.9014740419862919,0.9951317372686959,-0.6000102844592895,0.6997784486361852,-0.12777049604631577,-0.08195321403709085,0.1942129566678967,-0.7989575226621874,-0.6805607629351126,-0.8573457380481094,-1.65932294399929,1.0662745845602406,0.5604934719491754,-0.5147942736750062,0.7955546409502159,0.7237522217700708,1.446866668039178,0.7010195560704625,0.04011744176128154,-1.0536337906793252,0.38796776383782144,1.0415223974200654,0.07638690821123698,-1.0366677169389105,2.3201192502170818,-1.874943131471077,-0.5325706121431223,-0.23433958637105629,-0.1589964130738537,0.8538668004166154,0.8012683972191168,-2.0742504038592178,0.9888788943094841,-0.48338028541010886,0.20173564689664167,-0.4422342540555483,1.027058987664767,1.454144826912478,0.6686886918822692,-0.5258255320636857,-0.6517684081389441,0.8417558886825512
2025-06-26 09:18:04,-0.021977684454907984,0.3835763778113941,0.7196210508519246,1.3751289033802414,1.194587129500007,-0.4867073317330972,-0.5265700822661789,0.12045549220529377,-0.8518991340552371,-0.4478205842880629,0.3494604266093566,-1.326730212350286,0.734833278372354,2.076945729307449,0.7390265328658998,-0.3716861256464515,-0.7214930441402476,-1.3790451175751044,0.42210489839615445,-0.5805053125759688,0.6003990318281038,0.34185381474792964,-0.92503299924993,-0.7551582009207908,-0.8518843298089877,-0.5877797746828056,0.6027353462337335,-1.5449124927143572,-0.6860030188288093,1.3714353374580925,-1.0319471610146465,-0.785409137365563,1.788963141813304,-1.5354525007037982,0.9593533426055127,-0.46412375450271576,-0.23604284051397104,0.7704361651557489,0.2951760212415469,0.16161030123319609,0.005025769158444885,0.29387564576634273,0.3751359111690658,-0.5868854753356179,-0.26495478271798445,1.0197491396280771,-1.9829919556780338
2025-06-26 10:18:04,0.5381034737929463,0.6159460202354646,-2.2478600732675025,2.4361378376680496,0.929700614926605,0.5294705529443438,-0.02878355219727914,0.5007073913862476,0.7072184117467984,-1.3130711210081274,-0.00530801500049845,0.24598289175678853,0.3334654346284157,-0.10133764725497134,-1.468292696316494,-1.0769797017614564,-0.28743869188726506,-0.16301317801881565,0.8264285198521026,-0.48227621858778674,-0.4387051504914983,0.800587362958315,-0.6443110127643719,-0.6927132968579031,1.0992974232069468,0.032646194142734675,0.9016426182755178,-0.7403526878758317,-1.026940148566696,-2.096082076727809,-0.7264285361603956,-1.2187985343118652,0.03917008536542872,-0.195444065105921,-0.34347571407491245,1.0394433568954895,-0.5015374897712328,-0.06318879430331198,-0.19588255031985957,0.8039124402580188,-0.2972482751672958,0.3273837833967989,-0.5083032857283996,-0.8884098461250554,1.1058988603504856,1.1283897219162233,-0.024023811510607358
2025-06-26 11:18:04,-0.22645982457245825,-0.6031298062360911,0.41892879535989797,-2.0990680384317106,0.14163387683557446,0.963396600278378,0.6527263872869103,-2.148753229702161,2.2142633783109384,1.743927736269529,0.13633514200945696,-0.19779004851074497,1.5100114115400327,0.7338804034529434,-0.0907406421785181,1.4945266590390651,0.7504816129221943,0.30316446433706723,-1.8511814271193858,-0.5406236274703717,0.6706385657830296,-0.8562908474936247,-0.2985772426813534,-0.18213784168035752,-1.1972523953972511,-0.17297050370351202,-1.6646698936493007,-1.5311643548587908,-0.9372677205420605,1.0247603935062228,0.4271847978754394,2.5662734291139713,-0.1522877980219604,0.5847179156202474,-0.6007536085418256,-0.9627232522006762,1.1225172600597622,0.8238230266820634,-1.588947977640112,0.8226124736577947,0.6037456857051346,1.2069484991936061,0.13164364060231623,-1.2338212652209473,0.08149751750472671,-0.9930183669030027,-0.6327217512288147
2025-06-26 12:18:04,-2.026125389912169,2.017786987752614,-0.31658159327576746,-0.6207085489706055,0.993336812318007,-0.3414511338811601,-0.46821621282479153,0.16619996697770045,2.331646547030853,-0.9211099285149471,0.20270633227980517,1.0664937029153114,0.3480737405445662,1.231442568053457,0.7148864673169625,-0.06917193975726992,-0.08188407317587214,-0.3921653298889348,-1.7976332533109503,-0.2807187389131036,-0.8391121824474439,0.30711621752101254,0.687454991593035,0.638179707012218,1.1447296148705417,0.9444309129210773,-0.951622756282403,1.1541131129386335,-0.584295686868948,-1.496594230764934,-1.6478610391704795,0.8470455270161532,0.11743521587932766,0.14623688036983598,-3.2814409493763113,0.9204724770781566,-0.5577564090918488,0.457738278880035,1.6861999366865876,-0.09603574918896472,1.2679183103695715,1.626738900749797,0.6755803608392587,-2.045470610737656,0.8985596583998517,0.5918920136047665,-0.03622723490158801
2025-06-26 13:18:04,-1.519457521842228,0.9411877250192906,-1.4191813370531094,-0.4424719861882602,-1.4461127288743691,-0.8054720342842073,0.28334589574044894,-1.562406013769911,0.6518984672266726,-0.6914633957812735,-0.1513814811369847,1.708847385242374,-1.3008017467636215,0.07829036864433289,0.6800542005655167,1.289669089489183,-0.7426178415891669,3.5935897083104456,-0.38379862608360105,-0.8614256858710657,0.21563747364645455,0.9912084552628622,-0.2526243946901303,0.6123901241903407,-1.2699533351793022,-0.2992128734854951,-0.7713663508338052,-0.03846106206189237,1.9521718324093216,-1.2770932597699658,-0.38657608676608124,1.1519290971299154,-0.06831873005351245,1.420256086009416,0.38815278899701267,0.7301773594985254,1.7136503358722144,1.2918867782408527,1.4179721804818466,0.31697603981277683,0.5155713536574498,-0.20506950930493284,-0.23025922803537127,1.281589326085377,-0.7892277733396901,3.003271799832912,0.8178192669602852
2025-06-26 14:18:04,0.7534287709574709,-0.6373588075054218,0.1346336666927697,-0.3051887059672533,0.04989369050488795,0.23083743855198108,-0.8387883954631781,1.3455364808861563,0.1459777089641734,-0.66366246059488,0.44752980386363284,0.06520171537539476,0.45965231916128285,-0.364289711804664,-0.24194638006488012,1.332088737991508,0.8623499198551329,0.10421608529380061,1.080462718234613,-0.26755639007818927,0.27169739965386763,0.45256987333417764,0.3612265545182403,2.249209552371001,1.3658164763805312,-0.9872186711258584,0.747939373857645,0.461816363758102,1.390064092346566,0.9088256396942967,-0.3303252153207796,-0.5623204670442508,0.685196591486298,0.5485505606865968,-0.6100512039272286,0.16110600133203132,0.0014704157632700586,-0.5109116844138076,-2.3422888174214145,0.42883357955671497,-1.5615712978070215,-1.1231233317053886,0.5221861372009081,-0.8318091694315787,0.4308919299804179,-0.004929820656385311,-1.0727867328575111
2025-06-26 15:18:04,-0.7399888647384555,0.8771028691484845,0.7006871813176718,-0.969204611004484,-0.888506687914917,-0.6239751341260076,1.341408926327182,-0.49734334242305284,1.8014775863879358,-0.5908463587808043,-0.5469402718165074,-2.17113525062649,0.9865860080372567,0.6887884215100325,1.6604657149827826,0.49755203997794806,-0.13726227263788485,0.5185086440948202,-1.3692906089167127,-2.7088567530144525,1.2644442276464825,-0.328361551761934,-0.5151751579423455,-0.11206642114477962,-0.6813454543123553,2.0381427450250866,-0.5270000877705994,-1.4647732983440989,-0.5462872571855661,-2.2787484747141207,0.7184176797130579,0.3357338739873433,0.6460969279129526,0.08883051412077185,0.7642306178126179,0.41143166016160426,0.5991746854475704,-0.723248557840807,-0.07732497699719022,0.5649524128062792,0.5148004229401236,0.7588755738932261,0.7958358504718734,-0.43591170066044327,-1.090251533107894,-1.7178665103066089,-0.5363656078952892
2025-06-26 16:18:04,0.5685737271036417,0.84267025743894,-1.5000740014344558,1.1352244479838338,-0.2771768132419144,-1.2104710483214984,0.17602689573302158,-0.8269347843776883,-0.9601889520220471,-0.6966658617414617,1.1716955456176785,0.5343814655284144,-2.9015784885853755,1.4854302421729344,-0.225166629357955,-0.29270838697649726,0.11784016175893183,-1.5409349623991075,-1.3258375505227782,-0.10790707452249164,-1.2446317663454194,0.05790665504661988,-1.6435226458204626,2.0277616192576433,0.7579090764157259,0.26742304318335647,-0.2153312327255878,-0.027119503279419584,-0.006768371246565865,0.95641013910462,1.677512516202882,2.045847947365361,-0.14402790988951322,0.5463393058791477,0.9595043875582558,-0.9712208394739914,-1.7252047358606182,1.3128528901090437,-1.8874500222922175,1.5279301387497437,1.5716262018023186,0.8842097184573208,-0.06482077517197898,0.3841499783127697,-0.6347910806134361,2.0003702843459394,0.5359024829112985
2025-06-26 17:18:04,1.574681336668997,0.822191747847084,-1.390200272181598,0.48507065502422053,0.19483024248210296,1.9773613466355615,-0.9918296031564087,-1.554621716817587,0.68391559839205,-0.4343743719266839,0.20635445631064395,-1.3737858197388457,1.415783769225453,-1.9242201356295123,0.010550504402276534,0.8720197677713646,-1.0706691981003649,-0.17378407238157198,0.12687883991266724,0.9587965552203244,0.8234311273697871,0.7355053005107581,-1.6258404830599889,-0.3409534023423144,-0.645333418985347,-0.3173742762813667,0.8696109868778461,-1.2616708938097556,-0.7010242485179958,-0.9306417874435566,-0.7177830484590962,-0.862828754717856,-1.4388426949272481,-0.4145813166588029,1.872623853185461,-1.6216970603054586,1.705819322236165,-0.5278663837879497,-0.5965023373374215,1.416756698976489,-0.5969077116531895,1.2649761818928242,0.3706892840428122,-0.27578464099579086,-0.07980435309666963,0.8770725925891459,-1.0501809479259003
2025-06-26 18:18:04,-0.9906600010516469,-1.585046842360832,-0.6707243108554675,-0.07661966690602648,1.792914385693367,0.43798770839758167,1.8545684946991634,1.2505533723083688,0.07718530839005384,-0.18752840159417844,0.7278608121895478,1.3532339425365127,-0.7397421174063291,-0.2438032796659802,-0.27190894183397446,-1.272684054257153,0.5823686327375079,-1.2449704168609377,-0.644143176765831,0.8851973353426208,-1.0851274524406431,-0.7003105898378255,1.0156121614754032,-0.402089921054875,0.8845060370547914,2.4676866459022557,1.3044847492189773,-0.17128888882530627,-1.1407499652688193,1.6091657366990857,0.7111056840204418,-2.2456306391964818,0.04212348821486091,1.4205766570186882,-1.3777615914899497,0.8923849627548833,0.8818190687823193,0.9272422290816685,-2.37237225106928,1.7355071490607048,0.37578999528772905,1.0632043038668193,-1.3300193875746031,-1.2168699645946406,0.046837044904421025,-0.7718911907416707,-0.44498007378844506
2025-06-26 19:18:04,-0.19972151196774318,0.7469247899891428,-0.761903402691428,-0.14056163741519975,0.021686351750592428,0.056385509977079695,-0.6351920966904594,-0.7683334313191404,0.13423771966920914,1.603877581960298,-0.5320394466412727,-1.6455784429225253,1.3311089207056814,-0.6800949542928999,-0.11257026725485852,0.022711671730698123,0.9859212444994638,-0.41192789201760266,-1.049185727414803,-0.8274859221118515,0.45250099452447917,0.9528738978240924,-1.2358218242733887,0.7978021278962748,-0.4356989282524077,-0.9146893211222344,0.4228994904052819,-2.6344236323890877,0.18605502146480418,0.7830242934439013,0.5502410648532697,-0.9611196872197837,0.13936683839538322,-1.49229474074818,0.9116777867562743,-1.8974076313823018,-0.17333766525244196,-0.023015783485178617,-0.48072525258238885,0.16540643852619805,-1.2338779354925447,0.14169505588709372,0.8147377476187929,-1.1714301957320414,0.10416257467766694,-0.4134590273466459,0.7174196671894164
2025-06-26 20:18:04,0.6303833902557495,0.02311544035997388,1.324224115327533,0.2952590461297325,1.3596079716488618,-0.4869410834063051,0.7693997134062576,0.9237768455878806,0.4420446931255595,0.1100280308878363,-0.7489603152936186,0.6077855438856677,-1.7343866898633327,-0.12139461063499549,-0.4089839023730867,-0.5051553283680956,1.7844652027558274,0.8438299850209391,0.783800986114202,-1.6784556145475011,-1.3220300764765511,0.04343904870513882,0.9193868941459433,1.5076593101427769,0.8531120998508176,0.039860419875273265,0.07948242089188447,1.9436638079779962,-0.014883876104490514,0.37217694755865893,1.0552891901081491,-0.4960093468354595,0.7767672712955029,0.5944223171068967,-0.513729213863965,-1.6506345060290166,0.1666888979221026,0.29672533286719976,0.1650308275006109,1.2767488680723458,-0.9060840035102583,-0.769226172153272,-0.11653039936671054,-0.9137497891816487,2.1861955477824826,0.7802536237592068,-0.2892754570810138
2025-06-26 21:18:04,0.18465976830955297,-1.6198857602521441,0.8994443741587997,-1.4218524948114728,0.10606524727469116,-0.712959527919434,0.3286711092132869,-0.6345207695127754,-0.9942145085536549,0.7696016112533017,-0.7784809159042919,-0.25073174738687837,-0.1744815516828989,-0.24112268433921097,1.3621091817663626,0.22642444502685066,-1.142292204541623,-0.42131136270264713,-0.5584876332937557,0.6939701862596811,1.047585192987548,-1.161887430249966,-0.8013207628509867,-0.6501043058915682,-0.11940565836471513,-1.3650080120228174,0.652674689671955,-0.7969037110206197,-0.3783258536128185,-1.0576115138976927,0.8159297587619685,-0.19565143462468096,0.4008780008039077,-0.5005578878918159,-1.1500454079256148,0.2278311833886573,-0.7362454358435572,0.6882653052484584,-0.7191018823027265,0.20147450339586373,-0.40793627805008204,-0.2765113067422613,-0.2664633019099408,-2.22737570575028,-1.1145421390418209,-1.0739297514476638,0.5006716096566556
2025-06-26 22:18:04,0.8886839842941409,-0.8058646677788639,-0.3311396806114074,0.9688308407487406,-0.43323349905491054,-0.06335377026492814,-1.3338433427298084,2.016959457950289,-0.31764446743630115,-1.2115929278484727,0.6751732022690506,1.1078369829584034,-0.7166492343155115,-0.21792853228255077,0.7926994052074848,-0.1330602663078661,0.2344592288598192,-0.6747093485108393,-1.7961888882703423,0.23975049642694046,0.378098559436533,-1.514565308427312,0.019153649429479693,0.9013550257527743,-1.0830369936990178,0.39963795002902375,-0.12125913615323786,0.5609855414448793,0.9381780358357233,-0.3381462370769528,-0.4665696641699383,2.1007330299790863,-0.9687148426588746,-0.6212131426232732,-0.593358309864716,1.0723856088040014,2.052831255227246,1.6053828054534358,-0.21547807936339644,-1.732378441191777,-0.5038632818783831,-1.1372322348306356,0.06047452667969893,0.33277253520742683,-1.1234550099963854,0.4246827426221329,0.6235222983932671
2025-06-26 23:18:04,0.6775406681799468,0.17784241178467639,-0.05081190013463255,-0.20195111054814546,-0.8716086123553889,-1.447083730292535,1.0305545551713564,0.7744778944614558,0.9297871579930537,0.08031517360440388,-1.4976650551290411,0.6281241279743442,-0.18611876883922462,-1.519340003124103,2.104484324009939,0.13226865554157197,-0.45220946169364185,-0.5994648282416016,0.962858554845277,1.112965508091653,-0.17536367603272468,0.24336783533116038,0.05258627945442213,1.199162652335491,-0.039347521605191296,0.805037703835993,-0.8965167890034375,-0.5274261416165156,-0.15983639650447182,-0.5936190270667395,-0.12787864788493136,1.426021220371571,-0.33652087149241533,-0.3867224609848272,-0.9344345784382914,1.8675197679671536,-0.6138310480175364,1.1746075961607134,-0.6400113475372059,-0.9161722385078981,-0.31075502394650767,-0.33982780675941815,-1.418366602615881,0.374635715916451,1.5573559888425186,3.21367519752805,-0.710551935404992
2025-06-27 00:18:04,0.4371799299152809,-0.7348191588824069,0.006442207446268406,0.5177312111534712,0.5665747089918722,0.7702734331970791,-0.7610122198239428,1.2446233312709198,-0.8124113256774415,-0.8412557699531974,-0.9844966823862294,-0.6109859184936631,-0.2428859190891098,0.891279831407466,0.05533659320578253,0.3320427859449898,-0.9207860544760328,-0.6223831133504358,-0.2151224048196102,1.5441556269483852,-0.3151859463827289,-0.017935883396013624,1.4054203919598574,0.10206684275694769,0.29309557262718994,1.2152413715599528,0.8107030020901983,-0.8216128422522148,0.5379471408103353,-1.3691392442626642,0.1247580605548448,-2.7914725501216004,-0.37919282205068083,1.3743737685181954,-0.23085170612435982,-0.4313539312269374,-0.8726666246864985,0.5052658367518215,0.014674370273230937,-0.1475165738586585,0.14151109686682584,0.4435387412871271,2.238676327405073,-0.874973584094706,1.1525705984593726,-0.0379100022038177,0.8232512985252876
2025-06-27 01:18:04,-0.9155290708325668,-0.08750813803192432,-0.519900061208316,0.45367822668221847,0.43458407817468636,-1.212790335951927,1.5057102381141547,-3.2164013189526663,0.1977452725007164,-0.5000966041550373,-0.8444130122043385,0.019253052437170286,0.5254529702124117,2.4170167052229474,0.7688434626489042,-0.44677938830523434,0.49807042578793315,0.05109148797539664,1.6781686691810005,0.8272295469835845,-2.734106343763921,-0.6410053782649756,-0.9151907946372444,-0.2025012730084434,2.3825459829239026,0.34320535564924115,-1.7036550154099348,0.14438280835340717,1.4395399753669804,-0.6050286846431192,-1.5839365987863838,0.517927192603208,-0.4177975297386676,1.8997649858754218,-1.037006772018163,2.007508763727694,-0.009632700553920813,-0.058050373630164256,0.6269355813114025,1.4274039614685496,0.26290985958642094,1.5482259502934048,0.746105423266258,0.5802112069839944,1.2862593160385984,1.220760563016024,1.9974486787884176
2025-06-27 02:18:04,0.066026473679798,-0.03164369950806174,-0.13727936070517563,2.040683503902889,-0.8256572143130961,0.6874218327919716,-0.15436405340331646,-0.07657516397585488,0.9317227226018419,0.11206187885586352,1.6750156642018241,0.9596771864392973,-1.490606352366422,0.19100002574229738,0.8333025043323229,0.6943082269379739,1.3277738520688194,0.5497545911886822,1.7493220078220666,-0.2648256865513423,0.11787865528918083,-1.4295140809377653,0.33255708615711127,-1.8264582353323564,-0.9975966723747292,-0.21477546004406395,-0.3995217543699318,0.8702250050393461,0.3893372178423432,1.9939047134278352,1.6087528211301647,0.29935096355430585,0.04041517254844708,0.32262531459603805,-0.38965243949085665,-0.8243273764650336,-0.49651092891902315,1.0628046696161604,-1.6048923190340254,-0.8255958555722679,-0.4535277500303229,-0.30702264500438314,-0.4984040526609972,-0.9256829996232703,0.065492191514607,-0.6560183856228874,0.15941589209224702
2025-06-27 03:18:04,0.15616997707342348,0.1698026699853332,-0.11197026840442378,-1.219916204908691,0.5438411752003929,2.2386829588092456,-0.4930298653522771,-0.8689838235604698,-0.5938945235120001,-0.1739213737007117,-0.07547750613069946,0.04319435259866137,-0.020055197330016546,-1.960995626963135,-0.1756344645985032,1.6550860330616335,0.11746727891477178,0.11676274902893535,-0.08566350938073869,-0.8760697394949675,0.3120607689607,-2.271617787105003,0.09849100055261659,-0.23417432449845002,1.60034826762933,1.9043558906328382,0.6870282080343167,-0.3676691980929167,1.8503910847457727,-0.3285264256742998,0.9854004715856851,-0.2564613115869167,-0.07110229144763072,-0.2853739906997003,0.3335697109104587,-0.5076754722454005,0.10342981745680027,0.07321046597672064,1.084569912011868,0.2203159828648641,0.37005262722550214,-2.004222947202634,0.22262427461199244,0.2229840190450625,0.7117749239486812,0.9851946534852178,1.3054543297688657
2025-06-27 04:18:04,1.0648609920478447,1.85340210468117,-0.327453218769968,0.7859183528662275,0.9345251489918321,-0.2635183462448132,-0.655807880066672,-0.21911576233901037,0.0020603952553333665,-1.2245841985019863,-0.5224697697752689,-0.3062754690546754,-1.0939271452800523,0.5647496627286304,-0.08777139936634114,-1.0425057568854972,1.425655525881911,-1.1572120572904392,-1.6337869332846884,-0.30399310572114996,1.9286943356665998,-0.3299439922785689,-0.8701916827137243,0.4884747760765466,-1.5853504359994888,0.1448785587881548,0.11042650432598573,1.0598876633147445,-0.20751383254278008,-0.6368665707515171,1.2032548421239875,-1.7951533545143663,-1.4437230062553015,1.638268425164974,0.6721260228291145,1.156435163739894,0.20897430818823384,0.47143500386158027,0.5540575679392553,-0.08624758691330513,-0.46239947966654776,-0.22500970889338578,-2.0845860292333263,1.1103817063871817,-2.362935118085975,-1.167760003413757,-1.105824551421446
2025-06-27 05:18:04,-0.7627855475128148,-1.3700285489951554,-0.11831466192457744,-0.45867953296661307,1.281466938917797,-0.2042260718809547,1.5251910711501648,1.4749772802410026,-1.3823575304634608,0.8223878355581774,-0.21658004064745565,-1.0126486729759925,2.040214307444613,-2.614043333837254,-0.12443460129738675,0.030864212268229788,0.5986264312419912,-2.750846733314307,-0.744868776885581,0.5577411430731603,-1.1629842283755742,0.36165665221355653,-0.5264764828901977,1.1191257517792503,-2.168907678048377,0.45583709562606106,0.33930692900842735,0.13865806823950866,-0.7425891252026956,-0.6639407042560693,-0.8096993719257735,-1.304202945598252,0.7859626315829736,0.09223337820783876,-1.2191124275921037,-0.5873443930251049,-0.3492881246497093,-0.05431594334035985,0.0982498144319563,-0.4910527735579416,-0.8612617637345144,0.8961484181874011,1.8651227222657756,-0.07135795684197195,1.2924189485312536,-0.467962582275447,-0.06461947907807279
2025-06-27 06:18:04,0.7858995016074306,0.4334860762902115,-0.19061292791309054,-1.4200359591379286,-0.995019757096857,-0.1345368975053235,1.1458822063666605,1.5308169381124848,0.4167669380493084,0.27604569214797314,-0.14260924490086246,-1.6655825172166883,-1.073659504956913,0.8249358534225133,1.8852148644417865,-0.8965086632088858,0.647147173571157,-0.27359269382548845,-1.4881076993279743,-0.8874353355943216,-0.22339405749661975,0.6155571864757191,-0.5640787363182858,-0.7310014341008093,-0.3009901011843086,1.345551421604886,-0.6714424981424953,0.7530631956255172,1.2714080187403975,-1.6124874352478062,-0.829571207310132,-0.9358199486484422,0.7307300083427501,-1.1273794784713238,-0.26990865389365903,1.0807880282485376,-1.1444075926757626,-0.18268889877886155,0.6938011602233193,0.6593068062531501,-1.2472259138717312,-0.17891198810496084,0.03457055329999602,-0.7884522761628824,0.02247161244631564,-1.6087916448188238,-0.06670613791065706
2025-06-27 07:18:04,1.145477021592527,1.1624925211305461,0.45422448538120413,1.8051442961237938,-0.035205934744188636,-0.26654140915872493,-0.14688298014911658,0.5373087843132981,-1.6097126099165355,-0.5382923301378593,0.5412792492113226,-1.6470799928353932,0.5345232456968866,0.22278437302613133,-0.030948242859389626,0.2887526642384542,-0.7620552515225694,-1.0070411088330322,0.29377677927261303,0.0614178888454135,1.6328069682000983,0.13525493275684283,1.2556716987108367,-0.9906411166349395,-1.0560828473796244,1.3717226858700415,0.47276860351021294,-0.6498547416630716,-3.0257857815429885,-0.587773271289761,-0.0097529411318938,-2.279962956420903,-1.286977333173452,0.32714460255144096,-1.684777782881202,-2.194576110504346,-0.3401442843970582,-0.2696459524186179,1.524837937251795,0.3378493659310234,0.31398066514410455,-1.0478441954963549,1.787974549786377,-0.6879201708374687,0.8563900864759068,-0.8195721127316895,-0.9727286048167965
2025-06-27 08:18:04,-0.9830570411196541,-1.1898621026226626,-0.05564765668669682,-0.06312192841360763,0.7072628843137173,-0.36362089515799206,-0.47888144391884496,-0.36504158128628883,-1.494349929441068,0.23021582632843599,-1.1729592345925892,1.0853111141369594,0.6835085300294247,-1.01642832613861,-1.6685821617943235,-0.5350314779472567,0.9481441256992386,0.95159364234113,-0.39721680310554697,0.308775519246822,-0.5310133811345795,1.2466810022111086,1.4987971714525268,0.6030307507046322,-0.719933621530712,-1.597593972695787,0.43230870262081506,-0.3073216252797548,0.8629163864780304,-0.843059284960636,-0.1647584291643133,0.8901350603447375,-2.478136677712142,0.9932087151982735,-1.521766114124486,0.47077880312306875,-1.518767973607548,-0.15283705690573696,0.5000825513417948,-0.8812073077186684,1.3868385567820485,-0.3022031432581261,0.12982900056338248,-1.321279692303266,0.2867327000122934,-0.3527737905985973,1.4929253091105992
2025-06-27 09:18:04,-0.13244439667349145,-0.0967513779229423,1.5359367168862752,1.2453157485216153,0.2903576842940634,-0.3196864165972699,1.4339638905273187,-1.437713776855068,0.7972788411906456,1.8295385119676173,0.014752724320669748,0.14340163902251718,-0.6301082892929779,1.886227795792951,-0.8404877496351848,1.2462904431375272,0.6389360301753226,1.642264551688656,0.8349077242666966,-0.9493308304880825,1.6423546135255536,-0.3977234085179041,1.7218930814378859,-1.0110993404889868,0.639376560722887,-2.0306759174401874,1.2363364301117967,0.7267121884474672,1.7571849720602055,-1.5463555035275764,1.0962872813402305,-0.011625442702607899,-0.8774783992869049,-0.18957779678846076,0.6312495829693673,1.0090658120069707,1.5190015791206732,-0.716896448723582,1.6720718644144121,-0.5794726560505612,-0.5960823215780103,-0.27640271009337675,0.7543658093597232,0.09938268702945924,0.5997494646370305,-0.7081871955985033,-0.39744594415515383
2025-06-27 10:18:04,-0.6624322158544061,0.5452567920207814,-1.5159463584275836,1.0001423725844742,0.619854782199263,-0.5534730089253336,-0.7967024409559155,0.06795567936351643,-0.14223885906427192,0.5006799420586434,-0.27070664021673035,0.6494782377792806,-0.9869775978397962,-0.5509323341690375,0.3822288237018384,0.11559623857283076,-1.222675435917975,-1.3003356893392555,-0.4053753986360694,0.8013280154633423,-0.005595588076500838,0.41838455028085936,-0.45884497531672247,-0.1663970893666616,-0.5427022202581013,0.45345842817043996,1.3314182903614162,0.14047378811789807,0.49944565383233,-0.52746461170838,-0.06337252047322262,1.3436349449178415,0.23590479670192258,-0.1713379913100471,-0.6442628774445851,-0.09245060638195045,0.9978826017178497,-0.2926750590773735,-1.110759508534486,1.0298851875251969,-1.9496519941610222,-2.1408836848791712,0.03482817544649765,-1.1117017858160056,0.6665571328362478,-0.2592534513920558,0.6785687906451403
2025-06-27 11:18:04,-0.6180152122848573,-0.3570504248527717,-1.3032485737417612,0.2896327051218963,1.0659670809747352,0.6623076495030211,-0.5761434178597761,-0.5876292475623076,-0.021891977913515263,-0.44728430042259076,-0.7657098430834206,0.2554364166703341,-0.001484270153670147,-0.5997353826228449,0.9817195998207263,0.006829881794660263,-1.2767527895680277,0.09948568052048636,0.5699938835612555,-0.6908295286335282,-1.448379445777348,0.07355513275547673,0.13224085306368577,-0.42545273459893235,-0.22258583962758238,0.33272336645273237,2.49518195975623,1.1184807265861987,-0.5504850819137115,1.0240250640225206,1.0980472161179184,-2.0779382830323816,0.6829019072515332,1.7423955436942393,0.11996146610270318,-0.04896302311029018,2.105086714231366,0.8817434799048532,-0.944984899383082,-1.3265758869003463,-0.5545215494504911,-2.3878618907143183,-0.3281568509536724,1.343239285172101,0.5889547432141692,1.3123116797881116,0.7526170922483918
2025-06-27 12:18:04,-0.059010922780515444,0.7946214500622613,0.5361742136708831,0.30802175104194224,0.2502041563570741,-0.17212843945225242,0.9637719884364031,0.39531449659372747,-0.1033031334803271,0.25940986408822386,-0.28413702903574317,-1.4212687891164741,1.6081397005342195,-0.4206441049209572,1.718359939719462,1.039802554898615,0.2227000832814764,0.08669710943093101,0.8432644084218357,0.06898087190039728,-0.545207724142362,-0.8100308341144291,0.36840155811548253,1.9111783521332006,-0.9973975146428166,-1.1171493884700636,0.39895267015529307,-0.9765009631647268,0.06408265870204612,-1.1480930053153784,-0.6264136709051354,-0.635562897417109,1.5500283471603362,-0.35721851368520446,2.9310945096964773,-0.7950769798172049,0.9452856994370734,0.014666227334954159,-0.9213078110140325,0.1384188868615887,-2.318549368609239,1.5479714834934586,-0.2998726533079103,0.08576663329823966,-1.2383526160083633,0.7404986712505823,-1.2982162776505497
2025-06-27 13:18:04,0.33281375919212586,-0.6054438421670604,-0.678871296708277,-0.7884387403627586,0.1854419482846609,0.6535553810380875,-0.44404937921598914,2.5594411541545434,1.5484238702753064,0.17725248542093947,-1.144764819303229,-0.2472877794138302,-1.5251060920149948,0.3302172346929287,-0.11818451218391678,-0.5593227768163855,0.30829194923795966,2.4367100371170642,0.801250755456651,-1.2868033070328322,0.5711072929209786,-0.7180841040266102,0.8788424177254199,-1.1144843860998095,0.33430428436591414,-0.9578671376797706,-0.2573125434622538,1.3102261045597758,-0.6314293265299095,0.817398338005555,1.029597166699767,-0.10395215524386554,-0.5570650245326845,-1.7127746486348177,-1.2620817165211768,0.432544877421871,-2.1778717869226125,-0.889185231494968,-0.8117819006536003,-1.3131040073835594,0.9877612205607651,-0.1882499530461428,2.142164382063319,0.6153708787129928,0.6723437128819294,-0.07377927425903075,0.19265787128254425
2025-06-27 14:18:04,-0.43280452087795596,-1.0164144814470946,-0.5395403472237977,0.8190034605558313,0.5158543009402866,-0.001294171722039269,-0.9008201324542107,0.4545922630977398,0.107918907917912,-0.2934282282909434,-1.4490707949794162,-1.8834522684726176,-0.3896433296958831,-0.7380673642389236,-0.3974607271117083,0.4172008781570685,-1.613718770928323,-1.0287763404178896,0.2541034545435292,-0.8909580623591478,0.4565787021313782,-1.7230632876475416,1.0658131143544005,0.6064416168453417,-1.1641347397764898,-0.4147163471824048,0.4959474082221293,0.5992638536918475,1.0405582263023154,0.08321937137473452,0.853790884924537,-0.05732737804648466,-1.6149903148066,0.1097430931751299,-1.9563010510200631,-0.35695618794557366,0.883047457070322,-0.6009430794450185,-0.8139223714541656,-0.7408423160400195,-0.5231365378327933,-1.658424563630447,-1.488632024344044,-2.1998997930929005,0.2584823911789214,1.2354555498060766,-0.6450130229186357
2025-06-27 15:18:04,1.2115193648746507,-0.16548664399507365,0.08100874140284745,-0.021684805544859062,-0.5135080780543303,0.279906465139048,-0.6353397053097819,-1.371495725678777,1.219025224437109,-0.22823966130951132,1.5034904002561849,-1.1671744532610273,0.2430786959589252,0.015474406605611668,0.31392701252979405,-0.8288428155338103,0.24768050411770837,0.4763311207192072,-0.5505952254563053,-2.171653492907922,2.8154633827276134,1.182269419745314,2.1193452302761266,-0.74155191290521,0.37466039848287813,-0.2586216949025599,1.4929197581296765,0.22685184677167797,-0.5553964013975501,1.2239261682572489,0.6071113506020068,0.8171068643904075,-1.8360814100944736,0.42513553629185047,2.160123153056027,2.4507345713592765,1.573816748571173,0.3940334474771979,-0.069550088920536,0.31961051738317375,-1.5309366999112026,-0.44536011988057317,-0.01048178550955506,-0.6219272958500491,-1.0257058321604975,-0.09450145519208024,-0.46374318733385544
2025-06-27 16:18:04,0.737519377437138,-0.62700673785882,-0.4780367240546863,0.7146405430408544,-0.35138495996065566,-0.4943203538368117,0.609871282485919,0.27886360078058414,-1.111913361184751,-0.788453784793327,0.2807555911887005,1.99446764637783,2.025010935433478,-1.7378517281859767,-0.6946021323041869,-0.0327699958191418,-1.1553383275556706,2.3991283710626132,-0.5054577418619285,0.6092654515000825,1.5240311650471354,1.4094418876888806,0.575287106105454,1.9708455529834794,0.08632920829212604,-0.8560327450577678,-0.03312456198756544,-1.0030739495679628,1.672537193699617,-1.768574655293517,-0.9515078553200617,0.3418494867971822,0.22613884609076995,1.4729007451419847,-1.858444605629143,0.7108957915778207,0.09604845169148259,-0.644663554087147,-0.7848885838947605,-0.6379285593766775,-0.49766332179042644,0.04005886284635941,-0.13243216927025742,0.6737736749631023,0.6375013251521606,-0.2614101754089207,-1.8267034585717066
2025-06-27 17:18:04,-0.272298589549775,0.5448108271535924,-0.23626074871842218,-0.476473017638048,-0.2859105272992278,-0.5390185271074357,0.5563848446906497,-0.08395816500728458,1.239672314296445,0.01483056738384242,0.724149442962635,-1.0680827002346778,0.7675880539829467,0.4555072467360645,0.9236378834135768,0.12252272867657145,1.9275076705798573,0.48534239033686155,-2.263373204115997,1.4119687743720006,0.31482387659444094,0.26635716971654555,-1.3221521365765856,-0.35620960296716164,-2.453280850655668,-0.9173569668253901,-0.4511606164289705,0.9565228769455053,-0.813142904455952,0.6803916252975434,-0.5328691314935287,-0.14830523397559126,-0.5069668248348158,-0.5989022894770738,1.6706779658975233,-0.9761911260018626,0.4271575809827052,1.0090905252639668,0.8944698611955565,0.1622909180578947,-0.9277211012751615,0.11242404698308225,-0.09428340594049481,-0.1773964338615625,-0.5645998485656512,-0.35203145178310197,-1.6055678629827779
2025-06-27 18:18:04,0.05899323626692286,0.2730979616850791,-0.24792674527488034,-1.9885194147090304,-0.39935018109707654,-0.38903204038497846,-1.2876671931742423,-3.1207774971863977,-0.7459780346286373,-1.0784435533071206,-0.31463093941510023,0.8497619626332392,-2.2329330926814746,-0.05100976123817143,0.9999517833368204,-0.5722329204884975,0.1090033100368779,0.0877456139508088,-0.007624505662855776,0.7137413496420939,1.2069797891184324,0.3633866201211398,-0.4794953843929348,-0.9539648384499685,-0.4548848331559993,-1.405983955369087,0.09315375220640781,0.14100215816013195,0.8191664993094229,0.8496947026521099,-0.9443819389474205,1.725603285357611,0.848216867977688,-1.0314744901555604,-1.0969577366754606,-1.147257635957321,0.5752993970553819,-1.7502079201889744,0.7220099130038279,0.2924781389286836,-0.3336831097091839,1.3605335911120107,-1.954020879572629,0.06886387187962092,-0.8899014395413766,0.32110570398119953,-0.6095333182036574
2025-06-27 19:18:04,-0.8347763772823702,0.49135505693622455,-0.9691390135610387,0.6758159053041667,1.7024185964731644,1.6808914802402306,-1.054054374577976,-0.22767339875777334,-0.9926774928152937,-0.7017682193673881,-0.5492233467670198,0.061989494960528725,1.2598560873765534,0.8692829946492665,1.5217100627956337,1.9369570359256354,-0.381921894634034,-0.10026510229980061,0.5528638626989086,-0.2398612812558686,0.1150115677419886,0.06881895643901996,-1.845826177369414,0.2866780252948046,0.10280502515010201,1.0421334794470272,-0.5348831103764581,-1.298768001752158,-1.3990487049047282,-0.8594590238945949,-0.40378102875144706,0.6689883362026877,-1.065671883185163,-1.1739080533792627,-0.3422798089051205,1.7882490177552415,-0.2651937291328907,-0.8492477345891025,-1.6234272812146664,0.8354211324307116,-1.2802251762550318,1.670984177770122,-0.5972048743116412,-0.6238872379261392,-2.2893189191833767,-0.5243026392413632,-0.7722797422492991
2025-06-27 20:18:04,-0.5780395682023088,-0.3151200164941888,-0.886605960030596,1.9019851418217013,-1.0357618941641837,-0.6533200310352129,-0.5712315554147609,0.24102237337783802,-0.8328529432186106,0.35441962704296054,0.8104975143116252,-0.4641432274968689,1.2367789993017488,-0.6805291666645595,0.21525687711720007,0.0445768495408305,0.693297544547868,0.20794998503500423,0.3218201196323234,-1.2016450475180227,-1.0936737999659825,-2.440014551170305,-0.3502908056742164,-0.2518748573791372,0.33347329600288184,1.3072794362961182,0.4673579128213401,0.7780566524202447,0.017259371060854144,0.07034943286297186,2.2900882993039993,-0.32178701290012185,0.6652204982059482,-0.36914472416283467,0.09987904503481489,0.18030680005447342,0.34870058918201674,0.07147444833576337,0.1112813269659916,0.04927238850533666,-0.2536177614474079,-0.1619630220954523,0.4061001076737621,0.19430665510659634,-1.275583517934138,0.08799131589178688,0.5947755526805493
2025-06-27 21:18:04,-0.10452761932949363,1.2421365752661016,-0.5653934320587857,1.355601490700284,0.4893805223641788,0.46398295516839455,0.04464526316587622,-0.38649361916873115,0.7781886331053782,-0.028048354531535133,-0.5667706231568773,-0.3854882819270845,-1.0585456486401468,-0.027103118115162358,1.6084293416679056,-0.11236438104850816,0.9240516379636337,1.77792684318579,1.8355616850708816,0.798886766932168,-0.3932195007835549,-0.6929755292744122,-0.6357625437422764,1.047112432814922,0.60742267529849,0.25524207625094636,0.13324461179039468,1.4840883823563533,-0.3200452129697597,-0.9671274750448893,-0.6559041807911259,0.03594796362474919,1.0679848518768786,-0.30905751863551856,0.5510180905755863,0.14938778663129174,-0.42393498902179344,-1.0607750033733485,0.31162814277941503,0.15024739441378357,0.7562477969096617,0.08996057537197383,-0.2858046535672322,-0.0938581423828678,-0.1993433225193444,-1.2784854292701515,-0.4439234064358769
2025-06-27 22:18:04,-0.8592710426141297,-0.45926176684475756,0.32647507587404856,-1.1925487816146592,0.764044251836424,0.13800560077953516,0.05963590325358509,-0.7801262989666835,1.0598188848309555,0.18041521161183144,-0.7042493329170281,0.3246162501492357,0.48751749617830836,0.40537484741139374,-0.3109083491915385,0.37188218885291685,0.1461076265223654,-0.40978373931147943,0.46990417694751085,1.7359651915814667,0.9248942756763039,-0.7433124648296784,0.8437908072721341,-0.660651012222063,0.19868095633758284,-0.6758365443909773,1.8126952648804058,1.3880670457680262,-0.3011429026849807,0.6310269848960945,0.03206271598859729,0.9593356641462917,0.059109856145714186,0.2554952059484288,0.7537111812556879,-0.6516091805721101,-0.6997178957412493,-0.1962246580824834,-0.4033219052500672,0.672730350960829,1.476642466373887,-0.19471318597470844,-1.0558740108866667,-0.2151698738182746,0.27677110380935943,-1.0289302383825367,-0.3663928474041557
2025-06-27 23:18:04,-0.9449529680628354,0.24758991467329394,0.13535115151151278,-1.552255973883223,-0.6198447554825919,0.7645650851711417,0.1601126548395958,1.693855917032708,-0.7404399715118773,0.4163627372708739,-0.6029431883257294,1.2754437662139972,-0.6962159550296217,1.5276017230435153,-0.9018494159314915,2.3639135763533137,-0.3011924677403624,2.1608180509657227,-0.2440940284352344,-1.7068547214067495,-0.9824221218834238,0.14209900122788793,-1.4614418262752547,0.9125126120903445,0.0977072993599565,0.8178420778718546,2.539321481906535,1.5399710294350593,0.022380514042323704,1.0454274329411295,1.55416030113837,0.08134313538443097,0.4062285549186512,0.5419222905094065,-1.4077770688568714,0.047779797953265854,0.4635578660861382,0.24222434854298222,0.16748033396288814,-0.09659205232971856,0.16827004421579891,1.3766597612298512,0.5970280295591202,-0.4197049461140403,0.9955564899218684,0.5898632270401373,-0.17367553592981136
2025-06-30 00:18:04,0.34318994839762124,-0.7791565935717474,-0.3193337804104128,-3.021169159758778,-0.5539465591436826,-0.49120900578284776,0.21743509623995264,3.0267325573611408,0.48093095017908166,1.3830284492536458,-1.1669197570564112,-0.9810025202088325,-1.786467161246563,-0.14185887886426485,0.908716232565798,0.2800007229390865,0.6502020863801649,1.020943594807333,-0.7175254183425064,-2.661496171166085,-0.8830450078851411,0.6743349725625979,-1.93534216438888,0.7135612075779717,0.22035404122495547,0.2936580690756207,-0.7366949912234607,-1.241315548101873,0.014915749307899876,0.7952052630230254,0.4576671261429735,-0.9366216400179159,1.032169201112419,1.0764690055360828,1.1508744299540739,-0.05909450276535241,0.3887958548512456,-1.9711313156753834,-0.21483208175513982,0.17184460997531087,-1.5025813331649118,2.1207276598495595,-0.7432206568372538,2.416890813583833,-0.49297600953708576,1.049005481153193,-2.406118038216723
2025-06-30 01:18:04,1.46589230244112,0.3217915729417278,-0.5529768812936269,0.5704179860575492,1.841885842955551,0.9402452320273869,-0.46567381909392297,1.047506177982239,-1.5459994008299471,0.6941833630336554,1.3006263375326854,-0.4705019365572987,-0.5977956885898352,0.9730941287491512,0.44670271028324565,2.138124024489675,0.1789104752973883,0.8208453312194568,0.017265919308601795,-0.5016547793538451,2.7093345520406804,-0.16042409855469977,0.44347778581591873,0.6417004077681426,0.12862521979382696,0.6941614170996812,1.192409583289598,-0.3849082671806522,-0.3304227251437091,-0.02788527453206169,0.48757339492335516,-1.3052556171119056,0.8908030869504707,-0.2468035548221122,-1.866953799118205,-0.3059016066122897,-1.316524250893682,0.3004280290563728,0.8459512047075094,0.34272362444385573,0.6544318107937785,1.628357889179002,-0.8844628040841418,0.19336588809052185,0.395975624402234,-0.49527867615224624,0.05230811885562221
2025-06-30 02:18:04,-0.1432055400700326,0.47401757908348535,1.5727291197275923,-0.1267938310398795,0.8171272439827583,0.22575322693967725,-0.4138344822234453,0.21587382979103056,0.290825730305549,0.9713149443810135,-0.34025787159817344,0.9639961799354424,0.3280701807187621,0.24872178320027294,-1.2975591705859926,-0.9458207995801983,-0.2844071349682714,-0.5642088999343797,0.35847342564199963,1.2509838367431239,-0.9380318581230934,1.6162250226476902,-0.8154485894066009,-1.0594463753694894,0.16676724786918845,0.775219568248145,0.7561422386775335,0.5196474468020328,-0.22627058899678454,-2.132241950996262,-0.7691333491214041,-0.029723661475739398,0.18061926392408126,0.3925723777147662,-0.6471246532876762,-0.2283180003684826,0.5274222195971987,0.09570494435778548,0.5509188487926263,-1.25097858631248,-1.4238020072131392,-0.7506685946028273,-0.3364040797945911,2.0815909836197664,0.21067349377608277,1.3104280922430291,-0.7389800031391722
2025-06-30 03:18:04,0.14781561515795014,0.9768294927476868,0.690514536461877,1.4340389904159923,-3.613809725417676,-1.124877005354894,0.7462479585118991,-0.805541602928593,1.276818174766733,0.6142879109220676,0.03462573956047739,-0.2539463470251854,-0.0027300320291176066,-1.777701458010363,2.2376966734583394,-0.6171321877785183,1.2001286673249134,0.3816201789277632,-0.5085873166275869,0.7876071981493787,0.0676102578833945,-0.2281970809077588,-1.7470862878569704,1.5390336441083492,-0.9503190769301048,0.025233946002152455,0.8476954629225455,0.45963773261115526,0.019779973032804155,0.9536458843340547,0.010992498042692443,1.5034025129582693,-0.13282001158707754,-0.7370033389551431,0.6321001124528565,0.4791724610697584,-2.090011200856939,-1.4254181610020003,0.3065419126968283,0.630491969566599,-0.720369351918604,-1.3255897656447808,1.1033637154222267,-0.4407998005439013,-0.46486952344945487,0.2130655286402608,0.5030671052902628
2025-06-30 04:18:04,-1.1706213081475838,1.2390841988035453,0.5053463288743574,2.237062864600793,0.8962827797159626,-0.7733071517257406,-0.5844489261595519,0.5825769616229916,0.5610303661473018,-0.7355461107003508,-0.3247889525272297,1.162552715408465,0.4999793824655398,0.5689577837946338,0.8108655533590343,-0.26955493783368956,-0.5104422977219158,0.18578845327529864,-1.0286520859396642,0.5734372168601328,-1.2639869394974514,0.95753616575941,-0.34251386572557957,1.1645122862356654,-0.3191746739933344,-1.174706764508393,2.5517441270030554,-0.1236561912246707,0.22150430842240762,0.9657659748605694,-1.0989802327587033,0.572262079095001,-0.4497863120364945,1.753778470195335,-0.3959073711522863,-0.4425425135226744,0.6492149299561921,1.0988898024451246,-0.06044360336824496,-0.6529599125548213,1.1870636496646474,0.1645791861891634,1.1213784553234225,-0.7527595443725035,-1.3224206215758714,-1.2789522818281371,1.1850230462356202
2025-06-30 05:18:04,-1.573587515067313,1.1222693061501234,-0.6312593128517066,0.11640376064678053,1.2191082641877833,-0.08977627437398282,1.4516518437770938,0.04808024188539837,-0.7923480855457522,0.005203603538037699,-0.2615064706815297,1.7609429325786299,-0.724289636088868,0.9360326181949927,1.3306783962392068,1.0069503111878613,-0.7722043980798154,-2.012192699065541,-0.03672893959407019,0.6235986078644101,0.0786671958229086,1.8347366339557285,0.5256943159626077,0.48080816515586516,1.3598383002626109,-0.7025608301849634,1.5843297434080101,1.3286480836623678,-0.6575540616877968,0.45756082542423937,0.3486483783449586,1.1237419295969155,0.11913365306953305,0.7181998673872677,0.6544409288877332,-0.7297255831642462,0.6067761370475031,-0.08878889626594855,0.7678448566824335,0.6786121943086341,0.7030731488630428,-0.40580547541338957,-0.8515802185461682,0.8137815412203302,-0.7334795606546797,-0.6558147537343244,1.330736975255729
2025-06-30 06:18:04,0.30374588050492396,-0.16962634338610352,2.257530235234993,0.8117045372338609,-1.2938169853817358,-0.6558267264198094,1.431061397621516,0.528245104371736,-0.32929325841495494,-0.914699812232154,0.36672694892128044,-0.3366769734272349,-0.7188636926072591,-0.6981454189527293,1.503989673670315,0.7635369493228401,-0.30270554937992505,0.40635874439703246,-0.1725057008131054,-1.4897684972364342,-1.6402518171746927,-0.9945882348951812,0.6235237066537558,-0.6011788419935774,0.9210861617481857,-0.5598501603631565,1.3013236854365546,0.00399819829795555,-1.4686083248068338,0.27861940210355823,0.28662495206588506,-1.6317084726545532,-2.521839981316887,1.3090087108275905,-1.487653922117069,-1.367590482593302,0.6459729225463069,-1.7417533766553344,0.863533134731669,-0.6017200311885922,0.6527358997503779,-0.871792368458874,-0.23829951345183295,1.1431958253502699,-0.7790629290164154,-0.4436465099792347,-1.3501272354574823
2025-06-30 07:18:04,-0.7974571077687795,0.20203277188938606,0.8499968047886464,0.2149832456406884,1.8878920927939344,0.769490084711243,-0.5142721792354648,-0.4971417703273492,-0.016974025239523825,-0.18061208118265307,-0.3308743385575318,-1.0305715295204165,0.24553809948841335,0.445667822382145,1.0763448541482543,0.9700220842856898,0.7765351888229702,1.711173631799673,0.25095920364329805,0.5437346783510002,0.3334650791169826,0.0059714888375404064,1.5414144610262042,0.5651780210264095,1.4611426002270762,1.6139148506318588,1.7914888178536408,1.1498117060599944,-0.12335613966558336,0.6077516626695966,2.5184411374550875,1.3138072390839588,1.404530868283952,-1.0854193602859221,-1.574262122409602,1.0392738719590386,-1.6313060541130235,-0.20537926113262517,-0.756722223031338,-0.3543396259041124,-0.45492943099090194,0.11397182192034003,-1.0774938619823742,-0.4656258069649379,2.1388599267269495,1.1201893442031998,0.9184323694894838
2025-06-30 08:18:04,-1.531928576684162,1.1507569464411747,1.1712926841691762,-0.030864347565280364,-1.0496116694140885,1.3554256887838951,1.357068348837835,0.25833030338187035,-0.6506553698592393,-0.12252128653758226,1.0708109541151385,-1.0279537951614073,-0.6830945208035663,0.25179310351680967,-1.8710246415879166,0.5420151943303523,-0.5701545104385298,1.662978062739652,0.14445716100458555,-1.027821403893102,-0.7214037294693156,-1.1390310779183626,0.7396801696279495,-0.7084797971811135,-0.03252487678469804,0.19581735709185272,0.4966602372492275,0.6642234660635227,-0.08512960864010403,0.10435546401963153,-1.6149381262810705,-0.7084947267059301,-0.5674168029875505,0.5984176597393062,0.9486163972880088,1.1138640493580767,-1.3241749327839851,-0.14184554925003756,0.455156478874975,0.2400782250101956,0.6687410000768206,-0.3984285476611335,0.2831193890616435,-0.8128951790197912,0.868797273873419,-0.14955102779684337,-0.5611965725279413
2025-06-30 09:18:04,0.40364072405639767,0.4961205082812038,1.432470638103307,-0.3300595251633362,0.9255585781240017,-0.5082230240018639,1.0441304989725069,-0.3171212101478826,0.4878764222102858,-1.6756630455554635,0.2862694763715558,-0.43454875995060427,-0.34347071227746795,0.1627511807837546,0.7506042046265373,-0.06288131725731648,-0.47411260699667074,0.26868257907040466,0.8089563665156356,1.4682862428232313,-1.625672928118726,-0.0002156596930970207,-0.8380004348044467,0.06688019924556766,0.001009750225248133,0.4660411141863093,1.2758814640282747,0.08085155696795476,0.3152831018409675,0.7373040815991933,0.40949044023922426,0.8133643923671738,2.5446124599186533,2.298030338368477,1.1224789723626385,0.6526278553043419,-0.40619064593675996,2.1472818888002054,-0.061969424763646495,-0.8522118107674985,0.14806288112868232,-0.7556032180009099,-0.23074100306479953,-1.5545236056091085,0.7668398716074792,0.6998588743513368,2.4044805889693652
2025-06-30 10:18:04,-0.018537757577389524,-0.23119741772738744,0.4303835712061513,-0.8533303666306256,0.3080055478483902,-1.3746271452568217,1.4073749547891508,0.39055468739527643,0.6610884927147662,0.709468596992773,0.04836393056833831,-0.0009688551128013728,-1.401284667575165,-1.33175970964069,0.1870046387828504,-1.8704466328245928,-0.4897113792317619,-0.39249075244354925,-0.8516435812854862,-0.30291540451346816,-0.7187610178415463,0.3241839108917018,2.351226068387576,-0.45094646872109656,-0.5821430367290752,-1.1631617238993655,-0.6481896086205268,-2.425130518765447,0.5963681816002334,1.246078970212159,0.22193138472093263,-0.9653365473205605,-2.497904388721034,1.1042630020753912,-1.515092128839202,-0.5049850233497959,-1.1788048194496425,0.43404331758811376,-1.5469006869832291,1.0015446791819227,1.5940404759473894,0.15168984819417436,1.0590223024411907,-1.6766180061611,-0.8144579738745905,1.0525276286760903,0.6218257328356261
2025-06-30 11:18:04,-0.9174995413367752,-0.37572476213995337,1.7589806703120863,0.4931797349877502,0.3140472632063019,-0.4153413729210049,1.3929598369712848,-1.247079363017908,0.04130590421533941,0.555190874139633,-0.8175200307026973,-0.09062774187034563,-0.43658452882834425,-0.5626185089643354,-0.0821324384799751,0.33103465868677334,0.11535357976776486,-0.6696592641871438,0.2243838886391045,-0.1369736011319523,1.4688410145458248,0.42867379535556216,0.6452174212011037,-1.594761405236887,1.919313092272794,-0.6361710098723753,1.904410530608257,-0.28666005951543816,-1.1374022116059384,-1.5174961579057724,-0.0629515847619987,1.7065125733380837,-0.32539410232263954,-2.2653263959397454,0.45984513531276877,-1.034697143756115,-0.5412851893234969,0.23149849687585533,-2.000177937100104,0.13042510845999736,1.246326585717091,1.4202713198235617,-0.04738477330295158,1.4930397600493541,0.4596548513443296,0.07322970536887456,0.4180212972871917
2025-06-30 12:18:04,-0.00010210073757595252,-1.2251962527163993,0.6122750383682755,0.5983435790151421,-0.17144651232634242,2.062294137566614,-1.5100609923620034,0.8521460150480087,1.6904118174065506,0.4200598968578374,-0.523450790941782,-0.6524033525450005,-0.7229257886199636,-1.0838133284392077,0.6285980205265006,1.4486080018888103,-0.06402286658974798,0.7296437234156415,-0.87355293686528,-1.1866241713361294,-0.426159430891386,-0.3749068312173156,-2.1360129965612003,-0.23428703978406917,-0.35300322096108844,1.772114236002168,1.127012425578389,-0.5387632037478584,0.5066919542841999,-1.091454073286255,-0.4862248597801127,0.706245721016335,-0.853982380745813,0.4607474125238981,-1.4302395880859724,0.4183878808460089,-0.5383166870197699,0.6862125254737811,0.5044545501237971,1.5306859721120103,0.730720174721995,-0.4375534082962456,1.2751572342972397,1.1666172530481878,0.21516410150148707,0.17446228878723027,0.2148546187094723
2025-06-30 13:18:04,0.7216399259082594,0.6930462997783936,0.279577719274811,1.1352155067724172,1.8767426929052857,1.1824004721092711,0.9390438938858007,-0.32882211807912387,0.21672434428680448,1.0050633684638084,-0.05354175099844221,-0.9798072094097826,-0.5597906351218648,0.13770727049404205,0.5717084925375296,-0.9122812463715092,0.345337287083461,0.39441350868410935,0.6595333694832483,-0.40483661444086183,-0.5265905620951129,-2.0687969857177864,0.27767540463295387,0.3763102428663342,-0.24351677905478253,0.8373860560963773,1.2917075848258257,1.512384845035422,0.5373734403362992,-0.9972794819539159,0.34875345083409126,1.6893785977574998,0.2110056738366167,0.16486955842115159,1.1071113065597165,0.9920252197190869,0.9659814279556652,0.8198183041332558,0.19805951660528273,0.501191423173133,0.2693949624730071,-0.08670272329145796,0.007369941845176116,1.1229210005012469,-0.5431977832738488,1.1842693442596086,-1.2246969287918248
2025-06-30 14:18:04,-0.5473569375848696,0.5661892738412774,-1.105206564430143,-1.129925278031668,-0.46380332278927977,2.166692309581627,-0.04093870057536492,-1.1466366280868867,-0.46024772277682674,0.4546254069594604,0.5086385417410149,0.33280841626086627,-1.2847609050441626,0.6131399760145887,-0.7984350036074402,-0.554343860128407,-0.007095007617380174,-0.9036047806044918,0.16198730731805716,0.6649538772860599,1.3869719967043408,0.5258773071677293,0.5338299315028237,-0.9334060089586964,-0.5015676951518361,1.059842052642754,-0.022889767356840233,0.2636354711389554,-0.16759259293000045,-0.18446080840609877,-0.9006088229835851,-1.6825492149634749,-0.4667795518950903,-0.6983453968539297,-0.32419443244628793,-0.4659576198173227,-1.2465037166862725,0.9969005287091801,-0.32769734328812616,1.2375977733059966,-0.1868621642915081,1.7436387225698107,-0.8633943313073503,-0.8196019388241167,-0.2923012044358668,-1.5740058196730995,0.3076496564198507
2025-06-30 15:18:04,-0.45520977708352256,-0.0042722608696008895,1.2736979576027396,0.0004716037282966937,0.7820416839521838,0.3529614070702065,-1.2419831487337807,-0.7026873750272097,-0.7475046285274983,-1.2453766515925602,-0.11811373703944616,-0.41954085048737133,-0.3593002141581889,-0.004974316775767906,0.6506090131638559,-0.08236262380216935,-0.31858755252819293,-1.5662040952029568,0.2684171096521047,0.7304021691087484,-0.047518030186828916,-1.5551248000438982,1.1256407483792503,-0.3186608886439146,-1.7160264895115347,-0.10870966549801393,-0.0709422116294697,0.024507763227337175,-1.0677892709749301,-0.18254159729344283,-0.44889852713193595,0.2524584900010861,0.35624218189926565,0.191382522693834,-2.058683623921507,0.3568719026390099,0.30118832073641577,-1.2106142880726096,2.346240453392642,1.7001793776296745,0.5551642216569553,-1.162108343957835,-1.2628371144063564,-0.8569949660164882,-1.0931652262672245,-0.11475964479571875,-0.41581181286134394
2025-06-30 16:18:04,0.07515779521692305,-0.8535017445090326,-1.0139527827615256,1.5942013467140412,-0.5891862223592014,-1.2802996591483393,-0.9044537202810133,1.2124636658860934,-1.670440168532501,-0.5174815641163323,-1.386281958660321,0.015220513376229731,0.7624681759895423,0.3300999524209844,-0.8278920959426128,-0.9019346732744896,-0.9543394951028137,0.06813830324015857,0.6032733636792278,-1.4923282536567826,0.656277882260099,-0.2723786763218525,-0.526538952274786,-1.4237161355122772,-0.6842332190031425,-0.1683273232175383,0.6367549669433493,-0.6084825511825364,-0.4130329782671887,-1.6616113331243434,-0.929313354580301,-2.3922959554449923,-0.7207344764415199,-0.8671803589279864,-0.4142678084508588,1.3670239819168792,-1.0304426302065581,0.9456869549975854,-0.9739469301012647,0.5942639633262482,0.18694574105199757,-0.10304110924892405,-0.8969432965105811,1.2804645933419097,0.3282008977460981,0.5066802530458273,-0.5103732644986804
2025-06-30 17:18:04,-0.3808055734349615,-0.0753925974140732,-1.3305450452381247,-0.7600810295024111,-0.6947782954675995,-0.09414835994522235,-0.36651252309671944,0.42690158051266175,0.3793766895971945,0.6199805144864706,0.0831403367202423,0.7456557571243416,-0.5326717078573057,0.019122364604720252,0.49176938968822137,0.05173882405094617,1.5901880933154344,-0.10173909918530626,-0.7508761657672041,1.4668534187240256,0.41449201139136077,-1.4147021277501384,-0.8099442261731473,-1.045125484480297,0.6361488088112773,0.19238073178482246,0.7645616989686622,1.0486472833735623,1.2450069275479456,1.4979335388935384,-0.7893093990313256,-0.22500687216845436,-0.6504754152340285,0.9010787134189174,1.1828643897906599,-0.14144512574641407,-0.5399025822664358,-0.794378400222238,1.728571857734407,-0.024212266498135872,-2.6580699537306773,0.37246701004965144,0.41149664286165566,-0.20293414020377926,0.2918318638255022,0.18712315689867595,-2.168713962549105
2025-06-30 18:18:04,-0.013411684028518733,-0.33598601063976535,0.49722910116185426,0.7233403803479341,-1.2403121127349779,-0.3206208396514045,-0.04922922010488108,-1.021037308270763,1.2145860058375144,0.3523571119333428,0.7955000686347212,-0.18564159575847117,-0.6871588752601151,-0.23822862917909987,0.08253114138842653,-0.7936431365073676,0.47652208407930363,0.04702212624027239,-0.018788478625870474,1.0881578881331955,2.513465130261823,-1.3386500122351104,0.10224610741946166,-0.7227336889296696,1.3894611898022475,-0.2627429030782203,-0.6594668433310009,2.2772587629080125,-0.9005550686992919,-0.34702793726925113,0.6858123196130602,0.5877046172205023,0.8983063812156242,-0.2156641546285393,1.3056745530654563,-0.7749482159001189,0.7829523428397553,-1.6900336883950176,0.7849185772758439,-1.9264852972212934,-0.5765178734815561,1.1373515363653268,-0.470525600081862,-1.0918192606107353,1.2121972736424345,-0.9824282153541063,0.0799087881142926
2025-06-30 19:18:04,-0.08683006341169687,0.08904521777354933,-0.16212477055379482,0.8296555704907298,0.6111627508711553,0.6591836758837702,0.21944631685761865,-0.38495595296216917,-0.5669298195660212,1.0665354611791056,0.9033157362886121,-0.44474373372429504,0.6285157784322775,1.7169745833244905,0.3803571041714271,0.11270318835456504,1.7188498022694965,-1.0947419754417202,0.12357407799579015,1.6426293958514921,-0.46456565967714236,0.7652078893399255,0.26000071669040037,0.6217436217816645,0.009683992269691563,0.01220135111440154,-1.248023909108918,0.17216576263946964,-0.3509585857751536,-0.7710119800818978,-0.7302907895029928,0.48730511789207326,-1.3492987777102519,-0.33595266564228327,-1.4602504814961268,1.0964737612831743,0.6767370195190568,-4.057448798969618,-0.28967206489570685,-0.18457080689635996,-0.36320631812911985,-0.6666015492139274,0.6563202372365757,-0.2806990657875836,0.26740141842399906,-0.3311536972337332,1.026712178101079
2025-06-30 20:18:04,0.20578705677502507,-0.513749653269159,0.23450399274230216,1.1161653775268525,-0.7253361928955904,0.019694047887744995,0.19257575789972878,-1.1651684041562413,0.48407503935823154,0.4038238670745358,-0.48617626956321597,-1.0315040255426342,0.9709893461479908,-1.737025126957943,-0.6706281582133761,-0.4381996617328061,-1.7243281936725865,-1.4804955371520796,0.07804326657570534,-1.4286174519830337,0.1547003713942165,2.9836439518302127,0.4671078987458025,1.9380335549314813,0.2357797563368194,1.0232821932768617,0.154427074031876,0.08634456681141887,0.013722783276680845,-0.2663207623963962,2.2281449474905384,0.6811801166075315,-1.5632577373873395,1.0075009303105928,0.47338186151707884,-1.0249456580296195,-1.2530845177598413,-1.7066083368692244,0.4348315499168842,-0.01021555608894506,0.23884524337725407,0.6172202264225897,0.33472539724991524,-0.1318981781039289,-0.0824482946764376,0.5569825600348852,1.2669720645744644
2025-06-30 21:18:04,-0.05830542889734809,-0.9882758182718197,-1.6111377288746882,-0.32984162572104153,-0.5816236996847519,-0.04692317083643019,-0.8610358652965592,-0.8162490601898369,-2.772591750094719,-0.742295492747316,1.0477886645193888,0.8595866785149539,-2.241230445345801,-0.33020330675021065,0.7635619498042618,0.3850724554403473,-0.6734037287278392,-1.1024034185020026,0.7138129450001234,-0.9633442760533587,-0.5813598961844849,-1.0227242585344603,-0.26166146722868927,-1.3778011046462768,-0.9998464057856092,-0.6034539052796158,1.4155913430076281,-0.7915489291441479,-0.8829005416335372,-0.46198653732617523,0.11586554749501665,1.2974027654336486,-0.9117738858971853,1.2068317232469292,1.0786141334457053,0.4059601439890626,-0.008291661130132263,0.5936946868420264,-1.1731414436842922,1.441341741210318,1.0974323208318877,0.6597165702261908,-0.43886205390370536,0.6760804710426654,-0.7370955866338406,-2.1604311002405976,2.5343558971565856
2025-06-30 22:18:04,0.03677795502171167,-2.1919894005271225,-0.8363814337034395,0.5315768353249053,-0.10790794260269733,0.4321576323459743,1.7493943207814628,2.037659812620093,-0.4280483500717202,0.9789147177970401,-0.03627681018622198,0.11689834883273278,-0.9920561498821261,0.7361058580951189,-1.951549587250612,0.030839919004425044,-2.2226968302224113,0.7998687135605899,-0.5736744545816181,-0.2538921137126209,-0.5670016866251308,-0.9292283110494389,-1.8772318133074066,-1.4921624100811488,-0.2864420241564643,0.8649901280645761,0.08589181742482034,2.3248690076292844,-0.9776764608783061,-1.884968818547168,-1.6031069651549632,-0.18359735261730983,1.381370140517936,0.4363122551644309,-1.5602925046753064,-0.060208298555177495,-1.0688626168111952,0.17946401331576511,-1.178983147953376,-2.4956482035613856,0.8900903959418119,1.1277963398812978,0.7394090140511715,0.2706478644560908,0.1716933517639048,0.24116816876759717,-1.390231074755445
2025-06-30 23:18:04,-0.44005235638748186,0.3037812080673982,0.7414568721267063,-0.15849955853504155,1.3476204125192963,1.4164307862314827,-0.09289280677045922,0.5767677887608963,0.3356089599790548,0.41790090459537177,-0.6223869045126942,-0.9105565216295823,1.026877145673473,0.6705280864883674,0.29328174172716265,1.2902476399015417,2.11993903562812,0.36690629332611374,0.7005527851973582,-0.6993996561911926,0.48827083759438805,-0.1303292112882835,-1.3743375074485753,0.4049001525304743,-1.3677421425665393,-1.0091269235687763,-1.9958965554692267,0.035184482730291594,-0.4013994117415892,0.12745789766012655,0.792818333306512,-0.49626614086086085,2.1727062687717282,-0.8054204278187986,-0.8913858556524792,-0.40031967072149827,-0.6826568623015208,1.8400145588237193,-0.02121619277538099,0.7774751383545883,2.079302203537903,0.2580532795100519,-0.09002387804377877,0.987650443376519,-0.8872626899777124,-0.34451211515737,0.4599893949021799
2025-07-01 00:18:04,0.7177423733315779,2.4242446010290744,0.16204066604425263,0.4587046728739479,1.160125521147777,1.8800778948649082,0.5079713660550874,-1.3729259637551812,-0.20082818157585733,0.9597330894239805,-0.5026631722153834,-1.6682959496601606,1.4143216074382845,-1.170625462423219,0.8477560852920145,0.4813466836896337,0.11455329823110749,0.015038339039771509,-1.34518373816302,-1.0105684687216265,-0.10921380268213476,0.26040464274584924,1.874113794218858,1.39807035324091,-0.9031292425651742,-0.8010858974479422,1.6445711794385176,-0.655928848102983,-1.6917478306944704,0.3191212703487601,-0.8137574302982045,-0.07872654535724499,2.3957593864062265,0.8618561778144739,-0.26750409150905574,-0.26476277908804274,-0.5527366290154335,-0.4617886848378432,0.009239325125982582,-0.8036933198580791,-1.3403427633560812,-0.7818305974995942,0.35552642948256163,0.10035278052548242,-1.1127878796102237,-0.24051341882045507,-0.572975930466276
2025-07-01 01:18:04,-1.6877361352455365,-1.0343192886301138,-1.1813447993516344,0.9700692069155082,-1.4211665104080506,-0.1936639522958077,0.27700339972751425,-1.1397773700849951,-0.8752625103783203,-0.24963649098739676,-0.23239374113180575,1.1323725202733974,0.41218298057531916,-0.22840919095099974,0.5580327318757033,1.2540541488660888,0.3874661334467718,-1.393277034344533,-1.238761938632587,1.0711318182281566,-1.5838460230747406,-0.5564386308750332,-0.3240204715723914,-0.03311104490557145,1.27386184354361,0.14437671674427202,-0.9075210711507247,0.2900884752185787,-0.3975382231914392,0.32575602968320905,-0.2674200184607114,-1.4236482270111799,-1.9200624150978958,1.4258184390818394,-0.22898685382723327,1.1835834597892716,-1.9218035033598833,-0.6711614039474735,0.3482370166339669,0.7685727879893429,1.224545683397946,-0.27851507623540617,-1.266214078025532,1.0834687482510899,2.5155466170885203,-0.6234511813463779,-0.026063560042320126
2025-07-01 02:18:04,0.6834801663325686,0.14686749250939612,-1.1198799187651167,-0.6758288125936212,-0.4101113810987819,-0.5457870749510658,0.915202115412547,-0.4188916795369893,-0.9635881694171785,1.2959362458754704,0.9938773545080931,-1.642418609485756,-1.505912298589357,0.7396007404745043,0.18481556784476133,0.5454237875963102,-0.05380902505945439,1.0441336151501786,-0.08795442398413444,0.26871850457553187,0.8484787924644581,0.4732630743774822,1.2517385156542726,-0.70603798909991,0.5831362349520048,1.1561706259781301,-0.23713453533844853,1.3125229114945587,-3.4044891146044773,-1.0206145434683358,0.46166920421643753,0.20607078442193966,0.5810018154719352,-2.415111647071558,-0.7613430500925132,-0.529506586106104,-0.06782121904218696,1.0927049541219227,0.5053653511755223,0.3498314310087083,-0.14158326090488993,-0.46436701726804597,0.1476244130098701,1.1119493228690316,-0.5863214408668533,0.17076264095333737,0.8527072188729239
2025-07-01 03:18:04,-0.8363563038271864,-0.4913791625768473,-0.001533742032985306,0.040309673650882276,-1.0950815996705254,-0.010764036180529409,1.1272622448076892,0.054492167287681435,-0.6336417767903991,0.6851838307969754,1.1819887011326058,-0.41716241010027305,0.7374383607587179,-0.05840975644465731,-2.1586121091790194,0.6433407331478198,0.7101775218639069,-0.4247280657224709,1.6060181522198163,-0.3733384347568459,0.6077596306529396,-0.4417643566748517,1.8442886798471871,-0.4366971569622638,0.5681459441007705,-0.14385545849736708,0.5182949362936562,-1.2640883821769542,0.4973144100694959,-1.0917791568792634,1.1837040370272747,-0.10424403942557361,0.3309284585582866,-0.8696853129745803,0.2308111276753575,1.2560366814739956,1.5119999314658288,0.24260271434095923,0.15331812769241476,0.11960634565849351,-1.101221234637692,0.8688164640569799,-2.07529984711889,-1.7538929473159235,-0.16341985969948428,-0.34933504100542423,-0.0909845695468223
2025-07-01 04:18:04,-0.11345993335449073,-2.1165306901767735,-0.3063723753925801,-1.3593465982510753,-1.4294757022278584,2.3465049107577727,-0.030489156351552953,-0.4111162724147175,-1.3423995522906937,1.7689254930101417,-0.09273018288543552,-0.6082994206598441,0.12423718798974541,-0.6228423338230183,-0.12305410391086304,-0.043495152803285204,0.10265812437759363,1.0560950529611137,-1.3081535416540337,1.1888679100630815,2.126857815822668,-0.3269531710701806,-0.12420515591984439,-1.1241054962269896,0.9463310406608358,1.1221715821623495,-0.20614839141376845,0.9208115252067219,-2.8917239919105966,1.073913469507287,-0.40474844911373553,0.9151699516198438,-0.6674434814140167,-2.4621903842167328,1.1639950318736298,0.9594190582038556,-2.577267742512664,-0.26707894813072003,-0.2719253371941292,0.8199019595906416,1.6868982965095773,-1.3244103191257497,-0.08438402020289647,-2.7566717831674774,0.4869288887054981,-1.6565702392278325,-1.275233257052421
2025-07-01 05:18:04,1.2032748369264092,-0.006648728418819149,0.8910203538532787,0.2365958194574697,-0.6929236150945283,-0.03916416007733837,-0.46806457666577456,1.0890896961158478,0.8523056406090823,-0.08279214164743924,-0.20926684788701633,1.7173014410751009,0.6147248343804187,-0.22738297336069804,0.8505812343924053,0.9440135099506195,0.1657466124452719,-0.24012245665025658,-0.3102611811383665,1.1985822877731627,0.18563954013630307,1.097725654873912,0.04244029272499355,-0.4488327552039946,-1.3316580741830915,0.5871479929231734,0.9779187695719255,0.34726129743053147,1.2512418123806748,-0.9800349919043927,0.48358213306162734,0.5197032927509609,0.4891303272404339,0.8115596383675953,0.4535468298722093,1.8521959668273063,-0.018168628106790305,0.6578588463943036,-0.5391287853891553,-1.4298241602211883,-0.876009920008204,-1.088438736029098,-0.1708998587854273,0.8192795972641741,0.9782225618271333,-0.0454493541034176,-0.4326920031339664
2025-07-01 06:18:04,-1.480176541486043,0.5934532924475345,1.6576920427056876,-1.041423547991121,-1.4774872414999696,2.1568474057956437,-0.29337836885487545,-0.9837656081234103,0.3304890941928471,0.5343516500506936,0.931199615060619,-1.6453699963772201,0.9871152121295302,0.7117033737426057,1.2747978783974896,1.5583519451400987,-0.25600197577947553,-1.475655660926899,-1.7083340717405753,0.32576610001807577,-0.3689014358235298,-0.09540922153060254,-0.10488934514230167,2.0574024003837996,-0.6595201542204661,-1.738564559404337,1.1015939525148188,-0.7364374526947918,1.760418198065638,-0.7164451155712409,-2.830880204036807,-1.2669720473995565,0.11788221846338845,0.11124956204230076,-0.4798346383220463,-1.58774764192417,-0.4863846952511574,0.9198951131229322,2.074984903046543,-0.5721772494756092,0.09623614806470619,-0.5909107288342802,0.9016756501068799,0.9651516468399793,0.8011926526566173,-0.23120749078111183,-0.15637480277727356
2025-07-01 07:18:04,0.10308856976288895,-0.48781974116582416,0.2770197661263502,0.9647172826347912,-0.18840870462256604,-1.0762792306060718,-1.867838628383936,0.7750445024031093,-0.8205341981825125,0.9904174181996945,1.9052691486984776,0.014629090014819839,0.12359833418443818,2.0165145661788024,-1.8004658765678745,-0.30304068815471713,0.3741594108316302,-1.9887127665344169,-0.06047088376357874,-1.3144235524154253,0.17154960561916358,-0.40888612276155023,1.9030229091361213,-2.1198435569472935,1.9640272851593759,1.6847449711892424,0.27732510704443586,-0.9762390162889598,1.1509257356961562,-1.1846580540549543,1.1911232639397857,-2.219956047856789,1.6307514510379353,0.027651643134820093,0.8317193195955276,-0.47491980202096373,-0.8425441168674376,-0.28568071593913624,-1.2648559280195042,-0.36997174385952264,-2.5454691281681887,1.7343432741666942,0.0066836971099052565,1.530592466297812,0.6632929760150552,0.4924336485505828,1.679533306955866
2025-07-01 08:18:04,-0.06883727239902228,-0.09413669091318741,-2.469418452315018,0.5010101744673879,-0.9614965364364434,0.3768102405077855,-1.7603910133388958,-0.33570573845130147,-0.5217415447199036,0.2708223586460295,-0.5733535210908312,0.276349929369185,-1.0731986483951088,1.2863956459389567,-1.2109025978131995,1.410876066771161,-1.8138720505806862,-0.7301464391881244,-0.3705952119095015,-0.5568282945279444,0.8076378568210351,1.1977957385442686,-1.46051812932929,-0.3082636418699084,0.5061387844780386,-0.7414672669789054,1.5103365156519413,0.825714289227477,2.255946613752592,-0.8674432534642262,-0.8522557137665322,-0.3734732419256366,-0.9180539126788049,0.4065315779625266,-1.0204388459105769,-0.9483016503684276,-1.379508841141222,-0.5946393866414162,0.42517126815021655,0.5717064739156393,0.42980848155811996,0.2329801203993664,0.808219293700493,0.6557444724417835,0.12611392332831,0.0899318961934013,-0.9606297696997874
2025-07-01 09:18:04,-0.832858589002013,1.190913376195176,-0.08257822633781092,1.9431832922336667,-0.7406104011429955,-0.7817932303757182,-0.5548748536851122,-1.1105386330924316,-0.9671015544044596,-0.0071472839270807055,0.2958910668096527,0.05536049440530449,0.7484468281524302,0.43003104425565014,2.4266050519121207,1.0379798607860033,0.5355673840322694,1.0873416925145691,-2.47950764537864,0.22486177109779878,0.9703482741225903,0.7553473702748189,-1.9316105168536537,1.4460865061509007,-0.22003063436017678,-2.691969924988195,-0.6188413412297438,0.7645135709633789,-1.190380117783488,-1.0242416095231959,0.5419248895982223,1.1939774117449882,-0.2089388510401474,0.020262797441802247,-0.48062521457841445,1.110696055496924,-0.9534630610309789,-0.49052423918067073,1.037722503826608,-0.010888274274473657,-1.0615746085021438,0.3307971364012076,0.6457246171336126,-0.8855380084163362,-1.1387460763867159,0.5780934386852993,0.36641173245748493
2025-07-01 10:18:04,-0.7287376073978159,1.3056086460558025,0.38221910917147917,0.059314956870932044,-0.036269781179733576,0.8877078502201704,-1.5372494397025542,0.8584707407982812,0.49575337367283256,1.3592799248532543,-0.377197065192985,1.6055246446069642,-0.8478104951106447,1.065966554089814,0.774573480544178,1.2585311329607798,0.09377780105927995,0.34315859795845954,0.14777711055571716,-0.546272600162692,1.0235851410344614,-0.9531761287076023,1.062020594800068,-0.10125972675758646,-1.0103254951364944,-0.8322770297881981,1.4330028901256677,0.4836769049560458,-1.1793168879357974,1.2282241401397056,0.04004255031211598,-0.6597615768242815,-0.3399197377998896,-1.022212041333709,0.5383412712429926,1.57529878220829,0.7076893588492659,-1.5052461222007687,0.7835429589581668,-0.3559602288380856,1.13915168535286,0.1720766970201626,-0.1722016782970194,-0.2642541808533273,-0.7962183832244547,0.7125066787145063,0.5719929587584204
2025-07-01 11:18:04,0.39348039519210704,1.2426415187381223,-0.7009604376460575,-0.16371627834861682,2.284817922925656,-1.168471871179358,-0.8563071420845225,-0.09256317755128322,-0.1351692311254619,1.878522212907801,-0.026740032920973263,0.30925219292391937,-1.7930239432045199,-0.09984069568385733,0.14751598390861564,0.14700577259272535,1.7424318122746034,0.02037344693711737,1.333427329062264,-2.03556153715548,-1.1674057008192342,0.553080349532992,-0.007062590588897991,0.06296265312839096,3.3597670195362794,0.386910599541143,0.11980983160926316,-0.5280938928990685,-1.2203157119828443,-0.2552398389437965,-0.2421954493259837,0.8771541008172826,-0.9812456914396213,0.5010308407264221,1.4929926523070156,0.1560074506683428,0.07038021157191698,1.3064273773842272,-1.1221258999845927,0.982896434385874,1.3071733662490124,-0.5609271587397215,0.5045932048751212,0.563415789555931,0.13705801876621193,0.393888850589469,-0.47714152366901824
2025-07-01 12:18:04,1.272912835722276,-0.8129466771425689,-0.6857638993176415,-1.716926937551011,0.26970933805626,0.8214827655733894,-1.3383341729349199,0.7043786493252151,-0.4916696797071042,-0.6806951391400222,0.953650447587903,-0.039640322873003425,-0.4341191372996103,1.329549763573562,-0.7806043805495202,0.3754908700333131,1.4420423587680107,-0.8293271884933336,0.1404322421434051,-0.517171301873156,1.0987010635742809,-1.0489835659159272,-0.41742327070309054,1.2793030598584698,0.412356040591313,0.05987838200265909,-0.4086533675829694,-1.349970863010496,0.07339261420750226,0.9645209489061364,0.21341669442387368,-0.5054966168552033,-0.23417172559658328,-0.27282754832977985,0.9853833846286334,-0.04527119371547898,0.38347509299437416,0.009203902813030782,0.8588492269720868,0.19836806086666037,-1.4275320117621277,0.8665244590704632,0.931566669732804,-1.564864535205587,-0.512911328210467,-1.9283973557201954,-0.8283900390096276
2025-07-01 13:18:04,0.515330032321863,0.8005013468666419,0.03992042640899977,-0.15932697247056005,-0.18561740378026992,-0.968091977064417,-0.8126852541177934,-0.10359716516109561,0.9956353926568297,0.03044977811794871,-2.049553873035506,0.9050014396934032,0.2573019663994929,1.5972920681439418,0.2567918829170145,0.528016857231717,1.8015365230327718,1.2916860335320413,-1.6817307905942527,-0.2701846646054355,1.047307772380571,1.4450826059288873,1.434712428276299,-1.4584461405703126,0.815992890443527,0.6193321412882924,-0.08094182977894411,-1.7340709028392345,0.48849461791192816,-0.5961945541589337,0.17276929119726875,0.8235873337807836,0.2967480299579573,-1.070493746759649,-0.12042850215968826,0.38872882922992763,0.7175398716860617,0.9987046032491594,0.9965972383403976,-1.272383406176677,-0.06266116317521352,-1.4978737690455732,-0.23283262421662532,2.3134247325310002,-0.27112462659807024,0.14151063745024278,1.1615558188101007
2025-07-01 14:18:04,0.3417526742619689,-1.3386878217825542,0.24320549472232084,-1.094132275415749,0.18992103761561047,0.8364262366556253,-1.6981092805632854,0.5381220471253149,-0.9254232946186962,0.03518016527199779,-1.9059247135043227,0.31576407746460644,0.04889602676954184,-0.34195898127975377,1.3821437821509814,-1.0514846054461398,0.3294355911580622,-0.18595345384329973,0.5249921990884634,-1.8352215774882945,-0.2505301595569942,-0.5152498289079497,0.27434394002081897,-0.4269139617930475,-0.053647209536637035,-1.0524740271013175,-0.3225417775907546,0.39588060050331797,1.7232058308709568,-1.7263167864569489,0.8602473457360132,1.3329533592399616,0.2497833179791461,1.284580599039966,0.0038534108004283432,-0.2237747561240932,0.8261615154508818,0.5345103999665483,0.2669746816562703,0.372499137073688,1.3789632778693943,-1.3538314969399834,-0.4420898296893496,0.1646960670173337,1.1692562631168608,-0.9406133211593728,0.828335122335576
2025-07-01 15:18:04,-0.8851767192909931,0.18916034918165486,0.7165765359941739,0.1016018572340336,0.6543352821308914,-2.1609887250605495,0.046770936785759554,1.5415124086881238,-0.2958162291962596,0.9841050206004528,-0.4350554054431164,0.05919028661134125,-0.09698046333242939,-1.678355284870096,1.8340764326781165,1.5392553137492655,0.7635939361615915,-0.5571438461915216,1.003168660951347,-0.48238071539438293,-1.097475122730041,0.4360249543356065,-0.28518397838629045,-0.5864811460846049,-2.0817963210971486,-1.0599046913573817,0.062190939547999646,0.38908682873489586,-1.1621646956967857,0.4235038601118923,-2.06006740612284,-0.8430928655829311,1.7100745709112255,-0.07377634631076507,0.06620935894385412,1.0024539008338607,0.5008469795189749,0.6598189041376298,-0.19370834049656788,0.751566387404045,-0.6069015407979237,0.26775891561692305,-0.8533616680763552,-0.20522685528949058,1.0229102295132102,0.43087688237889327,1.5267848750836257
2025-07-01 16:18:04,-0.797138411801255,-0.20354178962762365,-1.4004491350105281,-0.004046308279350811,-0.42970635833838455,-1.2996106342695397,1.7712505270318288,0.21589633686829754,-0.7160464757069114,-0.3068574130062483,-0.3778021138796909,1.0438269701510463,0.4422721441164925,-0.10554510416081146,-0.3967919437945332,-0.3361153034801757,0.793589128186288,0.3246721397690494,-1.1276890039738003,-0.03136060860211972,-2.28703411724584,-0.3463576542082342,-1.189806077096267,-0.126361475196784,-1.3268621283075388,-0.28583645211177633,0.9513103916817078,1.5041391784525429,2.5120387812685747,1.2112107860610155,-0.4019230761378599,0.25102261305688855,0.6045486962956019,0.09495293004696811,0.2921424622143392,0.5695606622992297,-1.026310158930984,-0.8691961919741797,2.860464813896042,-0.4844452750546875,-0.5310228213162902,-1.4994429076262399,1.8296669821030898,1.410372018425649,-0.996227938067919,-1.4694732728122468,-0.7585280919311994
2025-07-01 17:18:04,0.6142863932867152,-0.06851603162771543,0.23854824202568092,0.030123820151154803,-1.4905726599300995,0.6007886570441122,-0.44871986279024784,-0.15080118741630924,0.5392440907370853,-0.8759642487581314,0.8537438695137597,0.051775258123303275,-0.6121616287157169,0.5544918368476167,0.11642741949502564,-2.141082636121759,-0.6392148809938203,1.2099353738759628,0.18196475746215923,-0.17593027021139074,-1.813107220554622,1.8972866698458355,-0.09129724792726496,1.3613280539024366,-1.2888192556939755,0.06736947163238466,1.449079050072645,1.2331148685612172,0.38543942927870456,-0.10038067051715137,0.6006224480902294,-1.769783280238561,0.8297139964994136,-0.47707643085924517,1.0053271793488676,0.24372411221950868,1.1887811035236084,-0.8676278788255631,-0.056240659152769656,-0.16033947312438906,0.18959984502538108,1.1798267280618446,0.3615481800698365,-0.6556648852598687,0.7962890483272186,1.6866369130198593,-1.9424387028224355
2025-07-01 18:18:04,-0.8642004068119548,2.0973951109573754,-0.29662121553666587,0.9261862840663202,-0.002239721126871414,-0.2529897071386006,-0.274057968646666,-0.46627824390824596,-2.1305006766345915,0.8400834840097601,-0.34238234813664825,-0.24299467451309845,0.3178683107884608,-0.02713263349792694,-0.5831309002064051,-0.031814029294550905,0.843638028136585,-0.16343367562290573,-0.642781756811833,-0.8240029338007315,1.0556393290848,0.2518959497457585,0.8580439900664502,0.8268182854340093,-0.7235149695808847,-0.19933044459248145,-1.072879347805316,0.04654739997535969,1.0180242881660182,-0.45155873732301094,0.24255518468507914,-0.27848037403641723,1.7081898763407648,-0.15428298566362406,-0.9020825103854171,-0.2286269752543348,0.42816520062831664,0.16420582969294015,1.7669185938061502,0.573804354641619,-0.7557817962048526,-0.2695980971634402,1.4739538317122236,0.5322852485047358,-1.4083470085489955,0.011380690984113673,0.4886409167643555
2025-07-01 19:18:04,-0.2962964771097753,1.972563586728726,0.7234080661826562,-2.521702793317012,-0.174240372606934,-0.7073462093575081,1.4432368673623344,1.1641667060610097,0.4082495681712064,-0.1861645609384028,1.643287410740901,-0.4891877154542941,-0.754455153715385,0.8925708795549568,1.342176675108543,1.3442713820781373,0.3881472071442545,-0.5696840712962773,-0.9622075779237507,-0.03208384024132141,1.4536294080213195,-0.8377663691758611,-1.7331530512342732,0.5785334002180577,-1.570493584742272,2.7569312093474374,-1.1050617099873365,1.078636297287833,-0.615720203146078,-0.44075856918950845,-1.1995962744998014,-1.4247282011646427,0.8725009669453654,-0.7348353617068979,-0.14356346540448633,-1.6696066423833722,0.03685968438102254,-0.07778797057345668,-0.3513884581099329,0.31348445353482474,-0.22176147856612732,-0.06489439486278323,-0.8971786330670957,0.19259366491390076,-1.4820458607309015,-0.6460235816944141,-0.7159004056481209
2025-07-01 20:18:04,0.4328759191183974,-0.05572598446555941,1.349417558657401,-0.40792424784938464,0.8588078054403904,-0.3336875410811371,0.8637004829453709,-0.12886129523611498,0.9263696725570418,0.03464101502146865,0.4758527765690752,0.06831032836217214,0.07622412075819957,1.0944933167526063,1.934325321900606,2.5130060784866806,0.40328615873315066,-0.3394901317825647,-0.6611516242326381,1.2860590829895182,0.3048104101598721,-0.010518528676565733,-0.8398631043233025,0.7707063042130199,0.5992552667256503,0.45093455381893144,2.2612641155414717,0.2749947909733928,-1.3709980626385294,-1.0602554573459075,0.20888758191123732,-0.28600920938772356,0.23025675013701874,0.6039713722556928,1.0414437294534453,-0.34995914502592784,0.18992217667259634,-1.8460716378789384,0.11625057971652053,-0.5088329255416518,0.7637562692785078,1.0138690960962213,1.1348466066213343,0.3586011209772925,-0.22056168998193662,0.460748477336948,-0.9138591788512727
2025-07-01 21:18:04,-1.2822050137519638,0.2576061353736355,-1.6311684244865747,-0.6218557518787606,-0.7497878675117964,1.1979976060313244,-0.5724132903013732,2.146945213972124,0.7219626885299527,0.3148791864524356,-0.3267367368265937,-1.2813894906269419,-1.2291422067262414,0.522560119180881,1.4630911047385702,1.16924068493954,-1.2106990393017172,1.9802412675732877,0.5912549501250904,0.9432364700959677,0.9344585235870473,1.181498317495277,0.9195248705933706,-0.9992998157467299,0.6697665740916511,0.19737091811925753,0.509980286736174,-0.8314662061037368,-1.8878989823389511,1.5359990788640179,-0.7070085683698886,0.7541596554627344,0.7455311520183842,-0.09710295316651088,-1.1429102641711644,3.172346552192852,0.3028730530757336,-0.2972856358287077,-0.9158321036648129,1.9021954994940609,-0.32781367216548407,1.4048408458557995,0.4025365374725777,-1.570069014265959,-0.5011681740490859,-0.6745877941392423,1.3939067001776189
2025-07-01 22:18:04,-0.39183044318450766,0.12689344591612214,1.0456507657183178,-0.07729806326151603,-0.4395019468276707,-1.1620967439579921,-0.4429629314118052,-0.6933612758589238,0.2051372991800058,0.6412904454524233,1.273831359260485,-2.0614217214198236,-1.959738591138146,-0.5220882564636434,1.8885637924692704,-0.7914550143535793,0.5336502480391481,-0.33907363057112216,-1.3239906745086878,-1.2069970450794507,-0.020541147439072774,-0.2833854840808147,1.1526470075668631,0.37345861333573244,-1.5699219144365133,0.7233077516631514,-0.134989136490802,-0.9220132735580333,-1.2321179558367024,0.011531658050859631,1.2817853352336703,0.24766255101733686,-0.216036203692554,-0.4155782696702163,-0.4735002549672991,0.19487597427405362,-0.7561342010186434,-0.25139650130180574,0.5028049722646085,0.6982184852550699,-0.39357355079386985,-0.6959765796376227,1.2085332737780334,-0.2022817669651553,-1.3275259940916009,-0.8049927799725908,-0.4606170627684222
2025-07-01 23:18:04,1.3789118988040718,0.9162816676425829,-2.522931586513045,-0.13326504725022667,-1.6717038357236238,-0.7575725239104776,-0.2658029856982417,0.7012448583133764,0.020468795681310385,0.42596534083914284,-0.460112630811667,-0.6454650341757888,0.6468716058926226,0.2425601589784365,0.1843847712924259,1.2644194875795638,0.5461543906856704,-0.5971740097366782,0.5695447227047882,1.2447452268871781,1.1423464874672369,-0.19614235605185643,-0.6590242568903636,-0.5499021338571894,0.1865880808238719,-0.4962961339453115,0.24602105522451048,1.1841010996250718,0.3454528587625077,-0.5332419819265574,0.14696681677618206,-1.012453996653859,-0.44394603619300427,-1.4569633984036634,-1.812099037554106,-0.37396200303747684,-1.2174613553415803,-1.9732621717430752,-0.12925582135122185,0.11196307026804242,-2.0133334137314844,-0.8178887524179915,0.7301593369381886,1.06130456661543,-0.6223737807419112,1.1758938728160153,0.40030853434727987
2025-07-02 00:18:04,-0.28736383489839895,0.38517284554237957,-0.6030464091909934,-1.4070086061057483,0.2941826045056157,0.6179134171242431,-0.10755478505173932,0.611832888882893,1.050278432872806,0.901581300691829,0.4802043368225948,-1.578128237104932,0.7914388231511504,0.6601084063754306,-0.44688875378942705,0.20107552506593773,0.44613163659151706,0.7885902659076051,0.517911371009017,-0.8140383168381524,1.3046955013286645,-0.5182194735112841,-0.7696414197985239,-0.4054403156860835,1.1998980873874878,1.3352492587383127,-0.050725773589446056,1.0340373274913521,1.497714957345257,-0.026570733130037227,-0.2424036489037945,-0.864691087073142,0.24768990593809925,1.090972091698515,-2.362630904418272,-0.20605442541784597,-1.8360389652956828,0.5188849809425908,-0.46879093915184383,1.01942596934166,0.9159230684579064,-0.19442756751116608,-1.754686775427127,0.6740024646688447,1.186922514620255,-1.0292844315241392,-0.4018514972751991
2025-07-02 01:18:04,-1.268541286064758,-1.683140932560686,0.5952053624816996,1.1310690021781633,-0.9556001938559393,0.9659946026631078,0.16442692793150568,-1.958201670746825,-0.6398939323193337,0.29115298289373087,-0.15687772705304387,0.1491930876875618,1.0107278710170318,0.15565474944329075,0.13326358370965039,0.5700111876711194,-1.7361115388460022,-0.2906947294939774,0.6613590617931483,0.09574356707998656,1.577137729279241,0.09404632385920605,1.9561837941228712,-0.337206701131278,1.5441574257646264,-0.9131299309817251,1.5588967655446242,-0.08059598710716709,0.7494193770625448,0.22925465270985934,0.31265492089230024,-1.8365872084052755,-0.5524780358434247,-0.5850306593171758,0.6483323187752346,-0.0728372771352204,-1.527127065522509,0.8571499974217736,0.3256542941053036,-0.35440063727084226,-0.003308949282119895,0.35042576043997997,-0.623077718479582,-0.8957112933511822,0.23346327144441856,-0.13021661944756058,-0.831129826858885
2025-07-02 02:18:04,-1.734460396999052,0.2217186806323754,-1.729857137010235,0.3126453869400167,-2.122873681257041,0.8691008584474355,-0.01949424879359005,0.43722106357631296,1.5982787273056596,2.0868466428834416,-0.5038493844069254,1.620092830108214,1.1731147566043172,-0.6665113224079001,-1.1380535757872443,-0.5491552024683082,-0.671234537883674,-2.005692010657099,-0.7594094853326842,-0.08122742902825149,1.2217312885244556,0.07389970199613793,1.5922305408984523,1.5603135782441964,-0.19404485555195333,0.15660076863262112,-0.11612411505211903,0.501863504742254,0.4073818189442885,1.2507314026935754,0.7701970491227869,-1.0917436083863732,1.4371214705575244,-0.620057126877239,-0.11465342796677479,0.4995763030816926,0.7352332511657593,-0.24866796835567032,-0.7526078941595741,-0.35593730952382285,-0.22530894497838858,-1.8090104219842782,1.1178155507561567,-0.7399832310391378,-0.30412027682837,1.3798696607471175,-0.47263781246253234
2025-07-02 03:18:04,1.1113574151244012,-0.6180875638196398,0.07717912659952031,-0.9987898888076516,1.0904845204493974,1.389332806046457,-0.6209628463702543,-0.026722976877512784,0.7561352087666433,-0.3261030122275329,-0.24967771826444063,0.6541446627024765,-0.18447074570103253,-1.312019940812531,0.3155232309746606,0.868782124308275,-0.9066171893090338,1.8018402301921987,-0.5980884763950189,-1.1067264740737244,-1.6817367771307656,1.606847630997389,1.0917733383911135,-0.3531416548815446,-0.7754462950222178,-0.15505298100682363,0.373127912271996,0.2792780713142866,0.5362919670304576,-0.8216213333582784,-0.16539591808379864,-0.24708086556037182,-0.005083103152483477,0.14666080334399698,-0.5386098000466554,0.5853358364069048,-1.4068554276137366,0.3881882625825449,-0.41285450456890044,0.4337409938229735,-0.038684679542395656,-0.38146506512281997,-0.5345903502212641,0.7836612383458748,-1.2610458426205988,-0.24185564952228472,0.9776449047271186
2025-07-02 04:18:04,-1.9841013764435682,0.5214935593112087,-0.5259835330142496,-2.27744496327101,-0.2690783102113726,1.828273364040887,-0.6901235316721586,0.06737433763765917,-1.9776277555811574,-0.11638699810659386,0.49294812017107137,-0.6722702978911987,0.7867047581567119,0.7660380970168073,-1.268982711190138,-2.3155000701515327,-0.05533964942845932,0.23318877331746646,-1.1545006380125016,-0.5660419625700291,0.684572274398701,-2.10002493150763,-0.7780177066693534,-0.27582453240873095,-0.5206168513868553,-1.6880288072714795,0.6381447388722312,0.1563893323686649,0.6675933088347388,-2.526752376413755,-0.8543982638495978,0.07297018377704112,0.17496159802039976,1.6094343308624126,0.22733093546023692,-0.04526147605311037,-0.05679975033198952,-0.9799360071466404,-0.7270886035564074,-0.9394840643431269,-0.6449817045850904,0.7561318467773654,-1.0005120017790254,-1.5541894639826215,0.2593052698781994,0.3201119448204643,0.08729076786351793
2025-07-02 05:18:04,0.0664075036004468,-0.26868636073410834,0.15353844913841458,-1.4864723927734247,0.9660382243617084,-0.601821060139056,-0.2529167836802242,0.2716298048385814,-0.10047072425136046,0.21191345708251755,-0.34777106906562116,-0.21705227265610552,-0.39012653641425304,0.8774683662271828,-0.17168062752884478,-0.2367819157502527,-0.19786406322616293,-0.8594050695215468,-1.8977459918925366,1.1654015776136335,-1.513950568336791,-0.747411002929027,0.14751471854503959,-1.236417297091436,1.0558997945655004,-1.1807309683264644,1.420087309415066,-0.8301382630279702,-1.0183329078789145,0.008166677760651535,-0.4001629819064438,-0.6806281372084213,0.8727059897065658,0.7801880387309037,-0.24773881479701806,1.3038158271136895,0.5696147715505632,0.7224707544849,-0.4040620789991647,-0.7653538019713912,-0.16755107620313242,1.8967320083482857,0.448094467913283,-0.33394590630475757,-0.2151787310768749,0.06742793448876092,-1.589350399687057
2025-07-02 06:18:04,0.8373901591331425,-0.5157495951221913,-0.6483067597503039,-0.6535749909671221,0.028310648291041407,-0.5977897431268797,-0.10665345174554797,-0.24178426846516826,-1.888369435693356,0.12110255686950316,0.16743954255792365,0.19628079083433034,-0.3434974733828764,-0.048305132054863795,-1.729439787933253,2.7213608529355957,0.35294742500048776,-0.6916911964872308,-1.0255224783005605,0.6899665361048023,1.3962340149931125,0.16878688785333806,0.9492102413674547,1.6788522209707257,-0.7026291469389249,0.515919749129974,-0.3421269397568082,-0.4261307821524838,-0.017379304879184203,0.35824678175243196,0.823212435403722,1.7705289997194633,0.7862525715635171,-0.4392717865356311,-1.2515872161346087,-1.5086875989290316,0.606619044167295,1.229579735446793,2.1626699202804818,0.3355418955292307,-2.2119826252997257,-0.6035576295424657,-0.8064338137176739,-0.3133780497316585,-0.26753125099907443,-1.2100132388667175,0.6881453377849642
2025-07-02 07:18:04,1.6457785991627778,-2.190945468524133,0.7925153327853485,0.4520696429010687,-2.493342237107225,-0.42405062814288585,1.7095503427960506,-0.3894852838485668,1.9409828149557118,0.4742506866827478,0.8502238577088111,-0.07263689999124924,-0.09495889593391046,-0.5470348132086558,-0.5560837919512353,-0.5460719218946212,0.8096088873330124,-2.1263309762699167,-0.7631222557549652,-0.6060083936886071,-0.6663524692970042,-0.1695436781896405,0.41200845989130813,1.0386632146552328,-1.6285250432157452,0.7409301581318504,-0.5751152263397526,-0.37931093331091115,-0.09049857259740568,0.16518975028471,-0.9147832579258612,1.5919583368191599,0.4256988252688307,2.3424348013712124,0.8546654348148929,0.35358564874062454,0.48189501266981416,-0.6665555696195274,0.8994490699967056,-0.5019453704956529,1.4201268942646221,0.28068448167935817,-0.8030014770731881,-1.9303662903733088,0.7448239220997082,0.2883972320002621,-0.8811756016252374
2025-07-02 08:18:04,-0.49745499112539693,1.7473868815610898,0.49976210400160265,-0.14983796834088944,1.2069967295842006,1.7213154512541582,1.845886670540633,1.008799085702662,-0.5047260299322095,0.7250546158211642,-0.39537008028627313,0.01452988652075997,0.051172697074870745,0.544167263402288,-1.3568020986375005,-1.1413865072276834,1.2554333815952172,0.7070837104025832,-0.6900817770931582,-0.903675512081763,1.9584363081145761,1.1834656555171643,-1.4186229757539208,-1.7089354128702312,0.725819333927585,1.199680628066235,-1.648281184364373,-0.0002941293898683005,0.11412995982910495,-0.9088019410234413,-2.351143594396148,-0.6948213667451083,0.28644941633055443,0.47373685723317877,-1.4507032692484927,0.4640282551194394,1.1198499279247316,-0.5765565717481045,0.3659966720682384,-0.5613289493361735,-1.0144803857789264,-0.43654607326745987,-0.020826787954288748,0.9214956782229379,1.5278225263025569,-0.3646103571450707,1.5784091769725594
2025-07-02 09:18:04,-2.3039387780619838,1.5362236624197725,-0.1285745711127707,2.2474009793108585,-0.3437694850699206,1.462119914743363,1.2227387594262977,1.1334330828986343,0.041763619344845536,-0.02006829046608833,-0.09508148708960461,-0.8704200992985051,-0.7876720428861859,-0.6228262367532298,-0.3540278629979495,0.34281002305780545,-0.5374995055118974,1.9711882178820137,0.8308164443229775,-0.3254762106561309,-1.011886870616394,-1.0708123464951578,0.41889792303732554,1.0448580959186713,-0.39572420820443366,0.14113498462476773,0.3654262085182689,0.5427280317572999,0.951122269724567,0.022031908853364635,-0.6412131635367829,1.824795217993471,1.526657601404703,0.4743180917312042,0.05412651516490534,0.15448058902651693,-0.4852079151961208,-0.9130780574359117,-0.07720296101242567,2.2666443542959587,-0.17751477511984068,-0.9734000960507214,-0.9873725787383145,-0.2672562591933043,0.8141885976408657,0.7951329640175714,1.27123496886567
2025-07-02 10:18:04,-1.1627165530127954,-1.1184448952471224,0.3136801927268103,0.75805809231272,-0.5223766244613713,0.26548134621279307,-0.6681090829049942,0.552758487265,0.023154239103589474,0.9298393596643353,0.36511806690889215,-0.6402637724538885,0.29926510117148347,-0.6900229559585408,0.044398229219172754,0.7426620731196584,2.437916042150881,-0.8915305219094084,-0.036996332809955096,-1.0436204705662666,-1.6291943992947495,0.08975621126474496,-1.4556638107406707,-0.11600857288651649,0.32831954083659326,0.8735797154775196,1.5360023307187782,-1.143217433209353,0.7336009619155933,-0.6393227320925101,0.23689365145122235,0.3554111108867948,0.6045174851390355,0.808776235331082,-0.8711923428426015,-1.1192048430142894,-0.5739280898374854,0.2433814931190907,-1.6621420180534339,-1.758305424547791,1.2012347032790904,-0.3488991158963443,1.9524546332871844,-0.4288915361281914,0.14012197276373153,1.2543573791531615,0.8399325069241699
2025-07-02 11:18:04,2.368985675849326,-1.1860793189338283,0.8166464748586475,0.6532859836472479,-0.21882292860278496,0.372882185854095,1.2775495321316557,0.9204900210641198,-1.1042849471501976,1.7779873773904802,1.1415170970845652,-0.1459399151244615,2.287237813867974,-2.0143185488966107,0.3426220848825836,-1.2884241047540104,-0.5019729805027852,-0.48841269123711367,-0.5195548465852959,-0.9158719147271767,-0.929556592984136,0.13405944128721736,-0.8013459909737242,0.9647622768456596,-0.4720296570687564,-1.147436033955167,1.0120676347943056,0.16336093720236036,0.19931348598273874,0.784732273746626,-0.65148189410906,-0.09331024005235411,1.620972747657786,0.48137718582186734,0.23469392193051627,-0.46886435171060853,1.1718865707730002,2.208129300007261,1.269427553201231,-0.44516578383305455,-0.08435525641668595,-0.41018126363125657,1.4993993585566696,1.2573987121459504,-1.059056099961037,-0.2974565624548416,0.7314431137018383
2025-07-02 12:18:04,1.1395614078662266,1.164944689193142,0.5048283316130662,0.7113827909420283,1.3950779507242674,0.14288175353539062,-2.5273863589059533,-0.2838688453814317,0.02206144821163623,0.6422916424893725,0.9810084585235576,0.4862552789329213,0.3942698895326936,-0.5222055063897793,0.6375969798008216,-0.9649052692628765,0.9717563385627445,-1.8315188948665442,0.09052851213635629,0.7402769840396853,0.7060450296505717,0.5348938323015842,1.0012554289267586,1.6976255663635598,-0.42733657236004174,-0.4145598372552179,-0.39865513662295227,0.043296845872008834,-0.7518708170364152,-1.2594953719583375,0.23647758242157313,2.634954625376788,-0.8712055158219235,0.11153743493349629,-0.017185702897952345,-0.9224189846401819,1.1908235224696333,-1.7003443989268205,-0.9978074064459519,-0.27445421315131363,-0.09246518501277766,-0.4207305419729162,-2.77382365216145,0.3130645875168266,-0.2576560476738946,-0.18139807715279918,-0.5166392790722678
2025-07-02 13:18:04,1.083126471675871,-0.47951406784510475,1.5206509921782425,-1.424389262959175,0.06812375298259728,0.5717657762111394,0.012789094716189718,0.2739131246153235,1.0991633473241076,0.5123866784571799,-0.12806127807396145,-0.930887175231243,0.23958718057014178,0.34455681167156366,0.19165182376267065,1.0246687719664929,1.253721603777422,1.868916624186406,1.574684036023928,-1.2481909103158242,0.7611629547686964,0.8556581865484715,-0.4552030057782463,1.1521138674777767,0.381905407799929,-1.104517514733674,-0.4625431889002191,0.20038214038543553,-0.6711585529776806,0.18276063627996075,-0.035748408554209556,1.0321746406446055,0.11200666114296066,0.5807584132120255,-2.9520135394765523,-0.2435580909861948,0.13749791943045644,-1.1916843219237998,-0.39000820984487033,-1.2173551443662476,0.05561587468459362,1.1013088153248807,0.13368573742058218,0.8745867578020659,0.31082172554778986,-0.22397404286797754,0.6808349535033466
2025-07-02 14:18:04,-1.5904317281153935,1.1639018274385302,-1.4641922858855045,-1.5277097550345173,-0.49165420228034307,-0.2492999213305705,-0.6720925482845865,0.3638766553764624,0.9518729183610268,0.6915279136806343,-1.4297626365762173,1.157562934386266,0.17476924729520202,0.8554356101586393,-0.26133076083748,1.1356622341396438,0.4041967719838998,0.7841183310777183,0.0032069448931157274,-0.4781339578811908,-1.4245858134169647,-0.2083857949263532,1.8305127931440737,0.8435124644968819,0.0236734971484539,-0.7073022127916708,0.47829026529404894,0.7692458012170943,-0.4372625895672637,-1.4593098773781494,0.40903785294670775,0.3939507378186965,1.0819760726928227,-0.15495910569438937,-0.07493624105923814,-1.750420229324057,-1.4612480885679493,-0.018965668425176378,-0.5464304130170098,0.6883072082437868,1.131128578659268,-1.5367278704254306,0.9055380339970422,-0.5061785150195428,-0.07820012488920336,-0.23137914944864066,-0.07670087715357507
2025-07-02 15:18:04,0.1759599313476207,-2.3973669850432433,-1.0703280488097338,-2.101768979560877,-0.5586851155835743,-0.6836858357326728,-0.10421421942886643,-0.2920257647277121,-0.7971627838707981,0.31355639498986804,-0.023791025019569218,-0.21810543480164782,0.7278564225072416,-0.07482039220594529,-0.8002901533918999,-0.6474325621071274,0.4886060681441293,-0.6097223337642873,-1.2668107197970757,2.128083696057962,0.3833227602955733,-1.4233644446648668,0.5675756569972094,0.920089595457123,-0.1921106091198638,-0.10658483783860745,-1.4999018951730256,-0.6799237303698892,0.24229161716102077,0.2803322343568355,-0.6237511981792474,-1.3940887696026008,0.3102002300429032,0.2572078898625515,0.5054375177238156,-0.5289281584021807,1.2117875710113035,-0.11264282320800642,0.09699523405733708,-1.9563446806693796,0.023131125893786995,-0.5633374257616306,-1.2272461974621875,-0.6043104266425707,-1.4367278107520052,0.2773783313768804,0.3179029730880315
2025-07-02 16:18:04,-1.5799947366576323,0.08888384194215918,1.116774686409429,-1.0322837718308526,-0.8972133793042191,-0.5435480748655416,-0.6418708925127463,0.6889853191245972,0.46025966846135946,-0.29246723146295484,0.6564469328739299,1.0119963824347793,1.7281003457568884,-1.0833240166176812,-1.0704137088902974,2.2055804516540447,-0.0968605590555751,0.7262418768786983,-1.5923478160015383,-0.6453708836197659,-1.2999485204770214,-1.7475540060156534,1.4847262502525007,1.2218301471844755,-1.2833199480222566,1.0869217643418396,-0.08664080460918036,-0.34938023758297454,-0.30927583445320106,0.6182002298817588,0.21549630494487199,-0.45469224700671945,0.778474833644005,0.22956163438322327,-0.20613538660637776,-0.36565176359906404,-0.9333011408172462,-0.2310860252709973,0.45334333888629924,1.5091013889925828,-1.0352305815317246,-0.3206219805224693,-0.4366553524158419,-1.903750554921547,-0.4034221910283208,1.166322004101419,-0.22311811543418253
2025-07-02 17:18:04,0.23632719716595516,-0.8267006329556159,-0.828650589169456,-0.6172903780374791,0.6428547080123411,0.2642894891935776,1.7131754493484814,0.23016414973221336,-0.0790309779300697,-0.8467583294973446,-1.1148639808916496,2.0941418188724863,-0.1381470766858141,0.11042930418188691,-1.0044297486725848,-0.2941098207216924,0.42446636709888774,0.2862474958307205,-0.10810008620471097,1.327278633241134,-0.6978885442509728,-0.3471115816788307,-0.9920670579918143,-0.661894337914981,-0.8619704141784921,-1.8516393652745324,-1.3282988273729135,1.048689812309012,0.4411912829985973,-0.5267612286727259,0.6631551499979663,-0.4214180020608028,0.9393838805245778,0.5183088075970415,1.114724180804595,-0.6060505254608106,0.7833171168282691,1.333426408194086,-0.2489838139889258,0.476933445798207,-1.671892909670535,0.7035883757213275,1.7221943099215826,-0.5820335449358206,1.3347972874183183,1.2865837227515826,0.41445040383794324
2025-07-02 18:18:04,0.8632566807739165,0.5124692100234938,0.6953837541550589,-1.2165653065432167,-0.02123276100080687,0.5576084480580279,0.7394761545229371,1.9366511297837372,0.8055089472942111,0.5627677932056862,-0.25614350242052364,1.121315266066544,0.8785616980872603,1.2103388584698471,0.43021012380714146,0.9547925622245071,-0.2650308022413265,1.2511942662772388,-0.42065212567983096,0.408124085170904,1.588152894234599,1.7379391718124728,0.8783613588852676,-0.6455285011954346,0.07190397438002567,-1.5295015121518531,0.784336963605743,-0.2654844166882595,-0.2370990589279706,-0.22468446725423993,-0.710435245348128,1.0741200628691578,0.1859316840126012,0.6012329655362001,-0.5490928511471321,-2.6529146291968906,-0.5720060023288919,-0.9295149884779611,-0.13084427023660328,-0.8979264203869884,-1.5081349421407302,0.13421659916945247,1.9031142319184988,-1.2434505100958124,0.8896944300901687,-0.9278123275242384,-0.45395508286540154
2025-07-02 19:18:04,0.38126990511358244,0.7953023279930251,0.3000275992248257,-1.9862032163861991,1.5829333627413478,-0.045099823964440476,0.5596366673289052,0.9525354687302616,-1.1096322351673154,1.5716773677809612,-0.5489856820707564,0.044167862088753,0.8568841992552545,-0.6839368725471623,0.363531198587337,-1.7751448306106872,-1.5652917534861184,-0.23550052131451052,0.9173697253629656,-0.8871524785236342,-1.8249773187989975,1.412139546104165,0.5125691947685311,1.4201429012094349,-1.1979820036826285,0.0007679732929173076,-0.6089769555938899,-0.7668825110211218,1.1801117410370427,-0.14062699389056085,0.6626748460677099,0.9582266291568884,1.4832344472279686,-1.2102389554475221,-1.0636460035756676,1.1423760644092724,-0.011962026818141196,-0.7332691763166144,1.234793569260343,0.15118633705598797,-0.5606416037202481,-0.5269528644539276,0.5073675660533462,2.284750106753147,0.2986798917014991,0.9876615885802015,-0.6531063718824813
2025-07-02 20:18:04,-0.3150962441249447,-0.5413576368490872,-1.003484305180795,1.8424015458528813,0.6330146393157168,-0.41545341641257205,-1.2601311084946007,-0.45885717362826767,-1.9508681467300253,1.221018258917111,0.3039954766588856,-0.11569018275046966,-0.7906397822071732,0.5699319688257835,0.06766958294777585,0.20278089050245363,-0.16401195447404404,1.0522656488407054,0.6713151537724118,0.32464792059489983,-0.466573077182413,-1.146666246072778,0.6162545288184712,-1.4708866011495632,-0.56645332844333,-0.733762166204724,-0.4448903729677034,0.3187215789240033,0.941950693595591,-0.3612814499458877,0.5421786634650655,-0.2166623397952472,-0.5162599934339125,-0.2432198198931788,1.5255272102770834,-1.2723214317182665,-0.08832868057473936,-1.4282816928138509,0.24191479538748437,0.6275338535647753,-0.20033516563501896,-0.1818364568861258,0.5553663580830553,-0.16759675979929103,0.5233850406883557,0.11760077735553019,0.03263990563066132
2025-07-02 21:18:04,-1.0200778382096065,-0.7952572607120885,0.11452090895418635,-0.9416010557036801,-1.101921852039368,0.3030875711017878,0.29648529504104015,-0.5994203924301099,-1.30364148875287,0.07297262741704623,0.5146086880362863,-1.9392535055498694,-1.4346594043235008,0.15111299387650887,-2.0544601135899407,-0.10765314172457588,-1.5485138565995693,-2.466220327978606,-0.009569355682449225,0.1000025917223611,0.36537011656146634,0.8284776917848814,-0.48993045830989346,0.2608757231069662,0.014759184504809647,-0.18384151500414098,0.5915710559368726,0.7524057664786079,-0.4904635662195864,-1.549364503678786,-0.49295062308611737,1.8587198117012562,-0.5380378165357833,1.4767645682937647,-0.7888714586843213,-0.07586120412824224,-0.442285035706311,0.5812481145595416,0.5592907740569029,-0.27526715459152595,1.1875343048259526,-1.074499315275693,-0.9857400988326469,0.25907772658840117,-1.166708977533009,0.5852020932389882,-0.34217225634252174
2025-07-02 22:18:04,0.10790814999689714,0.9120373563408899,0.5808317301598848,-1.3597485005209426,-0.9543278635459375,0.8528830577928345,1.073283112804394,0.7899574560976064,2.638320205897237,1.0763863758236165,-1.0147384061386202,-0.9940558668114838,-0.1929081688827353,-2.716491452970175,1.327881399449758,0.26571628379207574,-0.7094159590180354,-0.05726434047711711,2.1618840376382837,0.26351945655824166,-0.46441903006651264,0.15011372107283377,0.07384284598710575,1.4588290053886968,0.40027141941779115,-0.73354887465132,-0.4010659671794353,0.6626223614168055,-0.9279262030686225,0.29954433814785725,1.2761347564616754,0.06925719024916233,0.2782635385135727,0.5067889552557997,0.5415331711444445,-0.06703989669118057,-0.13314407769009862,0.925272585924554,0.6617209826676015,0.9514281621536146,1.0739069230633917,0.5202195786349808,1.178752349029986,-0.4084290802072232,-0.4524294870420084,0.4416199811246897,0.695464570117878
2025-07-02 23:18:04,0.35167773373177075,0.8075536580993243,-0.010686101441043028,0.08620601139242058,-0.9353665774488965,-1.7185029378318641,-0.8644294938880409,0.8525783618551388,0.4936469124392412,-0.6404152776887779,0.6104310991220204,1.379565970124648,-1.2203575300657152,-1.4240359545394967,-0.3072350699079718,-1.2106042292221755,-0.06446834621071039,-1.1014233811907452,0.04902504158788852,0.010427075190346321,-0.31343157315571263,0.7032756697265704,-0.830735509909511,0.49973070212866055,0.7436478273564375,-0.8985059673151222,-0.3520624410975286,1.0187940214497473,-0.35209678385300075,0.2070077157126829,1.8286614923403162,-0.23612130563325404,-1.1999782677845265,1.0735400624849032,-1.0882384575399515,0.3230273590346311,-0.8591767178785554,1.7037550413176639,0.7961532330198395,-0.2578374170449383,-1.4991459874484439,-0.36754015088889547,0.28895733945733854,0.34262822065815673,0.16860120624274988,-0.8640778747873288,1.8616398668746212
2025-07-03 00:18:04,-0.17775775394908383,1.8037142179787613,-0.44911365560068706,-1.2171442982334622,-0.815753726806671,-0.0838275427178642,-0.9981438526981566,-0.5906592880473294,-0.03060758929469955,1.2774874706820127,0.6207557383882206,0.16114418616890322,-0.9760396319259109,1.6136877583438285,0.6434975912742514,-1.015732871115566,-0.9177599092344707,-2.2890757625311995,0.8578620454290459,-1.2117471148773828,0.38475012537327163,1.0331473428985887,-0.613661840942924,0.5562902170125099,-0.060308758119254825,-1.4384563734588531,-0.014504799740532214,0.13823069053298137,0.05352991468571207,-0.6739256010002599,0.4383791367895333,-1.728289744475793,0.24398847556411526,-0.3457111070832344,0.05240653904498267,-0.6018084239650122,0.36286715029250766,2.319340661714233,-0.6463661525065563,0.2412451661860461,1.6795058862785543,0.31972950391019217,-0.7659620112794842,0.41875363393264214,-0.304687632373055,-1.8520618062880383,0.11268593276483314
2025-07-03 01:18:04,-0.1621849968680962,1.8953889727956936,-0.6136071899823782,-0.8043499348846682,0.8542421454137817,0.5672187875060766,-1.1500921321747195,-1.3479724282658319,-1.368671451502952,-0.8203836817619371,-1.014418156553914,0.39049699107301,-0.555425393948688,-0.8832001377943265,0.2482948823683408,2.078651780364905,-0.2332446746312519,-1.4785374406016822,-1.7701053011313663,-1.0264111120079047,-0.9938349882560656,-0.23195771198240783,0.7361265157422442,-0.8676990974802963,-0.03236260003497073,0.2805120649752787,0.23662390469179642,0.13062890871144717,-0.7479769229400044,-0.8766980907308531,1.8118507872163352,0.0209244145205256,0.1947645156990727,-1.302395413401756,-0.7584551960017167,-0.86577227125615,-0.12161836251822784,0.8074704132400476,0.6494874055530292,1.1073039143537045,-0.18415119149177242,-0.9932098080989629,0.5650482096757758,1.9200364504179013,1.3409155072698944,-0.04048963661533414,-0.05959692899015708
2025-07-03 02:18:04,-0.8667164910068311,0.7964765536667563,0.15266337898838842,1.7382403921773493,0.3000261870614901,0.4679389823288611,1.3919855676689925,-0.47354370221392283,0.5698904775863878,0.6355556074742643,-0.12524442917958817,0.5076779478493195,-0.9871767597802267,-0.013242099610582925,-0.4240245300420819,0.5610596179634199,1.0532362329474216,1.9683236095524075,1.6051389627791963,-2.1070877547210043,-1.3119118352887262,-0.4765585555223329,0.8031776340035455,-0.5477775527620071,0.47447136435385784,1.4848245159948439,1.6193589227417882,-1.2538890545437134,-1.6609841407404824,-0.191296410336964,1.7201181544876725,0.7999989449909396,-0.5072456284356953,-0.13509315227813745,-1.3411530598161556,-0.23689906229472565,-2.0426913655096355,0.06973568752378285,1.2466698769481368,1.1871584616666362,0.6083990101092478,1.0249875454791824,2.5717287055531286,1.0447647242618774,0.33476882390811274,0.9969165257484955,1.7790783275141535
2025-07-03 03:18:04,-0.4293902648268407,1.6876228755736051,1.438627206933712,1.4660677016790638,-0.6266946484621937,-0.8355842295236414,-0.25523764432143414,0.2736140387142026,-1.4309855557861326,0.8270924326849853,0.3597264873850684,0.2715079890417763,-0.9909616822697594,0.1380667798018367,-0.3406117032773403,0.25856088833829244,0.16630945765733204,0.3971569181113676,0.1194754050373466,-1.8229600818787588,2.5092819908131174,-0.7754469116447984,-0.30122879779856754,0.37249151438271955,-0.2698155487642645,-1.1922019481766841,0.5626261910900786,2.0125792010454546,-1.8639120400231006,1.5723663395881295,-1.7741468016394681,0.9971645758057952,-0.2731337266874772,-1.4195542556990262,0.8828047284807213,0.19516365202855926,-2.2651303898196797,1.1653582841993884,-1.2530250583583626,-0.5469472116442324,0.878055016570827,0.21289381970244936,0.3738023878741379,0.8074953275988503,1.433681973091873,1.1328640836277508,-1.0062656000543813
2025-07-03 04:18:04,0.19611010486507616,1.770668581270872,0.23558735646248705,-0.6052227214560979,-0.7220201666624964,0.1654621224608924,1.291199860905714,0.7832278719640615,0.828549761869202,0.18882235295089783,-0.1458424852843508,0.060144547075514206,-2.129141140249915,-1.5992005176610902,1.3652218400148517,0.6752565915076327,0.21024143954437677,0.11668176912117635,-0.955760949314037,0.012264886850040617,-0.8335112292471888,-0.8085262894422154,-0.16013721740963208,0.31395421540199536,-0.412024861808357,0.30996076878902584,-0.2699993402129349,-1.149644800380346,0.08943161697653551,-0.7398036824697753,0.6453335736152187,0.507439301403461,-1.4988566522377864,1.249091496660257,-1.3896562225490134,0.10021010784462052,0.6607814863964233,0.2977846894491311,-0.12926353255587178,0.22400352685959427,-1.6724725772084548,0.18864611761031239,-0.7747120874086014,-1.1847787573981137,0.6153854465834465,-1.7315698108198174,-0.6453789632236279
2025-07-03 05:18:04,-1.4695458703377546,1.8052481421092317,-1.270862627345044,1.3959697697937454,0.11644627325591912,1.3095759699781153,-1.1567827963582844,0.36492619441286844,-1.8782630712328177,0.05550827241616356,-0.10945866302883359,0.7815309941892612,-0.41806798952433666,0.7903955699083381,1.9317043051930602,0.5987188550778734,-0.6060598403948176,0.727382652963515,-1.1447285768832158,0.1446250085767871,-0.1823487356636203,-0.5981040498141413,0.707395166802049,2.3630357961065314,0.2333963372826277,-1.5870992702441613,0.3007934325924885,1.921624292652905,-2.6898763731427184,0.20710342812004584,-0.7502998976784503,0.4092938180394047,0.36816072125451865,0.20981101549640915,1.2070018440503294,-0.2525591520838576,-0.9507457655148465,-1.2944799686365855,1.329857387622456,-0.6150073094176973,-0.0217555745765796,0.3279046326484143,-0.7890663656103969,0.8217387884766185,0.9714248813230103,-0.7110871670183646,-0.09835070540210243
2025-07-03 06:18:04,0.2973587058783862,-0.25228654699816927,0.04639940314404217,-0.9466910405748477,-0.43262327699728487,0.24101563417618907,-0.7552193416372077,-0.37541046520580545,0.7067331637332702,0.26426450576936633,-0.010191233341640961,-1.040353578809922,0.41250120149407904,0.448651180708408,0.6760136297446161,-0.32882195852522733,-0.4884398049105544,-0.4296039864665983,0.40021416369446167,-0.36806325732229034,0.9250248491868073,0.129346332471832,-0.2848658755352811,0.0022751459980687376,-0.24296993349591403,-0.24595014673229326,-0.36098635100962095,-0.07141615425084581,1.3182303473280077,2.07439816051169,-0.18830186396533097,0.5305409581759201,-0.10154436137074278,1.449853021527131,-0.5223383201633053,-0.28210905228522676,-0.14502637411951214,-1.2306835156486668,0.9730020921316435,-0.09189220814217132,-0.2275070720973839,0.10869823914451791,-0.48657532759604455,0.4528553369963669,-0.09984044068812065,-1.6330736081107309,-1.2617004833057655
2025-07-03 07:18:04,-0.8470186152528163,0.4138119699865701,-0.4048132343192625,-2.041999667543874,-0.3667551758570684,-0.6473192179965392,0.51102126541042,-0.7391701687951153,0.07525278960229509,0.29348570293212106,-0.9854753722208294,0.8850643207705498,0.36602827193646836,-0.4835578253693753,-0.5312449363159315,0.20854439265908603,0.022495032852810196,1.5500834882595973,0.13165763812950118,1.5238469324406965,0.8391164371391746,0.037956843613348334,-1.87702177057962,0.14776841033295127,-1.7852352824083,-0.2499324331649518,-0.1473843346891221,-0.5021090251697182,0.46671552424678386,0.6873561608375648,-1.200209877231206,0.4607338749302752,-0.4390985756310314,-0.3363418333057326,1.271685585760503,1.7643940761918602,1.4773649314471646,0.5300945524070978,1.2703131641769612,-2.0307521496947665,-0.8712729136493838,0.3306917192426857,-0.9839275315565348,0.16020448924578076,0.24372613279268465,-0.6616128469115248,-0.6845160777382185
2025-07-03 08:18:04,-1.8905058183253698,-1.3187606078265397,-1.148477618142732,0.6203477330642887,0.8248671048890167,-0.48373751574177615,1.3325244050335092,-0.8639490642518726,-0.41171258256879956,-0.05137551156572523,0.08092385562896817,-0.44507268519979026,-0.20307104318508118,0.2774998260119454,-0.10727202546008818,0.8656833410762311,-0.7809965860389777,-1.3192228908228634,-0.9064256417010309,-0.9429438349837322,0.08267668708853824,-1.388151093593767,-0.7358664332087905,0.21417927779831536,-0.3207963125080355,-0.10770657108838991,2.2949890119058662,0.4322964677016983,0.10262129837119227,1.2277781538559382,-1.1223149382136866,-0.3348939518992826,-2.2208566548383866,0.2663422123722199,1.1953794323099614,-0.8960531418615015,-0.9272940730151542,-0.41224078246118445,0.2715914835531952,-0.3978652688597268,-1.13826902450848,-0.3050668929127442,0.09120622602928116,0.6499840808255523,-0.2177782429786536,0.39716023261984257,0.003434706435820282
2025-07-03 09:18:04,-0.8144372791809684,1.3543227646803822,-1.551709741271731,-1.397158642423682,1.2544500893726585,1.3919101760753936,-1.0080117911982585,-1.1993420790904383,-0.5138357904672135,-0.620106448028455,1.0250602420712251,-1.1499335275991636,0.20281700458085078,-0.15949855278415084,0.3389697458002021,-0.23215298878343368,0.7569515247236165,0.3883771677848275,-0.0753726613218839,0.4967116301884275,-0.3956177850239318,-0.43318282429982213,-0.7872746395821563,-1.2226096385101513,-1.1319986984386234,0.08850360901079705,1.7706887199394965,0.4246291081016526,0.7192718693623142,-0.1423786267721786,-0.06100654503566062,-0.491199695840294,1.366116081580612,-0.4007519279452238,0.4353918725267807,-0.2555146335317388,-0.8303575110002944,-0.8528628958132346,-0.4044313548168206,-0.7692958415665874,0.534679534579457,-0.20347235375579126,0.3807480649563255,0.042089098447632076,1.4848430007261142,1.6930030627579493,-0.25181164641918496
2025-07-03 10:18:04,0.1466987154029833,0.6018552621014569,1.0943016759348065,0.4648397229790899,1.813956077388423,1.8935837707767704,0.4549886880109156,-2.346791748813601,-0.7252073800649201,-0.0986753581059419,1.8356842904465422,-0.4725282416860844,-1.4801630655713987,-0.12320975699160197,1.8996348049981175,0.31536409084377887,0.4756103334349056,0.5806913559827758,1.3614705598398895,-0.6157642706088831,0.31116204610302645,-2.443777398542582,-0.09365366744895458,0.31530164750680045,0.805992002571068,0.12244207699780095,-1.8434198871018066,1.5337765284691105,1.8602893545090808,1.3688400937695069,-0.05389738023335446,-1.1263012323363437,-0.3485475521451008,-0.3888952565852407,-0.41231213425193425,-0.8506881284356902,0.8462810244949982,0.34177138523314454,0.784535056614832,-1.029856479134548,1.025259510612149,1.2175966131043572,-0.8141935621221574,0.2640951801695078,0.2496452048935109,1.4820580443339275,0.8502899322756908
2025-07-03 11:18:04,-1.7360920872473602,-0.3093175109842325,0.7943125673609842,-0.6346445666403827,0.9192854015386858,-0.007414592738619378,-1.509356655714945,0.4829083878718485,0.23679619635789337,-0.321318470631697,0.24484587428480437,0.42791575908388946,-0.013112022764143758,-0.7561685940581697,0.2549982327954332,0.5359900178389386,0.19953683635441363,-0.8386938959978165,0.29734789099375536,-0.7330940517155877,0.7306522828457678,0.5646800011007335,-0.0054121012890308105,0.7536563126359859,0.1250984797883607,0.9943429611105411,0.4762131296442342,-0.40695409400122773,0.9472770227125014,1.1484697485388422,-0.40193859717607194,0.30581615297598,-1.3505758424907424,0.8572281369203065,-0.2945665777367677,0.4173247676180023,0.3969334585460986,-0.41058911099998746,1.114184221091943,-0.22494832663157205,-0.4217566200983072,-0.9170951059472295,0.7894090142887167,-0.415987984413993,1.456945913727878,0.336128057139065,0.9339534922500133
2025-07-03 12:18:04,1.3530458770529505,1.329817410511718,-0.4436604229998329,-1.1292619733916562,-1.563152105008675,2.2287792360064094,-0.038184922349770375,-1.6175359767196984,-0.8780505753759745,-1.257646742961646,-0.2316630990882708,-1.3477740490931782,-1.194174393788648,-0.03988042901001248,1.4189341696003903,-0.4075246719029355,-1.3858230762831882,0.7488047666754741,0.5058107619441137,1.6748063081019149,0.9540866307915166,-0.8031391404374084,-1.4503632372491093,-0.059652333807471355,-1.1299365710874583,1.1982629487964147,0.22417709419754972,-1.248389463204701,-0.6841631239749874,-0.2876114588195257,0.6186110677876535,-0.04618252719496815,0.005413571941415052,0.6631656942642693,0.3291338718552608,0.8353883003141196,0.39572110291450024,-0.02330518426999522,-1.360905021632289,0.29388783038582894,-0.027487304375101232,-0.9198339205696062,-0.035275052492393585,-0.1300736964932876,0.5516961435142677,0.2783943608286481,1.0514193465929866
2025-07-03 13:18:04,-1.076761674943239,-0.7203927842944465,0.35157713086200565,-0.9345898353234733,0.5031675387138898,-1.0021125934734982,0.03829049622615905,-0.031889745532145145,0.13015991071842398,0.8240909559428545,0.027270241999309688,-0.2865250157359835,2.4983897013281964,-0.35236494342519636,0.7277920516763295,-0.9212430256764131,-0.5887448426762204,-0.9421412880688148,-0.7275479510558919,-1.5765639975731136,2.1040336828199893,-1.0641240507385368,-0.032669590225923875,-1.0740881358639691,-0.2631404375425186,0.2376291562883866,-0.7820144602338462,-0.5042717438474608,1.4581331517974856,0.5494215397475695,1.4902482880581134,0.16891232025018224,-0.4015472629257039,0.745856877743079,0.5204442118206768,-0.33998320556790285,1.3833282465325338,0.4081434742388228,-0.5333411859093555,-0.771242990179587,-1.8631028428399572,0.025813621395559858,-1.0075002483301796,-0.46978747759284395,-1.6306573756630531,-0.355078996714606,2.8325311319457107
2025-07-03 14:18:04,-0.13147200707149784,0.020886231729787885,1.3691962668293773,1.7227126755014708,-1.4710075451434574,-0.5453973961628146,-1.9332059172915534,-1.5024517908997037,-0.2551620128459261,-0.7075716228526607,-0.6046760043233304,1.5500971246404194,0.9544794671771264,-0.2586238722656349,-0.20237236509630746,0.12869365961957477,-0.0893312446760625,0.267029536850185,0.2052589318155948,-1.69178981419615,0.6207706611173601,-2.3419643781660007,1.7031939983601248,0.5899066790502376,0.742684520329101,0.7938902355922342,1.3059025385314833,0.4092462952067098,-0.20802711038628055,0.3675628203476752,-0.6712750144583111,0.914816294686083,2.2333724212992374,0.8430645146728041,-0.3121161333877702,0.0827611698334073,-1.5429333983878097,-0.12794910717568908,0.8051314966609667,-1.4474038077942464,0.2212729048929567,0.4890779439570188,2.067567384230633,0.21732079113053385,1.3464373042859286,1.5493522101852506,-0.653558756042711
2025-07-03 15:18:04,-0.5628652549153477,-0.9388344694083077,0.6662565105173044,0.2497523638200449,0.35796722412217247,2.428184966042924,-0.26580443378934726,0.3969505069284418,0.07764368993883225,-1.7771642232356442,1.3114803168831517,-1.327450239300606,0.5418666773291964,-0.7767909709830969,-0.07860204874982636,0.21594697147742453,0.746940633730008,0.22603419235735792,0.03638826519429778,-1.0176917782828399,-0.4499110312592826,-0.4844526986539154,0.9125059364203664,-0.20892415708994774,0.6850238023970805,-1.3697815324297213,0.9857008338453386,0.5008337448549787,-0.7988305351501237,0.2031027585409178,1.4170682166038537,-1.1880446336892458,-0.2100516496254564,-1.3130333426035268,-1.4957352633380792,1.3097420712402041,0.2934099051769228,-1.1235206217376545,1.2849632779831275,0.1649387609894345,-2.420771127492792,0.791923612335759,0.23936696733671656,0.04577456842055484,-0.9660727274097186,1.032039613093683,0.6697280168706304
2025-07-03 16:18:04,-0.68179965931734,-0.3505455351899936,-0.9926258968396546,-0.39166525665204105,0.48354587923379994,-0.14243434548106862,0.25505577075496905,1.813298280082981,0.06738212170041745,0.7423337699156238,-1.3170954617742214,0.07885321958944871,0.7759114617611955,0.7844426429058154,-1.1388033465108054,1.2500512425108008,-1.6609996095995938,1.2026834609837496,0.06640120175449171,-0.2607668165351786,-1.1629799284697724,-0.281432056275478,0.6824742308814559,0.5677434917842266,0.8118596057884752,-1.328537006431534,-0.2989547476347698,-1.2272855340640263,-0.9365345886298091,0.5050986180186601,-0.7141679892956638,-1.0162291855889123,0.8425485477818647,-0.9226451274064942,0.08523218498692652,-0.24206958226526998,-0.6424655036459669,-0.2104538834062256,-2.2109133927203737,1.2144947355435396,0.17316215726365497,-0.4075085746211352,1.095010135050002,0.6729971796411687,0.7540584644503749,2.0689758616723313,-2.1890793562288677
2025-07-03 17:18:04,-0.06264722985752903,0.6564507606610196,0.7833723354350002,0.6923207423974668,-1.130474908176663,0.36092668520315585,1.0107421180124005,0.6629933741771673,-0.2574332329407236,0.3150482818552063,0.3756957424789533,1.4008944857045456,0.36547065982048,0.5678155025861307,-1.3198800115954874,-0.7179837170081373,0.49217683809196033,0.7992990653837653,-0.550005429590789,0.06621439388736299,-0.16754228135829333,-1.2604690230740327,0.6330274369836931,-0.06938558114178012,-0.0010279133215468747,-0.31472644388673016,0.43015651054799325,-1.1735618771494725,0.6670634346812432,-0.15988177102761153,-1.0953947188604503,-0.2900342556588451,1.0534357954818554,0.23954387192216373,-0.5275336342462588,-0.46607849323238043,0.10952076808831984,0.2305085517801598,0.7390005035983136,-0.8947588389413837,-1.5598769129740475,0.20981702475436842,-1.2960775645819036,0.36613334628704053,-0.40186632391711447,-1.1308097201875258,-0.2656368071902178
2025-07-03 18:18:04,-0.7915932941147859,1.27349022253196,-1.027533183522787,1.3513990117476318,-0.5819627323865468,0.559231043614824,0.8891664425172562,0.8896365265227825,-2.477749680405156,1.2667417717670468,-0.8979958384823808,-0.0395830506071181,0.7306577662581932,-0.3082887688072326,1.2741951655194141,-1.1788043306875609,1.5004742089970275,-1.462993146075035,0.3469705921303523,1.81341559714896,-0.35585368485813157,1.5518756903852513,0.13789885288645246,-0.5189255255127974,-0.31006689264719767,0.5022405560491259,-2.426173605902097,0.8182543419802595,-0.317045816186197,-0.4930870028394428,0.264216548465245,1.1434522766952697,0.7438010440582469,-0.33455662013960247,-0.5786908975389944,0.1686585782464062,-2.4696990474976253,-1.0115704106790828,-0.36315011700516564,-0.7898476905253599,0.08049146807679239,1.6135573800727676,0.5140560935229379,1.2423118061906475,-0.7658035513927173,-0.2593442182658793,0.4968986314054623
2025-07-03 19:18:04,-0.11488250880247709,0.19920252845697176,1.5312271062891882,1.2041357782244564,1.2327137403660517,-0.11048652567645585,-0.6131483876920399,0.5477760107097773,0.13731575481503366,0.05501380652927285,0.48689446614609555,0.669920670406544,0.6843944038652328,1.1946521459091417,0.11522846754866745,0.32646880304855674,0.19376611422917653,0.5730011931607794,-1.8058348250096024,-0.9219070881293006,0.8432676819519965,-0.759457413242064,-0.00545383681995012,0.058973635800232585,-0.6627607471247434,0.7667700412473114,0.5859685121823104,0.6752682080691209,-0.2347984631483127,-0.24026495401507666,-0.12637779700219248,0.3615300018821718,-2.006207181357336,1.1362157850585313,0.042062801354221246,-0.1372691125264919,0.4834685004554005,1.152079807206827,0.4349139532360525,-1.2414728399795976,0.6668129393284291,0.1236904390953274,0.5160370489114717,0.6596009892829321,0.9157629209478957,0.601385303410445,0.7136687364119892
2025-07-03 20:18:04,0.060679076570785695,1.512085648604265,0.3022571040767641,1.163869632230496,-0.34833974268371465,-1.1822157373525635,1.142376834517897,-0.7721743657167226,0.1760282793311619,1.2146706579872755,1.8777960581923234,2.0984389152294045,0.3118371326849766,-2.2977202233852094,0.3018456728244249,-0.6836612553238591,0.4323080768825894,-0.3400615903682906,0.3994615475572495,1.5047136330195143,-0.5801103905822428,-0.1283228886819816,-0.13880322765069644,-0.19900608811964066,0.1046709038746729,-0.2523572849010637,0.5781943811765308,1.1491850724475356,-1.5763396382335104,-0.6671569328371993,0.24286278450016308,0.2760153582744182,0.8663489093091921,-0.007956359595552276,-2.030450677814954,1.6778728804269678,1.2164456389940717,-0.7090478593480782,1.77314433913769,-0.04172938041897984,1.482389522777892,1.3650981464452356,-1.0222738951458246,0.6352959063306032,-0.6367903384314871,-2.689106138027924,1.2299254449518287
2025-07-03 21:18:04,0.74026901576225,-1.01725913705948,-0.18119479261454555,-2.028569456794363,-0.07179900295714767,-0.12962702417404612,0.6371398054871049,-1.7690112211038524,0.02426211981271729,1.499209231475365,0.9158228881002424,0.8345638116701232,-0.750250443876575,1.7304953817548328,0.26862550384426387,0.27742481767106214,1.5919463023261453,-0.5268215340028642,-0.6536349317795961,1.954334952657751,-0.6483205026040856,-1.1147826002229142,-0.8146743765125315,0.82444156288637,-0.2800604210814741,-0.15156246795538705,-0.6046364668076754,-1.6486405052392843,0.726897014546639,0.8076343093922329,-0.7767881482688873,0.07627869363632342,-1.2134526095947318,1.4113177554759497,0.6621200820518572,1.5182602543444046,0.39633646031713615,0.9849177974540834,-0.45673629979355446,-0.08834898136432263,-2.0407815209567852,1.5012818486120898,0.5052278273931107,0.3566253320663643,-1.3473058845207673,-0.6133215951933156,0.10459054635717326
2025-07-03 22:18:04,-0.14670732540248085,0.2341479782619327,0.27329028457988513,-0.4864472087096394,-1.588693118326095,-0.048078734556568345,0.5076835390182465,0.23558489201863747,0.7705104083407076,-0.04754066722542705,2.293015510459548,0.3007871645729953,0.6135985905131167,0.37791312046022435,-0.7165188534453169,-0.20481942389523494,0.8967936341716417,-1.5290407153554308,-0.5262374354005471,0.44842496078164346,-0.7132722111880574,0.3965229512614735,0.7552438455837538,-0.13670604765643285,-0.35667698057141417,-0.22312181758442007,-1.883475257084645,0.3071849527438763,-0.2781283628964704,0.10605742794810809,0.4324599311708157,0.014694865455597677,-0.3947320301034848,1.1298777090807335,-2.1505971418908323,1.2084312401672581,0.4673400322271807,0.7120730978468455,0.6776792523694505,0.3485469071092951,0.8209448197756866,-1.2496028812480546,2.2953307084190193,2.2547551915672917,-1.0173424501098318,-0.7464226782111492,-2.2690127859150095
2025-07-03 23:18:04,-0.2816437863943896,-0.3747081938361394,-0.6343808511183495,-0.7455139670638787,0.1652392085587667,0.16625599184601003,0.17185704320212403,0.14125872592651692,0.008331495996419724,-0.4174046191214299,-0.07152193997626302,1.3659939423759602,-0.20274928091530012,-0.2844963999926498,0.4119175021775024,-0.45367029409337706,2.950302085298401,1.4326995247076213,0.5053989689410407,-0.5243180959890926,-1.0856810230076397,-0.32197304772873503,-0.15426386493052763,0.16754436841967582,0.13178464708664858,0.164965817318824,-0.9667187895018661,0.023409722654845335,0.2184738561220781,1.0115137825823215,-0.3789532927644318,1.5138323169347283,-0.4347304877221075,-1.322183758491374,0.11447547598821098,-1.7883671816788407,-1.214101131529155,-0.5812415816083546,-1.7299479036258836,-0.46862414448791323,-0.4525841909937657,-0.6528043047045206,0.8281272056523347,-1.5215038848904567,1.184197033671213,0.9463049734441168,-0.2984848272332756
2025-07-04 00:18:04,0.16206340578416037,-0.10859207756298968,0.2366398388070319,-1.1017391611395269,-1.023208134462866,-0.6439187550505276,-1.419756073514146,0.18260473610214656,-0.009781136596838467,-1.0032854818242898,-0.2761320223771354,-1.8695879558907604,-0.4148804460638866,0.6130304962382092,-0.6681421415415821,1.3364638961295345,0.0594592176517826,0.9497449387478463,-0.8076826186736243,1.3711392845325578,0.8466630503317053,0.22334217709197368,1.7493441334338433,-1.5802616247074783,-0.3323401637749914,0.06551326674369565,-0.516801249518742,0.27337882094566535,-0.9896184749503094,0.8656123765645396,-0.6165590522941623,-0.15839676101461345,1.084733338704801,-1.2984519066559466,-3.1504336541720335,0.5715015657709546,-0.5006503155586821,1.2861982045979092,-1.3852490453918094,0.1589388239720679,0.19543141062813163,0.02327290037926728,0.7819754046593191,-2.098925206414624,0.43082362313183153,0.5989095965022572,0.6268042172369549
2025-07-04 01:18:04,0.032354326631093194,-0.30681061586855496,0.24880697683460193,3.0608878013138687,0.23940184795763816,-0.7188795396924078,-1.9408945235294377,-0.02822396925349474,0.746824044514425,0.7829066774045185,-1.0885567439566373,3.001113025278342,0.8228159836441006,-1.1640438902747114,-0.2954434324329778,-1.9273909095976574,0.34090639770800835,1.7576710076617905,1.1897397500044322,1.9496123338953408,1.7198992680050373,0.14439263493734306,-0.6595606424512721,1.372162586002634,0.6679810805538612,-1.2689405806467187,-0.20456628341532931,1.4457558870907103,-1.181991533592385,-1.0134499241826613,-0.25499219964949327,1.099348584051898,0.18769877789592654,-0.027098443611042786,-0.31785386696084655,-2.033846399163388,0.9149461246163555,0.5755273225153711,-0.10522692834132863,-0.025245195892763465,1.4012648104789025,-0.903305403601652,-1.1867323452775644,-0.4251252386814498,1.3437021895140444,-0.013806991162169735,0.5014864386874451
2025-07-04 02:18:04,-0.8109873793644522,-0.863590338061621,-0.23184641874123893,1.277088360332273,-0.17955111936076834,0.44785926331389564,1.0358315664507922,0.4065730148620842,-1.0680579478690542,-0.24099018574577374,-0.8453968884681736,-1.4628507671311068,0.5077003136580793,0.8503936932331045,-0.6798111458297489,-1.6007949413736118,0.17157266186006234,-1.2861741227640398,1.6506000367718294,0.31479751436607106,-0.18765575852591568,-1.5600409235513675,-1.8928202518094268,0.6236937037341983,0.14353115879823838,0.5121308188185603,0.6804304064294114,1.4119713877745754,1.5561200756670666,-0.6829537064376651,1.8917807046674826,0.33348712642567496,0.27801407528309613,0.738735782606949,0.00969251207610019,-0.7908077104186223,-1.18777591163383,-1.821838664074245,-2.3904454886999744,-0.2494501491395743,-0.5141114065052472,-0.7719899129122254,2.099931801921405,1.2270072908347298,-0.32836901569019483,-0.5936354494360133,-0.604383624030592
2025-07-04 03:18:04,-1.0247161123934088,0.6285418976727084,-0.4212495247111533,1.3811457699877472,-0.6033378051762189,1.3934081088181807,-0.4443093876751639,-0.8517718036616485,0.2638096766322763,-1.4386960592826787,1.57718658827875,-0.6511623788536036,-0.5504779309146886,3.3442316853435723,0.45126616190223745,0.20628697918564223,0.2489368045859603,-1.3796159468270905,-0.9897350226365325,-0.23170832461850774,0.12735658982971745,0.24487809996518717,1.444422236606773,-1.7202931915795416,0.29158406108630136,0.3805695883158076,-0.3366849941213566,-1.302464491387408,-0.41726456227752723,0.0013488090884178638,-1.0387096901052126,0.9408967198113789,0.7978915777491004,-1.3914599711360731,-2.1457443163835626,-0.9998203742851908,-1.74069804939347,0.9762387192767865,-0.3307784895786409,0.2661228909330299,2.0417071910648734,-0.2844549067732272,1.3364200281485923,0.96846341578065,1.0420036439111504,-0.17226547722042634,-2.0568523838936064
2025-07-04 04:18:04,-0.7376748587403358,-0.2570025307703837,0.5753587713474135,-1.1087439821784082,-0.5357583070735885,-1.2698619858120663,0.19243408599375644,-0.5348030385237519,-1.4835284001392013,0.11982016209794995,0.9878005801208692,0.7888971463714769,-1.9238024775215092,1.1634484810728118,-0.819535363681561,-1.3304371564636956,-0.3810115169743937,-1.5447320989275473,-0.579325460019358,0.3861396504622119,-0.34404970100522486,0.7370306460779453,0.9156226344283243,0.29189911130262586,0.25152633837757143,0.08166261938008101,0.20567874889876875,-0.8860645702919878,-1.4809247935863412,0.15651836502274882,-0.46428346237828233,0.9557543234004294,0.17938304304695749,-0.9510477619078016,0.6701264956134547,-2.3935251489459106,0.764770055236252,0.08411705091270552,0.2196679425024378,1.6420342308079947,-0.38413882456349124,-1.9359396486923865,-2.6295571691005506,-1.176305007505193,0.5134818322018473,-0.5848934309066102,-0.05549842959744769
2025-07-04 05:18:04,-0.21340640284000217,0.7714839418029692,0.6215546075506602,-0.7752564832037818,0.45007078946429496,-0.6643694404892652,0.499268351658956,-0.1184171826337233,0.28977271466657284,0.025663083249719363,-0.23782842464953638,-0.05178894629608763,-0.1011615077744174,0.40242859297421835,3.3348941922372632,0.31850492216657006,0.38746005538574835,-0.037587034964327075,-1.1861918283431008,0.976313431071859,0.5821355800537747,1.0490340568344623,2.4921902111518066,-1.6916415856254905,-0.2612615054299553,-0.06722321761448473,1.3417977684668865,0.9462587976193252,-1.5503276915543338,-2.058122004609803,-1.7828385927915766,-0.3486478238387729,0.37092864998893504,-0.7601658385853964,-0.9359653347193347,-0.5867253185818444,1.4452597117893127,-0.22336900145233218,-0.4545999776956887,-0.34660590532570285,0.057093663066663754,2.487732090804897,1.4455272708834204,-0.5487467165609997,0.7631547299975764,0.973277583702981,-0.5782858812274408
2025-07-04 06:18:04,-1.6440569476257794,1.1843344417247674,0.5876601150198196,0.061215824712406955,-0.28744512178046633,1.352140481958961,1.5146216310586826,1.0936528779666244,0.08791386126045568,-0.19824550057888876,1.0652747680368806,0.045593608034068846,1.6459709565457035,-0.07348316274369167,-2.2937123994117044,0.1618953916669016,-0.656849795814819,0.5901121181378371,0.6719086209475842,-1.1626475010515263,0.9633545755036883,1.6095897194089277,0.6562236636223011,-0.23126222726926718,0.34246739502932433,1.48697271777537,0.7063461679081565,-1.1376486235995324,-0.8006798043849291,-0.42207341142815047,0.7235102714366407,-0.3501089876587222,-0.3572703594870177,1.015512019987778,-0.04494293974713186,-2.2082431544881924,0.24968800914744782,-2.0669843664104994,-2.1793222519684514,-1.1016601527872731,-1.3824040491128082,-0.035465175534938685,-1.2421661733795808,-0.9798363464949997,-1.6139708015264682,-0.8769701302465915,2.5818207100619137
2025-07-04 07:18:04,-0.8501051566342814,0.17261415306014158,-0.03917087000922695,-0.6859637246210348,1.6574005701118117,1.7677300317753142,-0.10012134899612543,-0.32759721996490115,2.4961908826509718,-0.7440066011991776,1.4435032482469645,-0.9103079017462994,-1.1572698009605353,-0.8582740848792036,-0.26653733022442117,0.12541751298932297,1.2601426424477982,0.3439436953142565,-2.075728783528498,-0.08747497473414031,1.2279105167196367,0.6077057574017716,0.014956810583158387,-1.2130783362504949,0.0005194594313853049,-0.4325976514902745,-1.0764980129780495,1.7676104138648416,-2.036299308250239,-2.27622273821154,0.6540696643495654,1.55347766233001,0.7214328873244762,-0.5019280387058813,0.554982855018302,1.1373993314516764,-1.3784171679006774,0.7529349797831172,1.0901000649387966,-0.5666847632816214,-0.0588552667257645,-0.6930209401871004,0.8051775545351931,-0.4367175313909955,-1.4532786150570476,-0.5816976890368966,-2.085891348740417
2025-07-04 08:18:04,-1.7232364245132112,1.9909794638816622,-0.10572569368065478,0.21098826771397347,-2.0623797209879893,-0.023197594201241935,2.0120314789628893,-0.2758619558750772,-0.34260819643971824,-0.4055122967345105,0.3775577576827101,0.08528154094370836,1.1122221397922918,-0.971850091264715,-0.36172908946584303,-0.6912104675803308,0.45133708416132445,0.8347356494285919,0.9935665022089845,0.4970574208159633,-1.7213370025285648,-1.1091079983524907,-2.2244648925035233,0.29266710119940664,-1.0247110398358312,-0.20791919327729602,0.7294938801438443,1.1231334291274315,-0.7578041395612645,0.06922063050724755,0.5171276468838613,-1.585190318343773,-0.5177372809010388,-0.11483409721901221,0.27573591233317785,-2.0099494061813745,-0.6908629536237348,-0.9211649090175232,0.18509895301123394,-1.2592266217397077,-1.0569846552281992,1.6797100355785561,-0.39030752284837783,1.249585015992236,-0.23845230045502325,0.02078315339361804,0.23401017299122293
2025-07-04 09:18:04,0.9492619263882462,0.031335683709794324,1.209876351741371,-0.4333793784374474,0.28399386763851997,0.4127734282272349,1.6084405512582463,0.8000141220949398,0.3531527454971029,0.588072643954075,-0.5551052852126581,0.13056361397663374,0.7105958216753088,-0.7246875177794883,-0.5144410088130257,-0.7708733294481204,1.1279567291644448,0.2988568799014043,-0.44565857435596873,0.37166690133382935,-0.4284830405462709,1.186523113513853,0.044825256777219345,-0.4035512347608562,-0.7183547518354698,-1.0729838971977526,-0.32136336563707274,-0.9099284888889478,-0.15814292871385136,1.4525509335938653,1.13113913354549,2.6447565801788815,0.5189683824022978,1.1370271050634568,0.7923885787523255,0.42143187165770585,-0.6675697922996692,-1.137820706452832,0.08946133449517718,-0.31210199396978494,-0.7915033429159269,0.11363750118913835,1.466770694607323,-1.5961919697440081,0.7706451733603559,-1.6388538311883483,1.1414649617733976
2025-07-04 10:18:04,1.2227848439728741,0.4563379977267008,-0.6828307649667789,-0.10091073320607369,0.5600032655813989,1.1123433139015841,1.3654504397433793,-0.5171642824248526,1.178597242917544,0.0599070221293278,1.317964442850195,-0.9395705132743127,-0.4528645287497502,0.1087842114181815,-0.02215162067490425,0.10831795967368467,0.07096913449625451,0.5703556943610449,0.09005841041449641,0.785876876020113,-0.8690515649427677,0.021916365339455283,-0.5863631393625682,-0.278177287869072,0.17481921930138353,1.4635627083368148,1.7710917903224523,-1.717111181212657,1.8927592534183462,0.5878395692647413,-1.1502819165584397,-1.2686957638591814,-0.008216922391859274,0.7695968275639735,0.8120913914406991,1.4705533664270805,0.46486437162879046,0.7697667643372609,-0.9866441592825455,-0.5711045024319578,-0.5600383897876571,0.21020234348840716,1.9698712436671568,1.2062271117513128,0.6710835949032297,0.7525007535529797,0.42289090597837636
2025-07-04 11:18:04,-0.21869584670290979,-0.2785058152325592,0.007656146434020059,-1.394636578119149,-1.1889204730834972,-0.32424398030384094,0.2185087393908886,0.1189028053617731,-0.5014300591065766,0.7265576145354197,0.4970552105137968,-0.3868073570471954,-0.42487863633884326,0.6889766100780226,1.1952984829637832,-0.06368826804472767,0.11130339027055648,-0.1707271137120175,0.9942516944636505,-0.020168631498947362,-0.8626365889021869,-1.0194205290313751,-0.1142001997836566,-0.7929454508649545,-0.6288351636128928,0.6158620094488525,0.18829543923784703,-2.323166682280759,-0.9772857505799678,1.374405279056884,-1.7433654319488896,0.7011957632699696,1.2291305350430461,-1.1811100904779517,-2.809860883898147,1.8390912088148403,-1.2388528926612932,-1.3964065406491442,-1.358618046411491,-0.4138425304847109,0.4822332062580282,-1.768435952378915,0.9426706092193106,0.8986175685835763,-0.8835830701189622,-0.22475729176748682,0.04386961122364625
2025-07-04 12:18:04,1.4533550214513686,-0.8610740337214853,-1.3698878340485712,-0.9876626994278623,0.2760039171084847,-0.07801720489095305,0.20916855382446095,-0.31766725977245913,0.559634512959612,1.2074333293281454,-0.6160470707814483,0.7904328748020044,-0.06488671567961267,0.11090306654674055,-0.08578018259400179,1.1777109979290434,-0.7864468752404353,-0.3391058264630527,-0.8314651674050809,-1.396451991594184,-1.4131539918564437,-0.9707572573583998,0.6327870629375842,0.8004036376845591,2.194045655181626,-0.3066947704509657,-0.44336634059645474,-0.28361175813431116,0.35386208980172684,0.3886575709170642,-0.16859706388970602,0.47295531150838865,-1.4844967758087808,-1.28380161159346,-1.7897944538767108,0.7217519023461798,-0.4311464048726377,-0.08827005240540878,-0.20918220209747954,-0.9704644913064114,-0.32964983655969143,-0.5646814476243363,-1.841753915305358,-1.5399081990530068,-1.2551329372120459,-2.223314552191291,0.6170571888250336
2025-07-04 13:18:04,-0.526510858891449,-0.8991250991564325,0.030918853371488798,0.9333769069271279,-1.2324045275327846,-1.031893061947989,-1.3231043313151678,0.9166038052578929,1.2735816911470368,0.00874025711062589,-0.11035989059949064,-1.0121750654128625,0.7138873352819022,-1.3467954489921203,-0.18616505388076038,0.8473308133192284,2.383203638862628,0.8525885191250883,0.4675086006537525,0.5232935454299469,-0.6884830749632083,0.05040883486202665,1.4199556310528967,0.6388763285857634,-1.0598434500725242,2.6972470086909732,0.7972904368095981,-0.9653101890141476,-1.5943634760100744,0.6993301751812695,-0.9812422914552343,-0.13454566038928112,-0.35970879573110787,-0.2942048042288625,0.20906353098373018,-1.6231628036391084,0.8544057338627478,0.33675815261248765,-0.1468735840691363,0.3064948414130506,-0.6802418937436048,-0.5718775124184262,-2.736670449959338,-1.0690620651933676,0.22418511303754582,-1.053633147666164,-0.920634843562668
2025-07-04 14:18:04,0.16627120084406097,-2.4690797749439644,-0.7532024038503069,1.8214761835411697,-0.6100984742222912,-0.42599338708386625,-0.05284135154161772,-0.10254746827303007,1.2134203085126842,0.9557751321896746,-0.037431709554560086,0.7138060942249702,-0.11954236037910654,-0.3697361482474657,0.7785402588072065,-0.48514068045121983,0.4358726091366943,-0.19218321132233035,0.09856747948290064,1.3044152071473376,0.5961670414173939,-1.9186934818419663,0.6132551750648302,-0.20293280109444062,2.9810816006926952,0.8201243611228636,0.6148322505812807,-0.29834204131351083,1.2102982464792351,-0.7192903713758892,1.7781127746181622,1.622240765482664,-1.7990642656119724,-1.7659490963918987,-1.5762627389357862,0.43353860388027765,-0.7504468603689706,0.24508175007362631,2.3154945848522415,2.0084619114577147,-1.0361112677121045,0.9637264910442943,-0.3741325202811873,1.2868738980259875,-0.5547365280302421,-0.9063332510729541,1.3340722984365356
2025-07-04 15:18:04,1.0997180751451798,-0.29739661143192053,1.3661471251942028,-0.46026688906563207,-1.2480685646003893,-0.6323951600816047,-0.3482077851105531,-0.058172798590120894,1.1994006896760203,-1.1984800395951227,0.44873328315499295,-1.0642089310407852,-0.6999297109651542,0.18459560021826893,-0.06256266270135068,0.7942881994665493,-0.6296555795732108,-0.9444354395160112,1.0061081223471995,1.3987381133056507,1.6821914630806798,1.1880356982107643,0.922197064755055,1.483191952614904,-1.0296089234483707,1.4045752990875469,-0.46446282689658097,-0.915590543565406,-0.4517654582718476,-1.1236254559519097,1.0878826697761652,1.0354820032654908,-0.15729595084825665,-0.3629357035952405,-1.6246766561040016,0.40274199405308125,0.5195928780196107,1.0067604883255863,-0.319001435629501,-1.4471544989554415,0.23971634793202212,0.9996150857825741,-0.31123650317210816,-0.30462684717941135,1.4575318131998496,0.06277376845387303,-1.2409058945058529
2025-07-04 16:18:04,0.621438958051164,-0.07976892944497747,0.265488680681499,-0.7929999804024265,-1.5331020874060837,-0.45748884053911776,-0.35071092606009885,0.3762190295814761,-1.670726643370237,0.9605845438782217,1.0341877271238165,0.6049079655719463,0.12381601220315115,0.08565541577320111,0.6204663257392501,1.3849931181658557,0.33685911693716514,0.1531142854551513,0.06413030225134325,0.8796162466259274,-1.5807434268507554,0.6634067626021293,-0.6313407179654019,-0.7511339060631035,0.10021203655425358,-1.624928975165996,0.3254047730912178,0.4761040229772409,-1.944537108900984,-0.9898644241160446,0.11541295487214481,-0.4682294993835264,0.8730554566892208,-0.12321365650185605,-0.5758559012539052,-0.2009263833909947,0.7487244491364938,0.14497106767531653,0.9455759200461397,-0.445488303986487,-0.16210284069290307,-0.19575386926480348,0.07925983305070186,0.5085748633299948,1.6089166867492137,0.8230507215143075,0.43282064257692615
2025-07-04 17:18:04,-0.034907519568116774,-0.35991627634960977,-0.05174813079191147,0.8330357851380856,-0.4864133580717275,-0.027254254521438454,-0.7081060973777046,0.05085642303436548,0.9615201004598142,-0.9810867676740672,-1.8924189243232694,0.44173629279839194,-0.11444836702657496,0.41056369620806277,-0.9015015857985091,-0.6841237278017246,1.1956650347061801,-2.1659148521543696,0.9309571196241743,0.8246143702458052,1.8536206075453965,-0.052539533561890464,0.5871611423294526,1.224185746735993,0.08946612031157318,-1.7913061355662963,-0.8354579426085488,0.6612865522362151,0.35615766864796555,0.3135593358351707,-0.5255966994850869,0.03534539494389972,0.9716714441556176,1.359105857466532,1.5236005179640708,-0.25941492020027374,-0.08206418869352139,0.5874951252707672,-1.2409700931070153,1.2928377574459318,-0.5384875773730645,-0.9560153146022276,-0.12014155555734576,0.2441520197493489,-0.11727659650099792,0.7812398358474322,-2.4026084922874547
2025-07-04 18:18:04,0.11441449017264485,0.5512581725627606,-0.365111377148857,0.7097934630229275,0.21213323252357263,0.06267101476961384,-0.23759031148851031,1.6564267505897645,-0.8844899209953764,0.7399551627096147,-0.4587448624397227,0.004548012818798436,0.3563574385185406,-1.1131267700357685,-0.14161121481819952,0.8987281913244622,-0.43058387772148865,0.8734337092084642,-1.5441097002942834,0.612000448537736,0.6234540842559236,0.012271617433814384,-0.4270728672480002,-0.5150820838030545,-2.452369475345679,-1.1426080557180522,0.7773054230663761,0.013045666415236122,-1.2321070448458409,0.6577436100855325,-1.4968083855657681,1.1929758884037527,-1.761221322376793,-1.2277605183483034,-2.010422488664088,0.7875745283474229,-0.14593680416828805,0.8951696860507149,0.6871751636512632,1.0229141908698989,0.6185697326925911,0.4810703454656784,-0.251961664742662,-1.019742130514848,0.6223222727299118,-0.9492778758822905,-0.7592699911440762
2025-07-04 19:18:04,0.44791312736407823,1.8071756870152786,0.3339184935513969,0.6479347702399373,1.7244488948050942,-0.06197615811760986,-0.8798331886479993,-1.0130452622148998,0.41685633249317017,0.5191284088451754,0.16908862969535923,0.5752645968969227,-0.7063133438977097,-1.6855813679658442,-1.6595249383425914,-1.4130685620712702,-0.34557829089733677,1.6389824024742932,-0.4691467568891133,-2.197572301978322,0.015462341590093766,-1.0983516944999767,1.5757775330432855,-0.11793570389878964,-1.3632137982803998,-0.5864868107946929,0.8343980433647824,2.6670237445928158,-2.092521173762597,-0.5417033644937977,0.7662777529412627,-0.597294658280314,0.6428992974049599,-0.4240401615796445,-0.5037792681068695,1.1286312149048596,-0.1075738488418045,2.09293334792572,-0.97639016536843,-0.36252220373987304,0.24110202235119835,-0.9500422925292937,-0.7896049731241824,-0.607855343703557,-1.1370635175229646,-1.1914472858513596,1.2050371428445557
2025-07-04 20:18:04,-0.52090292291664,0.9913394203769592,0.538339081478641,-0.8250726956760018,0.5915168482824451,-0.35935287977431185,-0.4410311224505626,0.5129740376927334,0.20182419723112735,-0.20903042118232215,0.04443293879122355,-1.7082063532944245,1.033520279519849,-0.01180279630902263,0.012156264043701357,-1.32381148005845,-0.25324499366148673,-1.9146861080186464,-1.5142291350992994,-1.3200074110127467,0.871954598677808,0.8108497883731515,0.46475741642822915,-0.07804460058439608,1.5790589677443447,-1.0205197731442242,1.4792731508040609,0.5792451476310456,-0.1692486200305514,1.6921184737195358,-0.6523524282151825,-0.9267573714306232,1.9877520392409855,0.8618056050645124,-0.00010956052455008677,1.4351359899775729,-0.44415097221663435,0.07744686096951275,1.867243440971919,-0.45015455878982974,-1.2663304955518921,1.0620982929207532,-1.590767609606642,-0.4917223996808439,1.037111138387385,0.6783686620404634,-0.08550469276295804
2025-07-04 21:18:04,0.06616999820706598,-0.30894047154559046,-0.5790658667942264,-0.4915583164990253,0.8015179103287894,-0.05056114569057309,-0.2627809032834837,-0.3125162520225714,-0.8741770126115471,-0.22822257526082676,-0.1558130699509926,0.28532963439871484,0.3047425971926018,-2.376894462188032,-0.33150195218172784,-0.005560964990460979,-0.06981414556375859,-1.8553977200586258,1.0306999559777963,1.76732759738487,0.42566921850962613,-0.7567517439834495,-0.32125888621124765,-0.4696693874132675,-0.23112519850719196,0.7393476990083971,0.5297429092535421,0.07592142717588125,-1.3509969228588539,0.020399898009901756,-0.4904553912534421,0.2135383318211861,-0.028529889557284544,-1.3692668565308272,-0.2509914224333915,-1.3994170975667282,0.06145491374180642,-0.7244022215635121,-0.04438189664573043,1.7535872309105607,-0.40195281905583596,0.8180404483530505,-0.0017501689543674074,1.1981613661702017,0.8423528158150151,0.7499034317463888,0.2934466462121241
2025-07-04 22:18:04,-1.4871988263983111,0.3660668257021097,-2.1834105067870015,0.664601847999811,0.4392040592010469,0.5595430900310063,2.214400528776133,-0.22719304202995128,1.6181162783204304,-2.000414526379737,0.5862234784957112,1.1886160165961577,-0.7356257595209659,-1.3709569646523814,-1.3484671676452546,1.8252140499259963,0.8632930077516309,-0.6989196171285943,-0.5584609182738632,0.3442259759061975,-1.8726210916587611,1.0963496678508944,-1.2510366439265126,1.5043388855381241,1.7961758581345992,0.46427653115022144,-1.098634528300633,0.6301141898290431,0.4581721363022114,-0.5094070866194637,-0.5429714962596217,-1.905316868147269,1.114627265518371,0.8485182935387082,-0.8284220146217416,0.27755097624415326,1.9806501560429666,-0.12867767625781798,0.028594640248460226,-0.8297339582500122,-1.0577683639529236,-0.5755273093856059,-0.5114180122389441,-1.162627591450283,-1.9614933491333577,0.6624352127971225,-0.9676967236917591
2025-07-04 23:18:04,1.3289049470058663,-1.655028743316442,0.3491566537959864,-1.1577506097366856,0.7332027807117968,-1.4027015197309805,0.8683316195094727,-0.5150635478077946,-0.10392189362800867,-0.1487872150442802,0.9681584349723166,-0.23492507718340352,0.8629326877332874,-0.22579625933959024,-0.006749506141694265,-0.2181940910500653,2.1756998469149296,-0.7428572539142608,0.10929211626387303,-0.14054620936330542,-1.2696803753405927,1.0959811402686936,-0.7006786464990207,0.45195879150789975,1.3337161673547768,-0.17934503694303108,-1.5362533960147517,-0.23155200413197696,-0.11541691254045879,-0.5338300616528305,0.2218310521583206,0.9509362544296174,-0.13083886600360597,-0.6730470753648243,-0.5012108613662171,0.3947392364682042,1.1744543369730824,1.4924508744379243,0.7045252442565797,0.7730326547716143,-1.0697249823772383,-1.2081576872661477,0.04991167663128089,-1.3877973547106452,-0.9932328494441203,-1.0245223354277873,-1.64231931760335
2025-07-07 00:18:04,-0.4141595243999644,-0.624055213304584,-1.4481675586398919,0.4101870608500281,1.4748859855570424,0.6407255051191391,0.12150655589625127,0.6406001369487975,0.7667870006611218,-0.9072093073968129,-0.14196525310586988,0.9040834932240422,-0.28993898392499684,-0.5199067376348829,-0.5973479509582598,-0.29584557505183817,0.28735347469727407,-0.8582132649082341,0.5490016857048874,0.4490253189621139,-0.4728603363600234,-0.19271278133828212,0.9564058910656087,-0.9447053359659596,0.5733995816666043,-1.147735571825976,-1.7389805173243922,0.6647084415732514,-0.33542853364928543,-1.8233247752768584,-0.5845012256143709,-0.8026603361288485,-2.20318028260047,2.7693742899277356,-0.5798151807782046,-0.089899270863446,1.168236285893013,0.25126140354101056,-1.1852358999867174,1.288366960562087,-1.1394732504902563,0.21023933821854895,1.2971709587851827,1.118961977380702,1.7764509238355624,-1.8983800725735067,0.13370044896377414
2025-07-07 01:18:04,1.8959763164961831,-0.048679821994381534,-1.3340450274799163,0.1907681026521269,0.7990532071845453,-0.7742095648021724,0.3776093299787839,-1.8781425270942111,-0.2529341621689874,1.6625404458614261,-0.17786524617689337,0.14252368461328185,-0.4641773923467359,-0.16250045552121176,0.4184697733070307,-0.37086599617954313,-0.13001847805018546,1.1578768288297574,1.2372022732939412,0.763479460034638,-0.0337807656530577,-0.17432422806756712,0.42435404780561375,1.3702827572242053,-0.4719919366984417,-1.1487596996150613,0.31654113251681715,-0.7343043811327068,0.26124804218415165,1.2622319924421042,1.270129997242038,-0.17983083681077613,0.8914393693206372,0.6046704759304175,-1.4575609855391296,0.6818610040802799,-0.5570983042932246,-1.074633084170134,-0.40437102988641294,-0.008406421838113513,-0.3434198825043926,-0.7494155341560975,0.8154294691726588,-1.0552336933622672,-0.1830520333995836,0.45041000346440885,-0.6131763748713855
2025-07-07 02:18:04,2.0707775336590646,-0.33872936570691875,-0.5745523705449195,-0.46001405590507227,-0.33597434200773674,0.550024874969791,1.172266667443308,1.545848086696771,1.0159420782326825,-0.14129127592588772,-1.7542736616889445,0.35075559617947205,1.8103270946970225,0.49116253685120825,-0.3268817978031072,0.06754909013964394,0.9845898784447533,0.23904759844834614,0.42258737904042964,1.1634455307157041,0.3564799359348422,-0.18055393465205855,-1.4915455125941492,-0.2753541191360585,0.9696314632129063,0.22726383335494527,-1.031537736511533,0.5619770023429396,-0.3604906810729071,-0.8587680237962646,0.4728400976956174,1.1010157648329242,1.7691574505915446,0.6776390436909726,-0.9637998608037763,0.9860423341182021,1.5104870975131985,0.43340112328098784,-0.23689472135146003,0.5968276699731968,-1.2407157406819291,-0.9174391171501513,1.5976327568453892,0.5568966606915406,0.7473932979088619,-0.11637576802963395,-1.6778620530861668
2025-07-07 03:18:04,-0.4300327624483033,-1.3281261263415556,-2.3308213784772027,1.5167606124672892,-2.232081629978644,1.4344846396508777,0.10255594430865463,-1.0446457014348844,0.8342125000865283,-0.7474441837281421,0.38879716502838463,0.1734026822417766,-0.5119202031334549,0.3718818442381106,0.19410599483097063,0.5307271009724268,-0.540920191884248,-1.7734427726474866,1.3926335420143425,0.3734848092752922,0.12256737848196235,0.10345398932914143,1.1006089958700505,0.4561022133906243,-0.9699304071975825,1.2216360475259624,-1.2832116348866003,1.120268868072368,-0.2856672842295738,0.629382859576248,1.9392187137622583,0.8681115538460289,0.023177189053565597,-0.16429949931741636,0.24637001544278808,0.14137652174734058,0.4934327652114852,-0.08050574513924572,-0.6349738475972039,0.031572899811074334,0.4714615629624013,1.0921641436802634,-1.477555780891899,-0.6932088122969996,-0.7673426600335003,-0.9462125631103112,-0.05364517405102634
2025-07-07 04:18:04,-0.7469870185413048,-1.0793311355576376,-0.02712542906004608,0.34715896726757484,0.7164066275665448,1.5696336406884535,0.9647304659450927,0.2966228319856623,-1.4073116851323575,1.4971247828050853,0.3482668248182151,0.7245044444660192,0.9171073284099772,-0.9315202493157803,0.4089487905682212,1.047283075863632,-0.471373708894558,-0.12024858213480479,0.28883257284863567,0.6009895803111523,-2.6185079537496314,-0.8520827091209211,-1.0294747155471475,0.16833788060121543,-0.1274765856655494,1.3802456549786224,0.10337355119641312,-0.5025141195529729,-0.5629671335863106,0.3003319822622117,0.12890897326467518,-1.8366046737276989,0.44940651452263697,-1.7271534050054587,-0.1602472893003742,0.9797656757843604,-0.5669543846273118,0.5721465697097002,1.2974379770325388,0.8313606755072968,1.2421905617974562,0.34529151526938634,0.33621012523103877,-1.820522218584693,0.5176215573036932,-0.5138473279056051,0.8455988572962818
2025-07-07 05:18:04,-0.7768883582306175,-0.7761644495186899,1.9613252505102843,0.39366418950002996,-0.341039725466375,-0.1469283348677209,-0.014116685573263777,-0.6040021827857649,1.008639920089322,0.7975219697035519,-1.7722676857959927,0.18585070165412423,-1.277900915282481,-0.07231526791083528,-0.8838675861018973,0.6485460002276955,0.673184062185043,0.10307865681916759,-0.5596036082485832,-0.323437577883181,-0.3614289665806089,-0.7513729527728912,0.7474498236054183,-0.3205563442969084,0.4705181210449575,-1.2923867927430313,-0.5156063708921491,1.3930520439715908,-2.82435455667368,0.9283267702934066,0.42181422530587537,-0.8387151049720402,-0.47742923847218116,-0.6712187012898314,0.6032023278776487,0.26598923427843757,0.349908754750937,1.51421697665049,-1.4796321820933662,-0.8128266101164551,0.5670922353786797,0.9897905772949229,0.3100381117001387,-0.6900027803592718,0.9602683630208618,0.3345982996537617,0.27632135351206816
2025-07-07 06:18:04,-0.8814838959298922,1.5902362933678256,-0.5282476296430481,1.1842357827224121,-0.09865538788102346,-0.5714957901547939,-1.1676527453098988,1.5351232798132468,-1.1772349186517022,1.8543094843325827,0.9984065974511311,1.8410481195188444,-0.004368647654289479,0.4831147037960996,-0.3893658889603165,-0.9832140264790652,-0.004168463256426554,-1.1039967560528727,-0.3981908990384773,-0.32421644501116403,-0.9909016666920472,-0.9649849472422397,0.020171960173203617,1.9498387353364721,1.3265270555399256,-0.7351954245105673,-0.4089745734497728,-0.4898615630543277,-1.0905765214516416,0.5102527081495938,-0.5095087617137164,0.3153295032169195,-0.3407543864344018,1.244330102762074,-1.1246973147755457,-0.29726127295788074,-1.0643989681575936,0.7560575674189415,-1.1104347212894032,0.8665947340342954,1.1193930199178792,-0.3043103631223334,-2.2963820362051295,1.642780421797433,1.203053994052955,0.6987952511214142,2.2498039337806977
2025-07-07 07:18:04,-0.23595742179251986,0.05770188360756167,0.3817341892329556,-0.15356831851355096,-0.39376349639064384,-0.09253734630984713,-0.24739925679046437,0.269900257030065,0.29385878156865003,-1.2537610062889384,2.2255356973465212,-0.27136589796790794,0.03278650574900065,-0.14693315276372976,-0.5019743210533815,-0.2827648796190725,0.7387463090523992,-0.8152633518841792,0.12987481400230483,-1.9688160626747675,-2.59954188131452,-1.3113029119912099,1.8917610787965944,0.9626202624995793,-1.0022857656687867,1.5205730913472562,0.547932091196597,0.7193824104542768,-0.6590466026204153,0.4457259724568422,-0.31793078164937943,0.37379326691197784,0.08025782017590352,-0.0329419236214508,-0.2738766677222741,-0.1764256354226856,-0.83716849040486,-0.15261289236909759,-0.1626216603003525,-0.6477228154231847,-0.6985815591436294,-0.011449867311674244,-0.13634932765059934,-1.4340054827220503,1.2007439054075832,-0.43101879666659265,0.7883090745016493
2025-07-07 08:18:04,0.2235675729568236,0.6518432082434856,-0.24567215567283954,-0.5222137256672312,0.27979952068709163,-0.4042030236343321,-0.6906102707186726,0.4722733697400303,0.49452716109675376,-1.214625957567031,0.1777504778059489,-0.7764364911944143,-0.6109138487461506,0.6007606441951502,-0.3855061348291793,0.8763181088629712,0.013062419371791945,-0.4234496343909173,1.7201384039117609,-1.4316881318373913,0.6980554912758721,2.301421905169778,-1.6279815314318515,-0.520672005700239,-0.08361765743658782,0.4546883301963438,1.1284001561839772,-0.7720570083403013,-1.4960807643070795,0.37208377825456124,-1.3951956724023846,0.0980146914284346,-0.52102461862964,-0.003897741570078468,-0.39560693294227905,0.9079022106117761,1.3264207981591363,0.027798774276896733,0.6397371543533821,0.039966232398300355,1.0207194154602848,0.26340475060633184,-1.1420636682797565,-0.5579821320353621,-1.635148422699239,-0.6947254749351369,-0.6996575048886707
2025-07-07 09:18:04,-0.463330775661192,2.113035138446749,1.1257959407231706,-0.4458680019278179,-1.6790386428473167,-0.5397492016984803,-0.9802741338674218,-0.22706725840663072,0.6834510464405511,-0.4962928119658304,-1.575092509569209,-1.9980449041330275,-1.8851982762909263,-0.6424705596583671,-1.7107982045779389,-0.9779903297446333,-0.29752971890356295,-0.5303936871954432,0.6792638002512721,1.5498137645633705,0.21702185597688656,-0.0977161825304031,-0.34474219058807065,1.0706544011917598,-1.7967211286179752,-0.2458366613703735,-1.490088835059439,-0.8327080834341878,1.2687287992858314,-0.9558794406716965,-2.109281605992312,-0.8662964883648201,2.085004756417684,-0.5780372429327469,0.7611556173397807,0.966792435865244,0.05471745333383852,0.2856359215720225,0.20900118250695893,-0.015705329172301562,-0.3677984288452169,-2.251361819243075,0.6500253071287444,0.29732821845363017,-1.5873711339386904,-0.6167036108417201,1.2001850428044802
2025-07-07 10:18:04,-0.12100191303650111,-0.9019104169044375,-0.5471281432391545,1.5220726568910208,-1.3800936567435498,0.46395966624577517,-0.47836249319229335,-1.47926785009869,0.14822955964869833,-0.4666288250769904,-2.3899434896518956,1.3540313483641189,-0.31242948858051184,-0.9489562447813891,-1.0606850398964327,0.14347778886262655,0.6032511088703191,-1.9294481089284081,0.5472918490511582,0.7177126790329937,0.2029018026034612,0.1544117940024954,0.49360815951764614,0.7570531317824711,2.057286769230464,0.789151121945902,-0.5721788682098992,0.8266213297099435,-0.02924605968147085,-0.34759885277324293,1.6108879518276242,-0.32138347374303605,-0.32284836453231625,-1.3280880458476376,0.4010158373655803,-0.10835075140772794,1.381812854945105,-0.8838412167753321,-1.4559556197600636,-0.6472062044223662,-0.3790414747110472,-1.4623591178225488,0.24355078601545363,0.13109171260065766,0.2584885231121435,-0.8363370887108939,2.280487652874302
2025-07-07 11:18:04,0.12415154502207007,-0.03394820999373395,0.3725961721660483,-1.4790213662210656,-0.1445213235784526,-0.09770135156549924,-1.0016825347509972,0.42663764751434363,-0.1501844132365479,-1.6570287125328544,-0.16678807079657662,-0.9092620498251833,0.3013040002877724,0.025373259826975282,0.20475733052605197,-0.16476265252297081,0.14986242550870052,-0.33111832085391557,-1.0197734534629166,0.4579172359337783,0.8469266119546911,-0.36731962789552164,0.9630653057011535,2.2216893132189717,0.9077887213000527,1.0670496640829878,-1.0732793527614772,-0.1986643384533428,0.8553056455596703,0.07507382244795846,0.08952895733770583,-0.9454168871786001,1.190587188195351,-0.4039607679401564,0.03300820797967541,-0.19569655875880604,0.1712520829505888,-1.532146748054435,0.8457420606416395,-0.12383945718979389,-1.2556370519501563,0.29336560625405167,0.26484066571591564,0.44627414558325457,2.641812173504311,-0.51499827513213,-0.8458927913408245
2025-07-07 12:18:04,-0.5633487233577336,0.061866112699254336,-0.7474197416972262,0.502400863014664,-0.15648461234119146,0.3282557215147316,0.8340642979976106,-0.16055173469640813,-0.06234277293011508,0.38810763272643695,-1.4793074351542976,1.0896789789622694,-0.13386046905666113,1.4191188029741033,0.9116575606720867,0.26451519592907063,0.26426879172679363,-0.10350618996079426,0.41608994950023687,-1.9734910728884842,0.35686939074030066,1.5960757121170364,0.15055678485882462,0.9065164372326753,1.21248475956123,1.0259073323230863,-1.2882558535821345,0.8467776467398224,-0.17553074496660978,0.016723539929789057,-0.885428570267536,0.8089666719748592,0.19799676292354332,-0.07220894817299583,1.043754354325305,0.5681547556337373,-0.5954631418324767,1.1512527179355865,-1.005316295972057,-1.0753765902335857,0.7620345842320243,-1.1380848503137653,1.9010617577131048,-0.20711602403399917,-0.8443117610687524,0.22704604620524516,-0.5558777205057472
2025-07-07 13:18:04,1.0660223506987725,-0.8681735626198953,-0.8602988038126662,0.41204979371947925,0.10061556642730259,-0.5407750615287902,1.204322871502277,-1.47826138638716,1.06035071058417,-1.3784706284093162,-0.7461334757012096,-0.6623762944144019,0.7273766602864139,-0.4693591241478011,-1.2178970247870697,1.2086759331041097,1.6858608545365703,0.7969383088574195,0.14989837722658692,-2.573450575470929,1.1250239864778768,0.11303622287462027,-0.20977290991016062,1.698063345234231,-0.5769111248165066,-0.7490399568526298,1.1289348957315233,1.8896631335886451,-0.45801413725246787,1.2967876600786994,0.049279305704165034,1.376184264668309,-0.8175498270534917,-1.5870507316505917,1.7917646117729442,0.11913818475292842,0.5271666258818889,0.04676912975989838,-0.33324073910011864,-1.18306473836037,0.5067807248320143,0.111606508573684,0.05398995981244609,-1.1567695146371282,1.579574662007329,1.4797207873873397,0.5382056836771401
2025-07-07 14:18:04,0.8412540669464844,2.0999533640448895,-0.1816043038993133,0.7810849670698692,1.0116836737135704,0.7748313102566107,1.7691620674490574,2.075195467296344,0.46037166365171134,0.8093814499849336,-3.461247929060921,-1.5914539896680489,-0.34141090293452536,-0.8483484551250368,-0.8296806048512585,1.6297899201018597,-0.1251143699131712,0.6251880764749344,-0.29480369652287597,0.24634662042158542,-1.8465281219632799,0.18827211919557765,0.23569619769613517,0.0507706457401381,-0.023362904088070853,0.5463585141448,0.5419179333017806,-0.5551518978834408,0.6146595865080391,-1.0221422499088286,2.0202319336821404,-0.6438106823349644,-0.054511865249079826,0.8971857090229819,0.03751309212430752,0.8346186065009885,0.35076088582525144,-0.6020595751014548,0.7191252026810881,0.7027374751825263,-0.15273664660229871,1.149155994874327,-1.5182636031350445,0.32413071894157053,-1.8566513287499526,0.37248060938734545,-1.1275120853797789
2025-07-07 15:18:04,0.04019454178126741,0.2117013762875177,-0.6720545234203477,0.3653737496287639,-2.2826199339994693,0.8792906082640053,0.3065348857981244,-0.9611140461338523,0.024505802858300115,-0.8979882161500341,-0.815573766972253,2.2164744087461563,0.5533624515579004,0.009189679899769916,-0.08479003336898114,1.5709846449896687,-1.1926448542176182,0.662857850556218,0.7656210773856004,0.9536210522451911,0.3936955741442345,1.1120326671650334,-0.12504921662613155,-0.3117031757412211,-0.7846411529824946,-3.026898935518907,-0.593514022505124,-1.0758370679898965,-0.46987892991810626,1.3841960972580352,1.4469653766412462,-0.0010399217746436002,0.23032077217365432,0.6481769621738707,0.8249208858855744,-0.5929805085710372,1.334979474345988,-0.04805006229238029,-0.26383270888805205,0.2507104912906398,-0.9897477556498278,1.8441207389523921,-0.7236962621613187,1.0990053075370831,-1.4424087294406756,-0.41808873854566353,0.3686149155534029
2025-07-07 16:18:04,1.3484745695808271,1.4259360287907503,-0.7176522199621417,0.12115448993595875,-0.5071325167955179,1.0464796160153205,1.453765405864752,-0.4931517040058447,0.5564276289475653,1.301234416469254,0.4544317400256783,-1.0436712717638705,0.334250312707764,-0.9254997907800977,-0.07278153857197299,-0.6046331193545221,1.2693568518982727,-0.03843138277522589,-0.6885312914658388,-0.9804812398071824,-0.07960753184459868,1.6641082176773834,-1.3120002667390611,1.0472930625538002,-0.9057623861950872,1.0175039920103641,0.7028648455254202,0.1615778592910861,-0.723116939682619,0.7761363765556347,0.5916660344135077,0.019859457887296872,-1.3993648050078455,-0.296541389108073,0.2238103109478974,0.41862171610663124,-0.22485468424466148,0.2054490083456303,-1.8199470077961104,0.20111969905478758,-0.6887124724763793,-0.45039200744544833,-0.7154483506056485,1.018783294533905,-1.8118648612520367,-1.2965715038083887,0.7789781952640932
2025-07-07 17:18:04,0.25082146503902336,0.3854254714761398,-0.2861529085961598,1.0153377737512221,0.2709840949549652,0.016227522875147532,-0.9956477201789041,-2.6633940489726027,-0.2814861080693327,-0.9511599710161203,0.42687168150430627,1.5285634509312647,0.45089379501609644,0.5193645207895462,-0.6601743696433529,0.23270265872437143,0.2543322548726636,1.4803781699543284,0.5700153222816938,-1.4776437604675867,-2.153707385113431,-1.5058847456910507,0.4480255947368208,1.4545328444674228,1.6079714226438413,0.5560740718063244,0.2840968375060068,0.2099691726818848,2.714287583042969,0.1888391897119943,-0.8252953583118587,-1.8714898137770624,0.25791373525959455,-1.0187641947238824,-2.3293928094135397,2.0546909675708735,1.8832839154000673,0.499069507735728,0.6687422458153655,-0.06770291287427144,-0.8377794547148996,-1.0091939397333394,1.0032339131802355,-1.54591927082003,0.90886255569956,0.6070874666643997,0.04950363717927626
2025-07-07 18:18:04,0.22659207561041567,0.9113698992535584,-1.4184103365654894,1.1162651534809243,-0.2988857656773568,1.5200342723491258,-0.23686765076504418,0.05229325743115152,-1.092503207078875,1.3615221530576234,0.6588313325573301,0.561028626354577,2.3408148951677292,1.8288323835088058,-1.4870704132523207,-0.6282437895752583,-0.160724404738052,1.5553547728483033,-0.5142709399383242,-0.17191009488365336,-0.41634788868660916,0.4028930958941146,-1.0764305416891806,-1.8849084355427392,-1.5530684938107575,0.7128820052448566,0.6259916021296054,0.5925676406442189,-0.4665845598069202,-1.381091743658254,-0.43832066641069645,0.3812678152435317,-1.4925253986787257,0.014730263613986628,-0.7621406833243151,0.4729009722271091,0.4796775869769817,0.47143696095909754,-1.2331834599150806,1.2193239022715365,1.2518870409719476,0.7021206259535595,-0.18873390660660322,1.2056806355216227,-1.127442524368328,-2.148101289298651,-0.37423907381602567
2025-07-07 19:18:04,-0.0748868519953614,-0.8708027888232096,-0.5429932741876599,0.32169021704619133,-0.013865318241441544,0.8719983822498515,-0.9715990721916664,0.17419807228908143,-0.08573469009945633,-0.7508325362145329,-2.0275204465808403,-1.9797562760491276,-0.06335434807592126,0.16829720578599477,1.9734591769126608,-2.1610959050072935,-1.056336982524799,-1.5197239249791297,-2.325083526427008,-0.5232221597619905,0.2353396395734714,0.18945179246922528,-0.6657069910741823,-0.8670593068418374,-0.7398093494219474,3.1131343916771166,-0.2601279488939744,0.00799604634182367,-0.3733253431416035,-0.2011365262220936,-0.07857483074810337,1.2185832840328539,0.05913447425815293,0.23328735986965446,-1.1195499091586465,-0.3301950292014267,-0.41448199816705744,-0.33794452233809047,-0.8563062503345567,-0.6194034565354121,0.216512745647538,0.23805044203421857,1.949479737430654,-0.890942221875302,0.8595417883235362,-0.989468854750196,-0.09831508568358628
2025-07-07 20:18:04,-2.1647940887196673,0.02537617556541212,-0.7674901496955232,-0.5893979575496789,-1.3700308225060631,1.5536130953150378,0.0888142117403406,-1.0335586128644332,0.5610832406236201,-1.6403429115474288,0.2602122587063309,-0.40645984653191164,0.6347556184129207,-1.2282981528537291,0.8582835079250299,0.024645179996891586,-0.9870874422862317,1.1462637144413346,-0.08046200745628723,0.7269531904042947,-2.2154851235397737,-0.8395062980018774,-1.605569215185575,0.9403685630066673,-0.9560768380172344,-0.5108857838593029,-0.07142375029627764,1.0344495174471848,0.46460261631346617,0.8123519671453105,-1.1875331587174154,-0.7399035871888965,0.3669895191896081,-0.9574800132791772,0.5548315764438522,0.9461679583504139,0.6738453908192211,0.19723900476707495,0.5121982514541212,-1.3538979138829033,0.3993702742611561,-0.9881151446877471,-1.574341980692916,-0.5079339278390794,-2.3119017892398857,-0.32732650761669857,0.47222483972422735
2025-07-07 21:18:04,-1.534497051372569,-0.8380144683208004,0.9095846203482133,-0.05827509037604524,-0.08961269164152234,-0.8714185751362437,-0.06628732455422652,-0.22259562328451246,0.9368537185688489,1.50301294608171,-0.12846348233020552,-0.2684135358517924,1.054413090356339,-0.7200210903775832,-0.946891504952617,-0.6970867952986564,1.9989592375043501,-0.43884598055719964,-0.8411175296478479,-0.5164638553775143,-0.14865231249896108,0.04856320686681915,0.5458410897703628,0.47874630855516376,0.7203265823203586,-0.3019023013079972,-2.5578679686970274,0.8488295222123414,1.5294275285866303,-0.938395849406283,0.32879250736202764,0.3662707437459068,-0.14180793324625732,1.7369431333775474,-1.0250066131575932,-0.44553801190481673,0.9348991547463159,0.33514840905074045,0.3935439130531735,-0.4669577426106409,-0.05579496258992764,0.5541523426281624,0.509619610809125,0.2817381038489816,2.23708914102001,-1.1524135244965614,0.02786873561403799
2025-07-07 22:18:04,-0.0019587414501287424,-0.7988592301530855,-0.9930588896978039,-0.31089693639438865,-1.5574774208111095,2.154720394001541,1.2968120857255983,0.5335144133924515,-0.6929102161252066,1.805512839933412,-0.2141779688746251,0.9971542169898105,-0.8591292077316013,-0.266752994787072,0.06529863219352412,1.3443190170158181,-0.5984838433656164,-0.3237993183919604,-1.5419824017165746,0.7220772689803295,-0.08831666394185589,0.665355661377887,-0.5075448228248436,-0.3148651599464904,-1.2396616914064713,1.2444873049159193,1.0784890643884588,-0.5968669502876415,-0.5908643927571929,-0.3149340368383387,2.1823382577464776,0.7234887101720809,-0.8278425180744626,-0.862532366977974,0.6303192202057583,1.7734934515400669,0.3958422993115654,-0.7304504655505363,-0.8242421470960093,-0.7535401567374842,-0.8522154498381306,0.07004561699284531,0.417297637958324,1.0219140104544988,-0.15461817983524268,0.6228806194300895,0.41799207564197083
2025-07-07 23:18:04,0.8275690487479164,-0.8414843973548861,0.12213493441519227,-1.3186340717153466,0.730550744879288,1.6929113999785332,0.7129102858272943,-0.8933866075735667,-0.4229479169654881,1.7955203022510777,0.2756817028316219,-2.6401956986762407,-0.6495206538970096,-1.6916497579939507,-0.013617115978876354,-1.67992232432111,0.12569067495513894,0.754283552652567,0.6614293846740321,0.18213822802682558,0.9829443629723159,0.24304447957386716,-1.5698846125292423,-0.7292536112285463,-0.830101727630439,-1.1779589645048136,0.8233530132069685,0.10980814545089654,-0.3309342992473256,-0.11123019492126646,-1.9642339499257304,1.757753594299256,0.8853207391100296,-0.026901935708633397,1.4603769037271803,-0.2522613889935911,0.07114751832216054,-1.096705006170413,-0.5577401435582409,0.6739375822380494,-0.05735436799202496,-0.8326442402125604,0.5891987488558732,0.606627588966949,-0.24787154467090863,-0.9112567629941111,0.07833029181917495
2025-07-08 00:18:04,1.5616851463837766,-1.1069892017565266,0.10213278791901918,-0.9678629119656558,-1.298097736655624,-0.054999397432195486,1.6290787659279922,0.6433081121656375,-0.9917820502262388,0.9206354644839533,1.7020582309883665,-0.10786763718838807,-0.18605147390949295,-1.5104258594688054,0.08560849104902388,-0.06773103807612028,0.39648958716261545,1.0356966289532046,-3.6869137571450636,-0.33097947813873474,-1.3024477602091622,-1.6653528983875627,-0.28997990389450323,0.9158980067283236,-1.1801208035769222,-0.26763809936536254,0.4660917525386268,-1.114583391799124,0.6229883701939025,-0.4510958162709954,-0.5875783807547355,-0.25489582604970695,-1.5258600080072735,0.3331535729498002,1.3088120332837812,-1.1918561085473278,-0.27095256949669116,-0.7093880512872497,0.5506188845085975,-1.3922821287166836,1.346875412429206,1.141771066110486,-0.9487469964781506,-0.6322402120377645,1.3709947533206588,-0.7248590321587428,-1.024246036688986
2025-07-08 01:18:04,1.4533490307819663,-0.9248310116985863,-0.24817245497718468,-0.7015807969682594,-0.5042475779689644,0.006563896913788984,-1.0168618901232485,-2.0035590811405894,0.9305891997024134,-1.0286696068437513,1.261405683211129,-0.31834538285530545,1.2776978383534814,-0.8971030867172737,-0.3686844865548008,0.13388784007213486,-0.10729057993318081,-1.9958977523146664,-0.467909859198903,-0.44126115702780616,0.5893045321781272,-0.015259066570310528,1.1012546260664997,0.5176855140707378,1.5704229878032596,1.5881740088429814,-1.1264951627111168,0.4984940837758921,-0.5896878712807787,1.318258460720239,0.9663821590104262,0.3006591680219665,-0.14066545190676166,1.3289383507818509,-2.821378682614421,1.1416471156046215,0.03608156032172389,0.016236391007634667,-1.2162254059576014,-0.0717073649397488,-0.6541055959180327,0.6219540159948412,0.45710067560265116,2.1449403151650297,0.8218083391414365,-1.1778667284249427,1.3222383015033674
2025-07-08 02:18:04,1.5397773082616173,0.6694641195666796,0.20607871056954272,-0.32095454902203346,2.0034857597128406,-0.8618513731201615,-0.6218256649900336,2.664807163231682,1.3586359159825476,0.7175146777979156,-0.6048145989911222,1.4652306817494798,-0.21892596329790465,-0.4269064459459754,0.08200505234108708,-0.30123611186144644,-0.6023989594281686,0.17950502424562492,1.6449342065900985,-0.12227188966626396,-0.11801539975439533,1.9378271717393822,1.5648747653639863,-0.3042631265543197,1.4286680134536287,0.07568145138037993,1.4239985518182658,0.5480237488553374,-0.497230583954164,-0.8682167839728188,2.2304663465885883,-0.5789750008549241,-0.41687175854535674,-0.7771519203998587,0.24284620566447393,-1.1465020398396066,-0.9641457758953402,-0.03976720131143052,0.569341854256672,-1.0581877386441794,0.6725614975793096,0.01376921638883248,0.5325413975410378,-1.0340138454717542,0.0035207251121926785,0.020410485582847474,-0.048490949849090505
2025-07-08 03:18:04,0.5984995628701407,0.5081192689604765,0.19294631772902512,0.018528187317411567,0.630017959801726,0.8287573261970443,-0.4429723505567753,-0.580005348803727,0.07170532558418392,1.1534551825225339,-0.9414120313117808,0.06605421985577954,-0.5899946198473413,0.14933510186106064,-0.027117745757940345,-0.6390678799990196,0.9252722326274011,-0.43950849937638764,0.646371271314826,-2.193340970185145,1.190265146050601,0.47312971276740085,-0.43772332080900017,-0.09199600238564501,-0.6689752311232056,0.8946355278821775,0.4017016747276142,0.32154069034639793,-0.6717755563558184,1.0793446014959218,-0.7325521848916012,-0.6346221831137794,-0.991804653033001,0.3279899474485814,0.35032301967924745,-2.0482475534873,-1.2821195696172647,0.029517465791828998,-1.4512073277482225,1.166794021508321,-0.3408231891895923,0.040691371406555106,-0.02637720626268205,0.5238915067884635,1.4958719674452572,-0.5637192777700526,2.1930258267223075
2025-07-08 04:18:04,-1.0930264906364526,-0.3534340875090383,-0.6209421543227333,-0.7771881457977987,0.12105383366271338,0.7719236802823188,0.004687658839748697,-0.9718420784666795,-0.5630329845603226,0.6189422338504759,0.08381823736713556,-0.9721234802094101,0.7889498293075469,0.7342976789539536,0.11313587323658204,-2.2934619922617805,-0.193827087182759,-0.33025229661530536,-1.6235416490613823,-0.8992013272079797,-0.03828654615215491,-0.5804884882525579,-2.7426146578415955,0.9281627992500191,-0.07409195286660826,0.6014377861607206,0.20293868091364806,-1.0823476968004566,0.9764687833912341,-0.1075752037516779,1.3989469711398863,-1.2924053480883197,2.043551997888827,0.9182090236984591,1.1019977550948126,-0.4845596282327585,-1.1626431595562752,0.02868789816764505,0.1507048202427763,-1.3544842348543265,-2.000666780092557,-1.3563866469867842,-0.10336284101445078,-0.16603936786207127,-0.26329638099549535,-0.27625802448747566,1.7890526733858656
2025-07-08 05:18:04,-1.6427823655463245,0.6005394264978762,0.2350835935098294,-0.32151436734234023,0.687883224965357,-0.8179282948581587,0.7398531700211444,1.794771601875287,1.1070341567842312,0.6081211806406809,1.9153815350280587,0.8590016799628003,0.1344312535084774,-0.1436862762309485,1.0661496124761938,-1.974974549446173,0.11781532503936666,0.2647974978859945,0.032529415466035216,1.9171528579465442,-0.5018459369846838,-0.34449608674229953,0.09277418002061232,-0.39382866115160803,-0.05026211380730827,0.8212871721246701,-0.17595137842249758,-0.8583432990978563,-0.21777629526983316,-0.2838806049556191,0.09039758116797389,0.5669661611095976,0.8820776782576717,0.5430617282357194,-1.3138466790230356,-1.048269872109844,0.5075783333833261,0.38461482277132436,-0.06082252897697316,-0.19104096716888086,-0.47026682311435836,1.1532351087703867,0.2699111244819746,-1.2746164888796414,0.16488846388797448,-0.9593985285154183,1.2629070767356807
2025-07-08 06:18:04,1.4832554053989626,-0.014978069438798095,1.1112886723889521,-0.7461543087266386,1.4362001402614561,0.6838185353769695,-0.44307884264714553,-0.9972242235433054,-1.8395147981471016,-0.3868485655676666,-0.6586339297449318,0.8877660128958483,0.6152148460699898,-0.8531497109790559,-0.7642339448311367,1.0890595820310296,-0.49033252303371094,0.922734356277339,-0.4656237684454096,-1.0299000884075922,-1.046088181598256,1.219389498959454,0.31183156488747216,0.49693432806259813,1.289193708846455,0.7606752511729508,1.155196861435125,-0.16333289544228927,-1.1662501490566703,0.632129045780154,-1.3650301492596084,0.9811225901683627,-1.6085138939988146,-0.3447472873787926,0.8048938740685652,0.5448773756773455,-1.0589164871152703,-0.2331325182020307,0.07521124073812067,0.1872390259456752,0.9980457428995735,2.64758152836925,-0.05235425595987533,0.2672607604174359,1.075930911779644,1.3843223380054492,1.0926027701871772
2025-07-08 07:18:04,1.466247510332553,-1.102155540252507,1.1688167161964127,0.11286102953746881,-0.7437335549102613,1.5693486425522298,-0.6942799822344309,1.4295777767844398,-0.1127160438859908,-1.463254629932081,0.18491867051227326,-2.5367530300536307,0.3380363892085055,-0.31080104516270907,-0.9235459674861484,-1.103493733396525,0.11455851407651828,-0.38556535304322487,0.5685728685595914,0.4009541113416375,-0.4755263702991334,-0.004837286531498789,-0.46233241992806506,-0.6171761111941478,0.42415976087335316,0.47388830263846193,0.641081261437253,1.5536675393460857,-0.7802296713507716,-1.6061369719882836,2.102537954838197,-1.0612854853052103,-0.8298972546510038,1.2770112952041592,-0.7168101547554261,0.41396778449943705,-0.0900232734330598,-0.5264586405670411,-0.4353405927882107,1.4924933052588514,0.7191163516656394,0.00586068115877154,1.5699923282881432,-0.41763813836891606,1.6024913695622334,0.026227091905418592,-1.593686617861435
2025-07-08 08:18:04,-0.37975656315116674,-0.5027563323837109,-0.676157743474521,0.7963970625028534,2.3909386290863575,0.4758568451712256,-0.2618174136652066,0.8417374412715992,1.0081479681301542,0.644417302446137,-0.02933947299412916,0.7491577057245118,0.48550968736819144,0.574485009454677,-1.0487354110747522,-1.6948158988722626,-1.5830707163043727,-0.3915133111002845,-1.2825567114569196,0.8544439969440836,-1.3714841201683174,-0.11226320515982637,-0.21899341034976347,-0.6391732481083525,-0.17398947409041213,-2.1275330711532763,0.9136337495690842,1.9575998617321049,0.6101605395551799,-1.5487659130575757,-0.08439108495725806,1.2728178777463715,0.4392559428235708,0.04919532803758569,1.3680228363209515,0.6889670715489865,-0.4284414694156607,1.1509451713208176,-0.5918123816452394,-0.03626275547251967,0.28108838503683176,-0.3002814586258953,0.6920605109191664,-0.44325034687414633,1.1177657393309182,-0.22837889523632215,1.4909885441444952
2025-07-08 09:18:04,-0.23484366632127232,-1.1113660319903869,-0.20643504390381148,-0.8240436616748018,-0.5563825062358502,-0.3772351856473467,-1.0546798610989658,-1.174503666195242,-0.25031141389472283,-1.6369923882402804,-0.5578236225265542,0.4772340369476133,2.0933419471395402,-0.8081827954435725,0.1645462611184892,-0.9627877477140293,-0.11072600017348917,0.7708482324744791,-0.3377927395869747,-0.2635762654554333,-0.2966741686750296,1.5985510341304934,0.9216990628742353,-0.3775252392670322,0.5745000883976328,-0.19993746099446824,0.13491814854881223,0.45571163619362903,0.6329734183130274,0.32877568509220556,-0.08366690708441593,-0.9767741230297826,-0.5467656375511316,0.856206180934506,-0.5973079566242832,-0.5248879881632994,0.8306671822127921,0.11313401632633459,-1.609862461525431,0.2864419763877789,-0.7544432132019028,-0.4827338221499767,0.971595235835263,0.8354912935854734,-0.22530854824107382,-0.9525921257166073,-1.7709583165221376
2025-07-08 10:18:04,0.9377254197673719,-0.42264063799333845,-1.1589721346325925,0.6308068788207248,0.7836356041869367,-0.7009184464093323,-0.4057434355485568,1.1991990909917605,-0.39700575716219055,-0.045850548476816175,2.3527273948790044,-0.6558720540492019,-0.8961988685493681,-0.7242066950344462,0.25685529032963733,1.4989371472401285,0.17071251064495707,1.4399384183659634,0.28160903567179424,0.29813323946767506,-0.09193776632302504,-1.3991700130599403,1.1180179051469232,0.9465714747488594,-0.08713214033407873,0.2831852732218195,2.0106426183401696,0.8808524918388458,-1.0699631289213272,-0.9531050484081393,0.8451831421190109,-0.9634215685967669,-0.5067888276442383,0.7660557493421079,1.1625385482118449,-0.6763085509514903,-1.2993274526202057,-0.4048857721124753,-1.8177993511914676,-0.4681471954759194,0.529834240822175,-0.0022449965111318356,0.17414004884438128,-0.6989230637297835,0.5349373060755407,0.4399125994356738,-0.4137987710544756
2025-07-08 11:18:04,0.847626741655197,-1.7224313393567736,0.3212298879892158,1.6789610475512764,-1.4217236204531047,-0.1500276152190697,0.6254590627345676,-0.05298951636929634,0.07980518851886077,-0.37517329095172586,2.0862221903806426,-0.602603466931507,0.9683158127209492,0.3228175999712064,0.01482165092030712,-0.7095643702477361,-0.011442123213250891,1.0440301365552107,0.4930184407287877,-1.0463383424155852,1.2920395260122655,0.26983640206264137,1.0559806638316835,0.7736043631259542,0.20564069867415447,-0.5706064948587908,0.44427061571796017,0.8877526658465881,0.761384703165532,0.3077588275978673,0.44034461571272276,1.0349321757432075,0.30564861465202753,0.6395311798350074,-0.9376436952519631,-0.33982805988597603,-0.06836470466687393,0.47108842799840517,1.3987394091852705,0.791421981406915,0.17554028655167925,-0.24742772770809432,0.7049887758573351,1.4404143723118745,1.7207146909501045,1.4583071477975926,-0.5133571549854086
2025-07-08 12:18:04,-0.14407056728890552,0.5121503475451459,-0.36630219859198654,-0.24535123495284727,1.9339636234774311,-1.0520285730167778,-0.2378821874690574,-1.1535529786581666,-0.12282712263616323,-0.10583998292413535,-1.5129980815704482,0.2523115714685596,2.292764919027581,0.7925175075805312,0.4783990960962601,-1.5159606460122679,-0.579885689404665,-0.9955099050222115,0.4185715328505736,-1.1132835666587675,1.5487059108798433,-1.4326576991794566,-0.5866249363590254,0.012175097686147999,0.2858833047264201,1.0038286998534551,0.935590733301813,-0.009967208529415324,-0.18582833517307584,-0.12392799145723386,-0.17451699517116717,-0.5981671861719431,0.593825696810499,0.8390086308591019,0.5002436068790164,-0.0748448792993652,-0.9146174602837716,1.0770425848436336,-0.3515132276759447,-0.07524490514866045,-0.1547905378325109,-1.355692548459558,1.0437221567755393,0.6204168739463529,-0.7555594790800904,-1.4506381904182362,0.19523711726222093
2025-07-08 13:18:04,-1.1194358497449426,1.1061113525279558,-1.42927117829232,1.1229716576556432,-0.8903687874178835,2.3063138314625418,-0.9233282981316576,-0.42941939933326045,0.12957494833728236,-0.03523672381239795,0.21325805809420953,2.375702151274489,0.3340428328841647,-0.6583661852538074,0.23555330667660393,0.5923308400553905,1.4019294794039894,0.8059368359722088,-0.620525404821424,-0.4254742486430699,-1.444117795963003,1.4172099246861343,0.8262959348827342,-0.7084634605473037,-1.0514847982808302,0.8875818767000697,0.7475955838029532,-1.0094998168898468,-0.10308156807036195,-0.5304743818296841,0.10265439945739059,1.2306158201375987,-1.6966658906566539,-0.7335215330173742,0.6800967077864942,-0.47228161369273003,-0.6341662412603379,2.3095541794963137,-0.16527204909504914,0.7936955577966989,1.4480580777684688,-0.18905412284560974,1.8243979951952316,0.3408734288054835,-0.22839257054196058,-1.6658330839319453,0.6366826528389625
2025-07-08 14:18:04,-0.553175454205845,0.055261984335275995,-0.6386005338342898,-0.8331937203468196,-0.2277868036881122,0.5529359670849858,0.9231086264957838,0.7024198326712633,0.13058553110853674,-0.02700340860978049,0.17605930340987458,1.3268837934258226,1.268017774785826,-0.6866610228753587,-1.8353124692042995,0.6536468803182165,1.6367956105433135,-1.7557013514582593,0.4346059685225066,-0.5458428558852385,0.9565313731745619,0.33312438441310055,-1.1378783619488906,-1.4796251170659727,1.0387477581413502,1.2272044883989492,1.7234795589603276,0.982085963666391,0.1263562026434417,-0.6837985841310641,2.22828460875158,-0.5217737545472526,-0.6062115555771066,0.1288184212673853,-0.44068586692047923,0.9561111694559811,-1.225060387987406,-0.41204053231827115,2.0203894838894896,-0.4191300923912609,1.277301543056726,-0.9741783820671575,0.0987164653842622,0.2785879483031205,-0.7099351072607414,0.7928733192814064,0.8793655543298368
2025-07-08 15:18:04,-0.29750087742169384,-0.09486385608127071,1.1441366878460169,0.2569393631349813,0.08388300412430102,-0.359350990106732,0.9960893361544543,0.3951661819798759,-0.014495099509684736,-1.6326527377442306,1.3876530093135089,0.26601197116953046,-0.025427211612797013,0.16864572334434635,0.72470852798953,-0.4392977009450315,-1.4761887916775893,-0.41228697142383514,0.9845299933532086,0.5644701120668256,0.17324793088773188,-0.7299684664778867,-1.032525688441554,0.6621642656574185,-0.9878845041868661,-1.2435200578957073,-1.3167990284936744,0.5172131529757819,-0.4747160389984531,-0.21589747313866678,0.9972617814727083,-0.7549914279656347,-0.854776772635954,0.5199932081144617,-2.8148825884601045,-1.0940340845156062,0.6427719428012686,0.3897434918497542,2.4119811075082818,1.6608814389568987,-0.6753686269510384,-0.23803377619005753,0.5532497023952785,0.3313642353083241,-0.531547713217697,0.7884193403496853,0.9057359395382638
2025-07-08 16:18:04,-0.05540690946696835,0.07045342392046207,1.8318252884104012,0.40462401666629055,1.1185668015655557,-0.7354294844243703,1.8399488527437233,-0.521613268967591,0.5557305053737729,-1.590361595404209,2.0515068298163057,-0.7900794802862021,0.7875417129265162,1.5202062634161493,-2.3884188929056247,-1.0797628347588195,-0.1738724889538387,0.33485114198758664,0.6814624589912873,-0.3401717274262964,0.01833394345050587,0.5576739411837616,-0.3387854638750514,-1.0715852966461625,0.019471502827538335,-0.5889455163319887,0.5246213322131792,0.2726400691444412,0.8741425463594741,-0.9453655451655214,0.37676907416646405,-1.553192420613496,-1.3711164866674395,0.27688030245966067,-2.105520574313715,0.4759640037988785,-0.11622271585535666,-0.6026157563840219,0.45998262895390557,0.20250603833457598,-0.6132366318401016,0.22757491001980645,0.3169192307427463,0.5925404520301869,-0.5115256535777201,-0.9524278063673778,-0.7055124231836325
2025-07-08 17:18:04,-2.078111615040466,-0.3515600821203749,0.6268412973199942,-0.995982798035909,0.6659328403909118,1.2998482461731813,-1.2527819121028227,0.25122149452418585,-1.1451707278369503,-0.9896515969872481,-0.5233711999535207,-1.2472186625465134,-0.5795395242359662,0.5428797884563321,0.0234999715525427,0.15381190235791942,0.04324917995832703,-0.9986845717155921,0.21705865653864548,0.3622959075289791,1.461996106763698,0.7704399423677086,1.057940216846094,-0.3108625765957057,-0.2271342724262458,0.511335841384344,-0.536229707414437,1.7251756657147879,-0.250038132325639,0.1553265491577802,-2.097001564486593,0.09064309916149557,0.039468178354650524,-0.603281069759864,-0.1696549343102656,-0.013552202313376545,0.006347133071399322,-0.22564021270845164,-1.617782620490741,2.071832164748316,-0.5429789831211099,-0.9919412667138492,0.05906182408222283,1.4185823025453743,-1.7458061005528547,-0.23647578187494195,0.7174889495807829
2025-07-08 18:18:04,-0.27228719193428885,1.0720964950835905,-0.08424956915086998,0.7847557231478758,-2.3227190233339385,0.2836115381124979,-0.6652244164451929,-0.18551501894557398,-1.519503161025206,1.31951517498967,1.3563469862525432,-0.3050691082673224,0.4779849498717296,0.7792647155135303,-1.0587965467793883,1.2183566901498502,0.33953441412961427,-0.04017961479865468,0.8819812090237418,0.13316569860646998,-0.3282777222225918,0.2910364237814407,-0.9634412818924495,-0.40757228374503,-2.615166594446363,1.1189719860871319,0.143606849129769,0.8153197726559217,-0.10958513036392292,1.021723120317274,1.7681696142917795,0.8694492009189366,0.23601904431558618,-0.4311832820196421,1.4644074058385603,-0.6662495916586382,1.6077512646482883,0.7575344883135777,-0.14072408839549883,-0.708164786922716,0.1836607478245976,0.24020024306356394,-0.7348252358879057,0.7136128267301586,-0.30477334726470945,0.5923594488786104,0.748175716130234
2025-07-08 19:18:04,-0.01593810066945862,-0.3523207998806483,1.200388036458698,-0.8560693092904743,0.6319996466684542,0.43102379538527025,1.8630834284640845,-1.637559618360533,0.5074536526290656,-1.7688302965072777,0.3303611580400561,0.337324501515668,0.3391507460097051,-0.7247564525846837,-0.23633371948339538,-1.7258752723165984,-0.29303314387273216,1.254695434040252,-0.11674921220850625,-0.39756679610010337,0.33914649263601343,1.426826336712052,-0.23737770631628585,0.3135648819298716,-0.8488381169565391,0.6269244588292389,0.6324795602706883,-0.39950790341521686,0.18701867903954006,-0.18123080738594258,-0.49134227248893503,0.11954885235104183,1.2257369998395782,-1.6363881562896765,-0.11166010441214991,-0.13212528112445024,1.486684527956371,0.6100500472414332,-2.472053050346819,1.3861738503394538,-1.0630529241799653,-1.1435833448715333,0.8932302546436742,0.29662746719275734,-0.668606912058849,-0.5981058223873088,0.3869538425039572
2025-07-08 20:18:04,0.5085312235231477,-0.15879700753977788,-0.1864140380416283,0.6096031249727191,-2.3254463234907283,-0.918885653923174,-0.17607831379178354,1.3039974950868258,1.7526968506838478,0.849183766085611,-0.30910846872472547,0.4522351889108297,-0.198199314084753,-0.45788313677243264,-0.01348719614963719,0.43557445618600005,-1.3080128817647834,1.023049870849588,-0.24951892717267785,-1.1359340036538166,0.10035622668924778,-1.5443459885025048,-0.5839059813371698,-0.8400514445584943,-1.1735549985286304,-0.3408714997105186,0.15962983398673342,0.6003768757268921,0.1069174676041862,-1.680509000872513,-1.3611744351944404,-1.4157551541364024,-2.808159458726213,1.0998777242183913,1.2267939525788318,1.1445032812158769,-0.15861541858329992,-0.1285834480168127,0.211987794643713,-1.390941064260243,0.3972204526331137,-0.805837217786194,-0.6829365703853715,0.881911467120003,-0.4181446158285928,1.0319193801273798,1.2607763038041684
2025-07-08 21:18:04,0.3273533440465918,-0.7253860320043922,1.3989215059778637,-2.4013056014469556,0.2240734913138908,0.901046400960878,1.6576309016203332,0.6966301768385013,-0.49669413245704014,-0.28813021489282653,2.4064109465213894,-0.4137082763448064,-0.9919487857041916,-0.6700550025690666,0.6133765058569237,-1.5803762878968688,-0.5118236668686258,-0.1914861001992471,0.8321160919835423,1.6480017465709942,-2.819431860821492,0.07607396807208311,-0.039949958106605114,0.24107397961291405,0.15660227690787126,0.6927241496149139,0.14522463612216246,0.6840115711649015,1.1297743354697505,0.19466720658639444,-1.7560933316727567,0.9714004831900566,-0.9658677141998873,0.691594756742059,0.6778246245362759,-0.3646422395857218,1.0680006180647632,1.5363152553941497,0.6824993234955026,-0.3259748700779975,-1.4709934804503566,-0.4141533668520316,0.3333544335880653,-0.49827451402123746,-0.3830978495874345,1.058509649959197,1.7039554893884221
2025-07-08 22:18:04,-0.5101754079013466,-0.6022986533597585,1.8143552406298198,0.0597351367085427,0.2151440777990875,-1.3756413402061038,-0.7926658461082334,1.0110848951698226,-1.4180645749533893,2.504487585281711,0.43498492771250746,0.7939012959116298,-0.9022587856068501,-1.5503436926471639,0.1901108053542072,-0.6220144315109387,0.45265716758334895,0.7471523860445741,1.5433303944285846,0.7982032964938856,1.0600375498527896,-0.11059831558489554,-0.9178499451009969,-1.068342879347147,0.497809310883144,-1.0885686271366641,-0.6337935626399528,-0.6897474196169134,-0.0692002794909244,-0.4442511577531536,0.5306471914817583,1.4639127907907594,1.7346359164721723,1.1649993426722427,-0.5594557426438671,-0.421822444237334,-0.49935042714201294,-0.9435541277986645,-1.4805543299242498,0.46473866557538385,0.7583374340862644,0.19678725287294915,0.2144729728114089,1.4229441973190966,-1.0486051736942903,-1.8739521582337462,0.4958911003014058
2025-07-08 23:18:04,-0.44129982330234263,-0.9235365443404506,-1.6540356856330074,0.7493908809035342,0.20921201149297064,0.9246846555748215,0.503903709828296,0.5303341070339427,0.32662250339572213,-0.9251045858036618,-1.8505934536802577,-1.6474380735809864,0.6229028692448684,-1.4933956378592654,0.19043831947672543,0.7347206185327823,0.37388494708719033,0.524303916928818,-0.08714584113678372,-0.928404260026228,-0.6590181449492126,0.380990704980593,-0.4630028512643544,-0.40917276481346104,-0.8303183597563807,-0.1676240853936437,-0.6925747623080298,-1.0014484313128407,0.17878807923401766,-0.17878846899287473,0.19062674363193993,2.5460762477385583,-0.08869017838677773,-1.432519729452148,2.260346559391869,1.0052255707995927,0.792426434113939,-1.0959751765313244,-0.029372764710441552,0.3798946759244712,-0.06828314000217624,1.6859839044107803,0.36457945127350744,1.0148860266685047,-0.20799055407516898,1.2025092224773555,-1.0476750255768998
2025-07-09 00:18:04,-0.4031288772203844,0.5280764679688597,-0.5491419112468771,0.5073087292887993,-0.8486812842177353,0.9738107761131481,-0.4747423863489316,-0.6883685876901489,0.19801575025503734,-0.21334602796201912,3.0753587951034786,1.6460521337351854,0.29673957092369807,-0.5788339213855971,2.495981659385422,0.5098274111931422,-0.2539995762186926,0.8213426317438272,1.245455812467293,0.843653119195374,1.2130594598052438,-1.0589919437276891,-0.44194878852380914,0.2576253567982709,0.3085136872124955,2.535833376762528,0.9667051918473238,0.9787189979632703,1.8328295744418768,0.35569261069403346,-0.6366531871060912,-0.20794556565910544,-1.7631378271697487,-1.9090175677590717,-0.09935601730993066,0.2277778835993522,-0.19241546428922301,-1.1241209274973303,-0.10728391089800893,1.7346304104918975,0.4171998345325727,0.40896060015639835,1.6357121595579338,-1.090348695403364,0.7471890609478403,-0.2965379051463246,0.98845970851753
2025-07-09 01:18:04,-0.8337673076701404,0.23452500704948614,0.3120220161168245,3.5042049479468687,0.9372419616354526,-0.26380597568552416,-1.3696471276382336,1.5576792902767085,1.5213658674883679,-1.5230458918414587,1.1628268649000393,0.2043484003695211,0.5806750544824024,-1.4471036074034997,-1.152940792385388,-1.1362162507361178,0.5960994582695054,-1.3745507825684815,1.0816337705836085,-0.2512892232422543,-0.10911658058747412,0.4366554655134165,0.39120416478079506,1.761045732765848,-1.0280311052744353,0.5506938385779371,-0.066561214976169,0.7358158510118376,-0.30066796810528773,-0.825587615148525,0.6518803149811652,-2.0359647328855868,-0.06893190319341536,-0.9071722342082887,-1.8185076382762537,-1.6670849889568509,1.5510821512573036,-0.8556620132345466,0.8005035016719307,0.11257511507984183,-0.3034786679650227,0.36227173955165204,-0.4242955569199482,1.2215089849821015,-0.3102342039856343,1.225728315591593,-0.778038098736443
2025-07-09 02:18:04,-0.39990535753329576,1.1713462957402687,-0.15154377891670498,-0.7820165226158654,-0.9578852876939355,-0.9199335686989587,1.073855419525009,1.5969013578463038,-0.3813253614863898,0.9111948711026621,0.281463474840912,-2.091786704755845,-0.6038918551863849,0.34913841219491165,0.4227022514816206,0.24371723711173268,-0.7844115324025713,0.9895417318363903,-0.1629915992517636,-0.816244410426233,-0.1956444078166328,-0.8971475279496517,0.34502590852021164,-0.41857889820067345,0.0935184766276448,0.21715918816753085,-2.1669956838534374,-0.43634826031440466,-0.3374300546994363,-0.7024085409845727,-0.803496226968025,-1.5045039691788604,0.09190177662509572,1.3433698240129734,-1.340373704464832,-0.9777977387070967,-1.2538707263048394,-0.9152523657658,1.47082318681176,0.45816668304576913,-1.439641292375469,0.2646574710243768,1.8507713080061319,-0.923635179743012,-0.2985891478753724,0.09758611651133335,1.0452162975530201
2025-07-09 03:18:04,0.18141462589019783,-0.36525452315690865,0.4899925689996517,-1.584880241979293,1.420516156343873,-0.026785178344531407,-0.13150560085306837,-0.41676586308228414,0.3716284671446671,0.21167631202005832,0.045669007541149886,-0.8410355637171804,0.8233313951394053,2.6389907692004733,-0.5241077157259926,0.08406747859653077,-0.9812062741328658,-1.2644734778106528,-1.2409802364631621,-0.2844572158698862,0.6934627327397667,1.8103895181427405,-0.3397357879626173,-1.0690781639249625,-0.07990419624065412,0.3697357784628006,0.40734058580115756,0.17713432243400282,-0.7369536774909047,-2.2684387455361263,-1.7639493917412687,0.3284746024440361,0.5133873528986117,-0.16520938834121557,0.9173261139629761,-1.053473498346948,0.5606812492606941,0.7404944055988515,-0.7652962396888874,1.0869781506985032,0.4228967344944323,0.014338005419039321,-0.6638950134586517,-1.2701334964738584,0.13247689297295845,-0.0026620135267033736,-0.7302389871713283
2025-07-09 04:18:04,-2.571108871686996,0.31560872364809583,-1.5840451677123224,-0.5748019810762547,-0.7693001606816546,0.5180545629792238,-0.7284229975840277,-0.2862884530330419,-1.3627220503516393,2.035721345332808,0.7038185786755641,-0.9537964817058523,0.027438912774154858,0.10241655732451337,0.7177273882594457,0.5522289850748695,-0.8024417680987608,0.7712342789447866,1.4154713754874781,-0.5035124008229703,-0.11964109737219984,-1.440421841533312,1.0745374832964703,-0.5111038046241806,1.0961845265383188,-1.1480378071599169,-0.5189190706803727,0.375941370736248,1.0128497716980702,-0.4885984622640353,-0.0965402856243402,1.5958905647236923,0.4411758645396422,0.9349137948472094,0.25253169915986823,0.8410029557816184,1.098029081994613,-0.9910725974958073,0.4408596922574559,0.13792156890692067,0.5334166194888683,0.6851847376362087,-0.8756685117414704,-0.145764373832615,-1.4551451451545696,-0.13391890427706493,-0.5934780363283159
2025-07-09 05:18:04,1.2187524859632046,-0.3367383641861347,-0.30363883944099057,0.2496607069943046,-1.1135485900324205,-0.6717246226871498,0.601233376699709,-1.4947051222524672,0.8691938582589603,1.6475664044681337,0.5156148465764511,0.41607206956667764,-0.6775192879377065,0.2878844264242833,1.495479235890076,0.42458141784955217,0.8054745640143363,-1.2954316799492402,-0.5137784939600952,0.538160753990121,1.2607339669360795,0.6391121261560332,0.23697639685380897,-0.8080241830235756,-0.5589061015927734,-0.09427258825653384,-0.16572835203515862,0.15139612809544367,-0.014716453525176719,-1.5325313724055996,0.6612375387978736,0.884216397650701,-1.003880823903967,0.05138384906826354,1.2849787455990032,-0.4996862185308776,-1.3114559942093973,-0.5726252235053464,-0.7311604614189264,0.24850279090857386,1.2930585346841474,-1.179584593385259,0.8930125941930118,-0.6469199442588693,-1.3682798643795708,-0.2852478850046886,0.38705380350463603
2025-07-09 06:18:04,-1.6666901844431787,-0.6051717291979747,-0.6467894964729626,0.6253094158386729,-1.8736261132710972,-0.20819230618800702,-0.3661461779700305,-0.5013014348512318,-3.0107965473250866,-0.7357672670350331,-1.68001574967132,-1.4072471312603172,1.5398776876214502,0.09576554058001294,-1.3281147892436254,-0.1401933806471856,0.46640872327199917,-2.65514018578899,-1.4613178827000097,0.9551833083734518,-1.598665307739021,0.7827847418802633,-0.3424214200686523,0.09851727419054837,-1.014594510126719,-2.0065101132003544,-0.0178056314671503,0.8012712292086934,-0.7630963051907759,-0.5003855755740871,-0.33326992742627054,-1.4108762831338175,0.3569106672022547,1.717836353097528,0.3440765490779091,1.4595402218092774,-1.3755574409438553,-0.6101567745251952,0.7375698466489743,-0.32647725204728073,-0.7368760541734504,1.0205634504826544,1.287286849831056,-0.14178325196108008,-1.038987010157308,-0.005007647865157438,0.20815776903441974
2025-07-09 07:18:04,0.40099851776671264,-0.49341125391670954,-1.3958999647914376,-0.42254206013205964,-0.3060960477345262,-0.23926101892146695,1.6134866438572653,-0.3239902268732029,-1.136080425765383,-0.386373548449276,2.7693048840223935,0.024623663478873146,-0.8790378122735478,-0.7137281154763739,1.2453894953653484,1.8366945801593304,-0.01936752035770568,-0.5118739546975879,0.5121149542421579,-1.4648996754999777,-0.28304039413487764,0.23603523233912463,-2.2773011135586287,0.6534391113061395,-0.6769713793358982,0.15842530624419776,1.5426507905520932,1.171734491084312,0.7153473960743392,-0.18044305428521745,0.819236957917671,-0.2709238268006918,0.561112673643031,0.05937489221888251,-0.33735976299897374,-0.5172828859645413,-1.6165363631196639,0.796974530016959,-0.14892056303270448,1.152460690128091,0.08889117162400242,0.10248377637997234,1.349577019998915,0.2981542511190795,-0.49586160120470923,-0.7522000298758215,0.5536042019746447
2025-07-09 08:18:04,0.7231831002008667,0.5757569933255032,-0.018090991450332897,-0.39537913872523217,-0.6796190405282458,-1.5391549031362985,-0.8599484003645342,-1.183406821194187,0.19121020368260508,-0.3814576159376323,-0.8193876934123401,-0.06889869147129545,2.8007323277294445,-0.3432630926749323,1.1954718444675914,0.543455499449002,1.6530549440744466,-0.07712400391272359,-0.4592562005344498,0.31604635005958276,-0.3445473072755743,-0.01304335636419258,0.38184622440723415,-0.36813642392144313,-0.892736035229458,0.9933831167991654,-1.049562545551398,-0.9043982771254597,1.7768693955428214,0.03449124179558279,1.0317722608811537,1.4648833252455304,-0.2430434109616586,0.532487211987214,-0.5830377771124768,0.8355642696786785,0.8742839214784618,0.3431520723718539,0.03653372796708762,-0.8046610366134884,-1.3870183247225423,-2.5334900445309056,-0.219190054461486,-0.4098629047706338,-1.3329607500767104,-1.344891533642619,0.9406322894399811
2025-07-09 09:18:04,-1.576341717170853,-0.43351070981334616,-0.44770320156141646,-1.5362966242246598,-0.8209077518907252,-0.5598164458948374,-1.1790395087739935,-2.2697776124277773,-1.0601726976546875,-0.8051470631880149,-0.12709092652305687,-1.2441415773222915,-0.8374093495174174,1.4551753952973738,0.06003501148319884,1.7103378895913954,-0.4387095481547004,1.386368903709952,1.0436988760542028,-1.0784550443846732,1.3832047600608501,-0.49276456779689104,0.19113900587687752,-0.3832571444178025,-0.027355391653468345,1.6732039516932047,0.6888681835103698,-0.35861283828580587,0.22564097939059885,-0.8019597717248302,-0.8863374613449352,0.7598958870088435,-0.26528267514393056,1.6004954342411122,-0.6810589014961671,-0.4377109356614565,-1.513540055250676,0.30351633240745035,0.5429254393217906,-1.0369307067614177,-1.1232191385243837,-1.032463063406757,1.8865154996363007,-1.6241533188298949,1.1080134906041204,0.5914713889340663,2.3809394673138367
2025-07-09 10:18:04,-1.001803774603156,2.686331306694592,-1.444224688481049,-0.6142691765381303,0.3243061384763188,-1.4350047149675738,-0.9973130241628395,0.41356762548203063,-0.26342352039539135,-0.0357051124050831,-0.9530225484912581,1.5238649199109957,0.5712558117075581,-1.598270189085491,-0.46032441676127106,-2.1186345024091,-0.8549735701072482,0.8978279398498733,-1.967717597198478,-0.5028683998495302,-0.03252391377345042,-0.6369275573118207,0.12037860312603231,1.3215071442546755,-0.9147756982475675,-0.12048602705103834,-0.8318822093622176,-0.16791865316678617,0.3509786838041374,-1.2578958916686274,-0.722328443109042,0.7556480864592281,2.15822036816052,1.0703400156403953,2.802788381505494,0.7800790335540653,-0.8564560253533344,2.1191043520523896,0.8830005588318942,0.47384141998709656,0.8598083855939752,1.992068041715294,-0.4645335743785611,-0.8043661853536044,-0.10587911788726953,-2.0142668587909647,0.4157242106932662
2025-07-09 11:18:04,0.2704633905015226,0.8330988140920744,0.7240685034997053,-0.5948732830776071,1.302704379523334,0.09680306670421407,0.46891629882032504,-0.5659069717414682,-0.4958739927547941,-1.0076116708471707,-0.4135382485401379,-0.9508099422931516,1.0949181299278754,-1.748475418636598,-0.1299746853161044,-0.18496252691907508,-0.5187491451934189,-0.2098359265620699,-0.3352515580504498,0.5666835567933055,-1.6471091291606925,1.1193301042610924,-3.0643700969007814,-1.1151897818824732,0.6307856371603818,0.5266294035488204,-0.4355957818111755,-0.6158194990580315,-0.6611738355123846,0.27074113819662715,0.5291455329851457,0.15710568116892898,1.3173746428908288,0.28467348597308095,-0.3265840442175191,0.3741754532063787,-0.06500069967490923,1.9913004094546696,-0.6938862650119109,0.774333528391574,-1.5789695616543262,1.8505720929289706,-1.7017957303015323,0.9535327476586029,-1.1977576372113146,1.7027985114203026,0.9924833075795242
2025-07-09 12:18:04,0.0912403396194033,1.8072889214550987,0.39200974979593467,-0.29296423398821914,0.9304796403584471,-1.1938462774146958,1.9327584670498672,0.4680759946234234,1.461870205458361,-1.3085151695074078,0.9829798902622351,0.7750487082213182,0.26370245126202024,0.13757124811213464,0.46536020927012683,0.46523565278996454,1.2708607812426875,-0.38175163024236913,0.674317452803815,0.203808899892508,0.9716254504602235,-0.24723772387875365,-0.04905516187655951,0.1956015099710839,-0.5093542239938245,-0.5887053033360191,0.16732113599559834,-1.4522867691406849,0.796683885385074,1.4376831861154244,-0.3772862434134256,-0.6307147244180015,1.599491428652894,-1.7032268733100018,-2.3191628425443924,1.1000140820102249,1.2288726698453525,1.12169558381164,0.3740767367322732,1.1119754529460388,0.7820056951751218,0.5626801390417251,-0.07703414479111495,1.8125207449415062,-0.6221757205024956,-0.8659817973080562,-1.3630323779088975
2025-07-09 13:18:04,0.41029846187715535,0.7597295553882045,-1.321077418907381,-1.5200718147851513,1.1419199375143272,0.6171219964641098,1.104012142743069,0.7400154292881185,-0.916495544419418,-1.2911269730253812,1.881928201550593,0.27437096837149144,0.9745498930612905,0.33452786181961486,-1.196068169595864,0.716079617932007,0.16555415132742743,0.15824168664445126,-0.1877955799185467,-0.8470133849420453,0.6414669601475924,-0.07877977484144007,1.5270041648304422,0.5159575710317229,-0.03052760614097691,-2.5972043904373963,0.4284264925685459,-0.070105668863432,-0.2902449064417322,0.8677701399646656,0.525124256870223,0.26821349255203036,0.4235904098436913,-0.013798031454914352,2.0478505081082146,0.1253665930606222,-0.5601331744420106,0.2115780546728395,-0.6920333189775356,-1.0123584282340872,1.7663345664476509,-1.2388528570920174,-0.27083992202395113,-1.1614407051770839,-0.43494924455473005,-1.8049771280798372,0.763168378663346
2025-07-09 14:18:04,0.46376726503958154,0.054272855950856284,-1.267363425899962,-1.0291684604880125,1.3881042384864937,-1.6140896346440918,-0.6905834566105935,-1.8509573422741972,0.7211115951964491,-0.779987227487461,1.160721474043337,-2.1631487247816445,-1.4737916917750438,-0.36668831964775384,0.15657469354561115,2.066515742911683,-0.04489563008095328,0.2405707169283019,0.10703753018009766,0.8720248929269971,1.0202613062990578,0.8955330318225391,-0.9424003115350027,0.8492852339672559,1.410734479554448,1.2578702419759016,0.5137264624769062,0.5730068715141118,-0.9835301904508392,-0.1583596627935253,-0.12575238013505996,-0.7642018530856691,-0.49481677948220276,0.335315341107548,1.8522899287212162,0.4475002516091276,0.15448559171681045,-0.4932243626865545,-0.5947756459139617,0.05016991542322162,-0.8100070976918489,1.2307475950051636,0.4137914722853609,-0.7744673036633628,2.0020067160784842,-0.008599601624948378,-0.08455552395462154
2025-07-09 15:18:04,-0.2858182621413824,-1.0049895761619636,-1.0019984535871582,0.3123148309824474,0.08237031873831571,0.6683535748320448,-0.9337513137194281,1.7131700263143803,-0.7504126301503199,2.037022082607197,0.3824767887552115,0.4474835065852102,-0.022375191550133164,-1.8455690207847097,-0.20029394560391708,0.21051951140041839,2.0108160617740327,0.601704635218745,1.3485015228325232,-0.05040594653017385,-0.37789355456228096,0.7419093680815183,1.8417100316265764,-1.3107737286029923,1.680889070425709,0.28122200591668617,-1.2854834048355963,-1.5035219447795336,-1.3583480400629866,0.28403233136284384,1.3193384768017544,0.8952866638932353,1.0685067801592574,-0.2577562804117844,-0.4304870660720949,-0.9933298549726144,-0.5405717844520024,-0.05697111634163082,-1.4993978420835938,0.5697342992101568,-0.22171245471521764,-1.1456011459009183,0.23035464806265527,-1.3933402095463268,-1.4890069568675959,1.1550233303876534,-2.420959777204067
2025-07-09 16:18:04,0.4263463012133404,-0.5665622745462525,0.3376370981580356,-0.9310433340493867,0.819012862953743,1.0075885608866888,-1.0831542481245424,-0.05312820632671403,0.4499901075211046,0.06336901129870268,1.213290105030351,0.1861753151926802,-0.18251816365726564,-0.2623132308732969,2.4415343311253532,0.4913136154866877,1.4395807468801067,-0.2865636522703004,-0.1576134772528884,1.4592137383341275,-0.47973458840305755,0.5028079448360575,0.2745265006693674,0.8842741579374187,1.6753691080434603,-0.6410362079560539,-0.27024783681979303,-1.828895758983658,-1.9537359778508843,-0.16545250164524816,0.720573048453213,-0.27564371418783257,-0.4736706921715323,0.5506113444375423,0.8145618737478307,-0.32363743478538104,0.07807155194624041,1.063849621814513,-0.6406360416264029,-0.9862987422044822,1.3878227759567265,-0.026380495429671157,-0.9222023515677074,-1.0745343775751122,1.3534862307956528,2.4608752949174875,-1.0205517280880876
2025-07-09 17:18:04,-0.4245965078351741,0.8071779562693163,2.507830850013189,0.8350827000906055,1.4088851926090162,-0.9700935164295358,-0.09678601933784674,0.4203648874004938,-0.23271459106104517,0.8389332057558928,-0.47882373436839204,-0.5459178319006712,-1.4713191955511482,-0.3004410546982208,0.24726959128783704,-0.7836137983172754,-0.5277538563310984,-0.5631608502837468,-0.7082655277490126,-0.13101434057081887,1.4161817433005723,-0.6947102690394263,-0.3398788064801725,-1.779951944068628,0.28249703249124136,1.499229897331247,-0.8701906330600954,1.0361267196093689,1.3041572738600125,-0.06585506335350791,0.7106655913558485,-0.6411274531915195,-1.4190061320935872,-0.16429755179636035,0.7320369371396821,-1.0707931448563501,1.4152608886271822,-1.1371398304072282,0.22817944186286365,0.0037125218234525404,-0.25108297876199315,-1.2075485551115661,1.0908436669320223,-0.3179596161654497,-1.1514336780156302,0.7907240162742272,1.41511226599335
2025-07-09 18:18:04,1.2430763772742508,0.9454679862615362,0.9737485774747514,-1.5099275660642577,-0.6706536798134746,0.3358858866608398,0.2598550263805827,-1.7151677448234943,0.9371476392315928,1.8307246029316067,0.7804685680769058,-0.1670554214161999,0.9580297632024961,-0.2918819962558609,1.4442145338131085,2.636750767347754,-0.5172007691951258,-1.2921920948140817,1.058777756061693,-0.1765511127592077,-0.012004277022312547,-0.47976840228338846,-0.7138570633128725,0.8605723835720804,-0.36253735422361283,-0.9782979414993133,-0.5817019889590891,0.6216685689737071,-1.633536785957393,0.4565175722766966,-0.2063154181818812,-0.1533350477097786,1.9966455153878901,-1.0964980774716113,-0.0723374050615823,0.34258136823680363,0.36881824710709277,1.4228487716077554,-0.35084635987949186,-0.2729159892679234,1.438180761055623,-0.626038206062607,-0.7254099488546273,-0.5737634048912786,-1.8797154368732647,-0.1604276039077413,-1.0548260155105602
2025-07-09 19:18:04,1.7792299672718508,0.7563468348041543,-1.1115632249322602,-1.649172001476189,0.7372036037323094,-0.37784768128904855,-1.5680260104040569,0.25865169410299876,-0.055291169084071334,-0.5899849615759964,-1.6605694268620386,-2.827981865654824,-0.21223217384617368,0.8135979518747986,0.9800464552185533,2.0341127659873686,0.8328127847412904,-1.3415947209054733,0.8545401470264322,0.9893459906258742,-2.0835143253174038,0.8305178497085993,-0.6150396624254888,-0.49136445627190933,-0.06517036134449376,0.9981186861945496,-1.11631399641731,0.338695671992551,0.40670909044879594,0.45448082760439606,-0.38715230050420935,-0.3217656463947774,-1.2545071082796668,0.9771893542142565,0.45374675301842643,-0.8188552085924375,0.31205943389651297,-1.4323858983644815,-0.7366568751373942,0.6322388379753475,-0.08900112730200975,-0.055872997085322215,-0.5163314460198628,-2.164367646128276,0.9025839949418779,1.6983222028260805,-0.061119893285472855
2025-07-09 20:18:04,-0.6556066704680081,1.3357651798783652,-0.7556700172810784,-0.15453039265337268,-0.3677481388171772,0.8729989898780961,-0.842067556080036,-0.1094445509110984,-0.49403040369010415,1.1827098072116093,-1.1642162239629836,-0.6354150976410895,-1.7034413263574155,-0.4578980485043804,-1.4657639554871502,1.1795338955144388,0.4648956850925606,0.42402185581000496,-1.5279031400264993,-0.788396376946217,-0.2072112877882908,0.8497194956666229,-0.34687840480518833,-0.27690993545994574,-0.5055751833446077,0.09544611165070155,0.24603047097843653,1.309531515154573,-1.16964340410968,2.0049989491979563,-0.27737291173167183,0.5908364805773327,-0.138659084253168,2.7533060063168118,2.2761351793010687,0.28918818245942063,-0.4836607903351758,0.586331401343471,-0.7306193466423475,0.8901711698860442,0.9038293615383983,-0.03293461517315646,0.20267735240293996,0.6215024493715198,-1.3516232396581351,-0.6303300697084907,0.6594042124759194
2025-07-09 21:18:04,0.8317088073069429,-1.4403619206108549,-0.6150661616572516,-2.6300839249912578,0.34637467394707117,0.5466911260965548,0.8944185677393316,-0.8676638924261924,0.022039116206492706,0.12912163051966274,-0.4803468660822919,-0.5526499049403695,-2.1856170603079406,1.362612147259541,-0.8169108499294447,1.7748718538647221,-1.7052720301300053,-0.915370734123402,-0.5465198999819055,-1.5476835179098283,0.0598868181531599,0.6645452211526147,0.7208792231142821,-0.162307689571378,0.4791646290919878,0.03161216889275006,0.054574521942142386,0.6918956597628385,-0.025865760428331344,0.12758224552853475,-0.9758763420565414,1.264016295089523,0.7489877026636023,-0.014906044031174638,-0.2634692759377612,-0.15159409430317639,0.80118118186288,-1.529853484851727,-1.7207506065701144,-0.8023562503413985,0.7671348925339403,-2.4517937334350917,-1.3853950572826585,-0.9163645047539023,1.0982649601419567,1.2367223047004052,2.4781106166392295
2025-07-09 22:18:04,-0.16573719145665042,-1.1004546502813612,-1.5148667657238717,-1.24006069519506,0.6922394668670744,0.7051006308450593,1.602048991355891,-1.588234730145476,0.4876744770538352,-1.0174974938488346,-0.7982809884771875,-1.8407577968198465,-1.4679569818650249,-0.3781760659733518,1.0674639714063094,-0.1437573139134167,-0.17974822552436448,-0.31746790577864387,-0.719721763857016,0.06917467040389579,-2.1056777501001034,-1.1581469063460463,-0.7700517971096807,1.3717869615335647,0.031177888378205898,-1.0436741797260072,-0.3617762336285332,0.028474076355167778,-1.0725509521898553,1.1644520331505601,0.26626333718678585,1.497740161609004,2.014399764251413,0.5785165710147315,-1.6987176305911538,-2.7465904292272443,-0.18757902033476295,-2.4477267914523932,-1.025699067448274,1.4035009300111336,-0.2073497277160652,0.3288356608193239,-1.4583234157723635,-0.6793167740015154,0.33773090652459686,-2.5619062116103053,0.08803967962186456
2025-07-09 23:18:04,-1.5443998966730463,0.16968934641428465,-0.20960580956921268,-0.1547906764321269,-0.18470379891727567,-0.14135893281959155,-0.7213409514865478,0.608145921995209,0.37296896856034273,-0.5145657435909923,0.2611370233575439,-0.4044954248232619,-2.0529284746664933,-0.17936985140621783,0.5312523853584376,0.49437950168548433,0.1149509286896029,-1.2633775058160732,-1.440368020197758,-0.19673739794413977,-1.4850304541342765,-1.6926779524568254,1.872759536837007,0.07187019121241439,-0.04568438804070464,0.59292253601063,-1.3991469328191182,0.14708033907379497,-1.2039158679243194,-2.3461958621634937,-0.4407761351478076,0.20408875845605878,0.4416601695743557,0.3335986217527863,-0.11656224998619708,0.24745859133407236,0.9092376514724133,-1.834036461512278,0.9491353178663785,-0.1424629476390411,0.5178886758202607,-1.3989272090326594,-1.5782968713112895,0.09030346836027352,-0.5136941770526312,-1.3732865476318763,-0.562440112467627
2025-07-10 00:18:04,-0.01848412151106828,0.46276645577613734,1.6969537909455354,-0.06578371654934047,-1.0344754181404536,0.821680583079533,-1.4519053029359417,0.9287523400026931,0.039733217444449825,0.5927203364297108,-0.5593269011116474,-0.6470644720143912,0.28986052542069135,-0.9685948023786008,-0.29020260742432974,-1.5146131481313436,-0.5291601538678092,-0.12744955846714798,0.7408241856219345,0.452023329740822,-0.7567084317534611,0.43427974418832377,-0.7474819910876982,-0.532577217824846,-2.064599649267504,-0.36725758804131536,0.6164525309728281,0.8377124905977472,0.4332498065325921,0.4419878282583033,1.5422747588479333,-0.40727887131004387,0.6696219441078949,1.4408743759977274,-0.5750772979808413,-1.0632066054323792,-0.10921213731754406,0.14100940372466866,0.15941217397568158,1.4049320633045466,0.20209237634454405,-0.8520337753923887,-1.2107709412866967,0.3239193307388276,0.14407766517961565,-0.19529243479108624,-1.599171803510665
2025-07-10 01:18:04,2.7658976874268317,-0.8427554875061168,-0.5573694974542988,-0.5732999726720752,-2.1060238419699067,0.42742627617205553,0.28298780088823744,1.2462287230987679,0.23477549536408773,0.49137888204684554,0.758493652378333,0.9099532474848067,0.0031940146815488237,0.25010262061067834,0.5100018268544545,-0.003096494813237429,0.3480845098758753,-0.9345599525761823,-0.533414672555836,-1.569311982930699,0.3968854605078208,0.8556369064642879,0.3348268184888278,0.11273243348127966,-1.5181765818302386,-0.0576145792127737,-0.3440192930278356,-0.0356450992077957,-0.2630440539036704,-1.6069061220858005,0.44734844125971046,0.49692201670876557,-0.30024510581280817,0.3768703418681508,-0.762034534537487,-0.32088148896765417,1.2948381680931813,1.1311966372757298,0.5737144166118133,-0.8639756141804971,0.25582961925480274,-0.5360271670312474,1.0707921772051674,0.2933111066968922,1.391094997203007,-1.1996369542193717,-1.7633208028567866
2025-07-10 02:18:04,0.04403621627832163,0.3739956598434545,-1.0500268988670436,0.6692334647783602,-0.3458435329080055,-1.915417378326316,0.6746155705814121,-2.699954368676158,0.9175904197633904,-0.985202792781677,0.2424629870087604,1.4053979359120328,0.5420783828997985,0.2877842127983837,-1.5497824853422497,-1.9188728281153986,-0.08454789007682766,0.39398175006811537,0.48634708176830704,-0.047446027626241075,1.0064602331267227,1.1497172520407806,-2.792798522786538,-0.8938496570986071,-0.34472377293382284,-0.4903661118583878,-0.9426675879734568,-1.120131661327335,0.08160664831615833,0.3535011435425758,-0.2083083768969647,-0.6623991957896317,0.3249705957499898,1.233975656324152,-1.1769422750566967,-0.8446492915402636,1.6244671556358552,0.08518628033252396,-0.5908303803580561,-1.4145034032768635,-0.5371736941462946,0.9419372677147777,-0.6461788582707706,-0.724963499482454,-0.7114908323333978,-0.279479276833868,0.028142564676141936
2025-07-10 03:18:04,-0.8782638552305677,-1.7119047839943609,1.2940247797042224,-0.832051791782364,-0.5687133827689286,0.15919055863516068,0.6398183969292996,-1.8531794266505575,1.1270770717416096,1.2645441908570834,-1.912357650229628,-0.8457258537661615,-0.5474396529881469,-1.21446787875071,-0.7049397056479696,-0.7184694472346974,0.04580649418743791,-1.72084940872035,-0.3672159268555227,-0.1493086686412762,-0.22501650624073824,-1.6335303030561172,1.0196189226916692,0.5662810677374234,-0.677245463132,-0.6147651892794365,-0.11183008217978468,0.7664270983983965,0.08778437291083366,-0.3996589649626072,-0.2084242040807927,-0.31789139357702706,1.0579932679798678,-0.3850959453883777,0.624303936864016,0.46377864934849156,1.525434691740925,-0.9068168074364952,-0.19631764965489798,0.1094014019279763,-1.0200245923220244,-0.1955434914850566,1.0194869561242201,-0.6678084483675912,0.6928243687777679,-0.38613415376006766,-1.580646061733435
2025-07-10 04:18:04,1.017356007800947,1.8066977154509414,-1.1401308512843875,-0.8271587043092768,2.054435034034885,-0.48478384627470456,1.3874581900398057,-2.853503267401492,1.3636465813458374,-0.6064592704909635,0.7463542419581644,-0.48157803395663595,2.269072920580929,-1.0245673264380621,1.4588885315116475,0.14517211269222569,-0.3531151462124663,-0.8861915354147274,0.8459502124522374,0.9894836920440764,-1.1126086898999783,1.2558035015613553,-0.7436546006366611,-0.47830134395475543,-0.21672702829443188,-1.2825902867287537,-0.2647232473236636,-0.5864047660137182,-2.008426163249551,-2.2697126123099753,-1.5309186627364306,1.0586977835176354,-2.1503516470995936,1.0620696572809158,-0.03682414998093087,-0.06642431428171217,-1.420641267304879,-0.10463241229166793,0.6269587907869394,0.14056208755292574,0.9969075341347478,-2.029597833876547,-2.2598873370335695,-0.7306841061017012,-1.3794276012355213,-1.0093360554859485,0.14028322360958367
2025-07-10 05:18:04,-0.8495396945426815,-0.6421574423858706,1.2389000305009596,1.1633934487342361,1.1983161259471786,-0.663395095454886,1.35506115973542,0.19761141358572518,0.887887474274842,-0.17169175654470853,0.0006810086840862249,-0.5537021456101706,-0.6354094347080449,1.8059111195572306,1.6426653530015285,1.647869283285354,-0.41596366254650274,-0.6302802315462057,0.39297022372767665,0.7535791149422776,0.44162609900964933,2.229933087008306,0.6268412222309319,0.5059750053092246,-0.15594586140669,0.3856730996895628,0.10381462399406535,0.40412060969889824,1.733379578648806,-1.52551615003517,0.09473336848070579,1.3780529764351777,0.5907300980236668,0.6573716786294356,1.8095695987895288,1.3891289478379532,-2.091463460784339,-0.17124156549746902,0.5711770906490979,-0.14052885664516146,-1.6203115628005336,1.1180756155019196,0.28567897800949066,-0.2640288750812305,-0.764552187416041,-1.6220882900223437,-1.4700575532531872
2025-07-10 06:18:04,0.8717437651676853,1.1425544678153632,-0.016859891584757068,0.5664520062981886,-0.7017941013597051,-1.0928304724144589,-1.8721039212903783,-1.3677259832924518,0.16389667470275657,0.7033160083067395,-1.8533584320057244,-0.09224698711174086,-1.5568932988824253,-0.5452210322597748,0.2394692091663386,1.9109251663980753,0.3227126185043377,1.7865573572711102,0.25148570745709076,0.024200012446463817,0.17875850620435246,0.05727278592424086,0.3202806176675562,-0.5584229489483962,-0.0883806044269856,2.0693296719901997,-0.07932989890608487,3.0986423972425827,0.22196752023875027,-1.2372768703974013,0.41759581145954255,-0.09166533276400239,0.318843742666806,2.1890307384955494,0.24525940567597457,1.0707173264363758,-1.262278994812035,-0.05047277451137459,-1.1049733303127582,-0.1460412174489073,-0.5014572798827299,-0.8960828972216903,0.738067569138623,-0.351938290501517,-0.38063838254784815,-0.616586173603332,-0.9483220619686463
2025-07-10 07:18:04,-0.9797746414508455,-1.1505528354166934,-0.6160991719080221,-0.0573728227221367,0.970933816480116,-2.086829708483414,0.8113103271556232,-1.4397149045132964,0.36208759628554454,-0.21274045382897674,-0.06460838854266272,0.8073703585518771,-1.4575705050041063,2.2780203381912556,1.6229963586846952,1.2300699799049064,0.08055399774379386,-0.6397212497019404,0.7106516144690312,-1.2970689999818608,0.1654312529105965,0.31110152385672735,0.42652325487107645,0.4368054377486327,1.2921816203429752,0.9194059513435916,0.44910038004717695,-0.3415034687628357,0.1056128405238676,0.8848246431759815,0.47806380092944406,2.41234259989165,0.8891805877407116,1.6448969384282377,0.062237507056554266,-0.29744594000413993,-0.14211449293380177,0.9697413087978008,0.48701265665410925,0.2050899557269048,-0.5702180765505932,-2.2037800607172047,1.5273911825200976,1.1473173012143454,1.0275804168021405,1.254649261133274,-0.8995474095821646
2025-07-10 08:18:04,-0.0222865696401602,0.38298211431976337,0.6363948935716675,0.0950969809162167,-1.2719246723087771,-0.4267180009040092,0.47144568276605053,-2.1429282334578725,2.0610220319728243,0.4959559257701827,-0.6904746151343707,0.6750553609865175,0.04353843390449638,-0.5987924863482242,-0.055026844012485435,-0.7598654296938135,0.27245245341905094,1.3693788480594895,0.9091167123621225,0.9055986459491105,-1.5618855558052753,-0.004448985023476605,0.4757271843972782,-1.3304582111797651,1.4512977886589284,-0.3685369786602901,-1.1291816269077377,1.535005843701331,2.4899166602326632,0.6633976926499938,1.0813771220721689,0.058943004992496474,0.4143442340728631,0.9659595112309985,-0.7792377136564881,-1.54779712876617,-0.34870771293539077,0.12011081468875852,-0.15681110367144874,-0.814633904023643,-1.7835849817213276,0.9241954846348005,1.1688584954383854,-1.349356848044529,0.40338636914278,0.17538214186718643,-2.382471963542737
2025-07-10 09:18:04,0.12069238453005178,0.038407739234876524,0.10110392535479407,0.16112008517626453,0.701571133780409,0.7324076429025248,0.7143691413601542,0.5976041226939297,-0.6480380503657155,0.11047743172195369,0.8020405234047737,1.3407730856659084,0.7890261559152276,-0.2925361667449042,2.586799935139206,-0.9138803105549771,-1.2438653858005744,0.39455332318439407,1.3055394155262352,-1.6444809723716896,-0.5943280364146227,0.7396339741640598,-1.860774777185146,0.6956652596103222,-0.3033833751905498,-0.08517165938383654,0.6996369843885901,-0.6149424049526174,0.4683697005787323,0.9368244209373346,-1.3011840288841512,0.40341694685104784,1.1438441802528643,0.618169104204168,-0.9229702786473638,-1.7335644798474887,0.71746965594042,0.3049931180496877,-0.5867307226162328,1.0246140070004908,1.6144839990875541,-0.2527106474087698,-0.7892535022292684,-0.6919969768399323,-1.8599584871185224,0.7309184802402602,0.4934139962394861
2025-07-10 10:18:04,-0.7921798341995467,-1.177839686765787,0.6840913764828044,0.7150317093755244,1.7607808109598986,1.1178239016640064,0.852524621800693,-1.691640923154323,0.1766131729965428,-2.388101881561782,1.3143986628893325,-0.41511024820350845,0.7229935926866992,-0.4853687218062272,-1.8044681780228928,-1.7544715334364223,1.5286940920323153,0.9183530969731265,-0.9035990517524078,0.27245234542957836,-0.5868668164451902,-1.5288770413098203,-0.7967072356932826,-1.6354067931365837,0.9762970211740024,0.2099815205751173,-0.6092608358116739,0.6073349875931652,-0.7137426333992065,-0.982338205019622,-0.38146029578211965,0.28219425296918577,0.9498031147691156,0.7352634318958001,1.074135429118136,1.0690293701568325,-0.19921412739522806,0.6638057291720509,-1.8821365872968558,-1.6960230069357707,0.06224554081175327,-0.5577662683879064,0.1374924170679122,0.5359172820440582,-0.6981885034365918,-0.12956764285939176,0.8559933845244808
2025-07-10 11:18:04,1.114241341107699,-0.08617560313726862,-0.8156085586667146,1.1033169022213696,-1.9405042814330482,-0.8210556621731746,0.972906768669495,1.084653760720791,0.5575257640092344,0.11132034139323879,-0.904476058187838,0.056976696048591444,0.14717753266287337,0.3445412390202383,-1.2503918142909334,1.675014585662759,-1.793752323069074,0.6395450099421842,-0.2700096464317639,-0.828034777048287,-0.14532756350968284,0.42668561636688174,-0.46843267722751203,0.9519006892652444,-1.1631776712563842,0.9260502096803991,0.7897787829887526,-1.9585814124623138,-0.8635161408084525,0.7537977153629266,1.7581910785469632,1.0532937166216387,-0.45556191271887725,0.2919494965318062,-0.1928612706638427,-1.6662188161796483,0.9462454533013431,-0.26719852972158975,-1.987979616961827,1.1278786925051563,-0.662023115316115,-0.6649893967360807,0.036907149737167994,0.15728575311806034,0.6166944745733067,-0.522169353131152,0.8115152040902469
2025-07-10 12:18:04,-0.2432371173943134,-0.6146501463391681,0.18001611649184174,-0.09984062866667037,2.0686935208903696,-0.713205784138284,1.4037489433899293,0.5408394565721134,-0.16478846802997224,-0.8514746296290229,-0.5513767368682105,-0.8006772562586797,0.6698239940828975,-0.2211512017857295,0.34215837491602685,-1.7322546724073566,-0.22732013650794045,0.2675361787144561,-0.9770150214142037,-0.1981325999178226,0.08002595444502852,-0.054278994724517804,-1.0296787130471394,-0.08367917858783298,0.23376906083462218,0.599530421167729,0.23361765094162756,-1.7684615217140487,-0.2854980752888923,1.9988664692528564,0.2603606842209952,1.022430018877724,-0.3378923760677707,1.098278365220546,-0.7968108841707581,-0.37931869199298274,-0.3894706480612673,0.05065725626597202,0.23318746701877402,0.04953646205929529,-0.634689388409722,1.7942716695391487,-0.261327071351796,-1.2293656277029794,0.3519569240650634,0.9590877012250163,-1.5479879805154906
2025-07-10 13:18:04,-0.1870948707262731,0.7510116703149491,-0.4697361317058195,-0.12339986782065096,-1.5686657966171365,-0.4615647820396452,0.07315995879164679,-0.08939858227092796,0.7252965321991678,-1.013909147828188,-1.3822496628889263,1.1816084393746025,0.4852930166097168,1.2790253349909877,0.5284256635713597,-0.3842643461221342,0.14770237779511322,0.04931387613941995,1.6916742699288707,1.1252156813287215,0.9819054416842891,1.0983735535650812,-0.10439493006442667,-0.18325673360879022,0.8467573985487111,0.2703513050771594,-2.190394926504297,1.6906107792165892,-0.20975068522400495,0.20804507406396056,-0.955466274682855,0.9759159568326266,-2.281353303818604,0.3955799533347059,2.655775260711924,-0.9368462564172707,-0.10315521385083369,1.530932446760508,0.2684048614705185,0.7282627541436949,1.3175450120932088,0.4626372042299884,-0.48156414273069714,1.5778464933621796,-0.8932551822013576,-0.5866995505976031,-0.4998464641074807
2025-07-10 14:18:04,1.5454668146930113,1.4308658707248816,1.736648814130393,-0.16180071941918733,-0.7668505827126516,0.149001942752388,-0.15152285532940804,-0.21435133959737132,-0.27535603146273707,-1.132043007633777,-0.03285318546235892,1.7863774538246162,1.1223614777308177,-0.5786349284394904,-0.6821039389114297,-0.25709196341059826,1.3473493500212073,1.3525528346131725,-1.4055210071938198,-0.3978584942818933,-1.2342343974073549,-0.8453099191543089,0.6803484615112687,1.2186972385138786,-0.11089339490806928,-0.7002183447989275,0.2659817840615542,0.24803498357139733,0.7147555452998379,-0.7028484472641008,-0.45824942115907846,-0.23615360647219324,-0.5747396492269746,-0.7151869834620859,-0.4446856705384396,0.24376377238978944,-0.603496705210416,0.4866075970376524,1.250511375526013,-0.3497629361501797,1.4154572156583967,-0.5292256648462975,-0.6467248325970313,0.6607719350984768,-0.37832934970454063,-1.2519711370340134,0.5826414418253795
2025-07-10 15:18:04,-1.334035174959335,0.9549660830047338,-0.8433882959978104,0.5565181991997152,0.3469788444228771,-1.6790483598841148,-1.2754728372557913,0.6021131641901328,0.8804968549719226,1.3289024159701721,-0.3732483009075348,-0.058682664767388884,0.3148694461461285,0.7035834644159172,0.29756427352274734,-0.8262390777721789,0.19386813865500208,1.5135761710425883,-0.909857952455669,-0.4871857767960266,0.6250416850438515,0.2266428189602461,-1.315085281328526,-1.8399062740684657,0.3064160253915094,0.37564828686633656,-0.6364092167514964,-0.8429321865855014,0.8197744081809136,0.48003390758612624,-0.8156425274531884,-1.4850577663532971,-0.5372347595959103,0.12104752279585015,0.20895174409353434,0.32455653317079225,1.6566300855636549,-0.6551042674725278,0.6680466617919684,-0.45578972622976305,-1.0631567663908326,-1.6546662023453487,-0.522717205334191,-0.03897397643842896,0.44469869822387065,-1.5300151306759389,-0.7912268918761552
2025-07-10 16:18:04,-0.04695237733894504,0.6436106168871044,-0.9291303420341106,-0.03275632745336227,-0.28420013137580474,-1.1970596420721376,-0.9530736333114411,-1.6095690627570773,1.8317025746870101,-2.0957826721558255,-0.0838443750077627,-0.41581136425907445,-1.3454999681959972,-0.02775849243476575,-0.7129769290540297,0.5337645511020732,0.7993836598781346,0.08377960460530083,-0.2384098117351864,-1.285792303591736,-1.6882675156065747,0.7935096979880533,1.769400534489761,0.01643772521926243,-0.5026009044551698,-0.3955903440137007,0.5068412507051008,-1.2136782530938017,-0.7896894181659339,-0.42551401634754565,0.14215918886109075,1.093218278678257,-0.8899618402523015,1.3005130279387445,0.46586371845604546,0.4111462475239128,2.802569265482603,0.09967513138031941,0.5911265186513025,1.5274467116721313,-0.11023002394335175,0.9276706578823486,-1.2456129335578467,2.0352642346917644,-0.039799091411162855,-0.15588857394628852,0.7627169934804578
2025-07-10 17:18:04,0.6820716516368132,0.0018389271792585758,1.0335433192635979,-1.6821973982642862,-0.5021061378265509,0.3346724116701768,-0.8594159516975425,-0.18886419952300368,-0.8929882400393399,0.8012484368966647,0.4079580903500427,1.0334815619550222,-0.5893552359267967,-1.1863392390610088,-0.15653254486357424,-1.494158676174825,0.15734763943634647,-0.6467220156043526,0.7370382485854616,-0.0191252748451005,1.1222811347423065,0.4608770608755704,-1.5245942834416895,0.3995835584658553,0.3115513711095306,-0.14198813970783683,-2.180547088292924,-1.2256667035358364,-0.5978478508192897,-0.4174710341560466,-0.44160404557612276,0.8435379491400048,0.7287474021472112,-0.5176661945796455,-1.1491285505600974,-1.634754894062191,0.38921403412562233,-0.3941704181442698,0.009155572105556554,0.27218967832795543,0.3568611571244773,-0.9700187930561347,-1.443466333087262,0.38100576209088943,-0.599014507422541,0.9139998852320326,-2.501142024817134
2025-07-10 18:18:04,-0.37990435071516915,1.7091558509700326,0.3712091024932486,-0.7408337755568029,-0.44809727363805574,0.3602836254503862,0.26102121194647937,-0.8693877465052017,1.3695341520988482,-0.4881137524167383,0.0016940520266952104,-1.5483414313090278,-0.7717320142885751,-0.107031584532698,2.4001958421525567,0.17754153734184885,-1.692464729158039,-0.6820502196193764,-1.7755047869230585,0.8710478015546145,-0.07480651916620606,1.2593371207747313,-2.8824828377315246,-1.2786415189007563,0.6651579526744371,1.455295526792243,-0.6812065392011903,0.37872812432829817,0.4353672417109126,0.9954116701199434,0.8386720297198903,0.5291681469783425,-2.0135512500540313,1.7229401070826575,-0.09131662644271019,-1.4136686516104258,0.5501835376769898,-0.8419462721206481,0.3294038887803487,1.3420463290988935,-0.6396915631688597,0.1799134712197434,0.2941388102112397,2.1788738173404387,-0.06435495095754708,0.8593906965523908,-0.5339185685691933
2025-07-10 19:18:04,0.391905561309104,0.6835663493485209,-0.45458212174675516,-1.0359971529820917,0.8826339552158048,-0.2279662655433092,0.7096712109874138,1.9081054839214822,1.6841656812686987,0.1466946421820314,1.6839046638212374,0.3588203076495899,-1.3767116617928583,0.2057951515651699,1.9425086768435242,-2.432290539960566,-1.6205863303104133,1.8147345026062731,0.6304204713038518,0.004769904426548617,-1.353869658623425,-0.32403913836334847,-0.24146612442459295,-0.9890123563199075,-0.7312014518081689,0.003993907964386798,0.4964075223974592,1.3674033224975728,-0.262033496906985,-0.8070167804380214,-0.9735656766768298,0.30079375613707027,-0.9505822691806411,0.7989056883196785,2.0591009930972928,1.7099522851607547,-0.8068796551947621,-1.9452123471428115,1.1984370010985328,-1.8731045539095468,-0.2914589251502563,1.4074798760055385,1.6668999358597918,-1.0247348399878267,-0.2867304711022652,0.679980184612832,1.509875430258044
2025-07-10 20:18:04,0.6688675559699215,-0.5287409827723264,-1.0673172458409925,-0.0040183663820154295,0.5054170149058512,-0.1232269466003799,-0.3766687118763705,-0.25144668213062,0.09511605437219209,1.121413398281757,-0.8067087672106059,1.299026858899594,-1.1664125767049442,1.0430784176466115,0.5850372053285218,0.0991765989745332,-1.1005794853515185,1.219963042998719,0.03843546554794645,-2.2238223175741414,0.10282489522561625,0.9593310765072537,0.010386096968341675,0.3526742414069179,-0.29542356218588556,-1.5497188671035014,-0.00553239693108456,0.6499133263662483,-1.034792734664116,-0.21099991642255025,-0.37982474366065005,-1.3785406575965269,0.13211021474438434,0.8241519025997724,-0.05150236723654606,0.640085125898486,0.3612032819877557,0.11442681371368729,0.923009821728089,-1.4608242033067027,-0.4126279786119489,-1.0823469207650271,0.3164063505119807,-1.2586456233864256,-0.21892039451968967,1.2358799688847364,0.9000225538719522
2025-07-10 21:18:04,0.6211815969396681,-0.5762382004979992,-0.2605708350727802,-0.00783742014487671,-0.29039327282928595,0.42938058460234524,-2.1163135639122532,-1.5814825890618682,1.1623041335094517,-0.1452497262620128,-0.6743192876561241,-1.3638993858592638,-0.53037574281226,1.7386358427513902,-0.9342587927647555,-1.985255437060131,1.427569878565895,-0.8712728911003476,0.7112830521479303,0.49670582015700254,-0.2404820196474206,-0.022201703382396933,-1.5284833856525653,-1.4697722081381022,0.1023480035260112,0.9412344509440842,-0.6309996405047303,-0.34351176561360813,0.31556280920870566,0.49810489774357614,1.2413264161543598,-0.6990864353356494,0.5195202203171602,0.277596742281636,-0.03150157976736085,0.5256664963695585,0.054599351070962004,0.10704049723786933,2.1907040885077063,-1.2349226167552771,0.10035709312497451,0.1477748167616792,0.9057156193922777,-0.7544347845316397,1.0696274980763858,-0.033213523145228616,0.07431432142741046
2025-07-10 22:18:04,1.1298916941093602,0.9125945126580685,1.4081426933294903,0.6636097136325001,2.136762710795514,-0.5669505373621252,0.34944997470573747,1.0202968614813872,1.2508517680285771,0.4348376550613383,0.21842812648111629,-0.5991744013727388,-0.49012191947977213,0.4541496692270774,0.024711921414754118,0.316451820158718,1.0499929751137789,0.7543098932088124,0.9206994179695492,0.8692062228583721,-1.8431160297611933,-0.5619337189144565,0.19629528479993097,0.7087911522921789,-0.5911103195614362,1.1609309318803442,0.6993988890106291,0.1211993281180144,-1.6882553225645203,0.9446314450281211,0.39696842148419664,1.2476605483367036,-0.8893399009304823,0.7047946980318964,-0.7017108579089899,0.5111646885664796,-0.07567755598314262,0.5979757684911934,-0.1554454418111497,0.15233188778524615,-1.2700397602066427,1.970070617092914,0.9326043357122378,-0.1332743445540579,0.39775256277043614,-0.06391815009545827,0.49186323353321243
2025-07-10 23:18:04,-0.5062717991410985,0.1508804464166335,-0.4043753938614836,1.367980609079381,-0.279555456904398,-1.337518473965562,-0.45961814440347504,1.5222336193973678,0.573781449893889,-0.2876942974216044,0.07220084906864185,-0.07396947988844192,-1.4302950070620735,-0.9110419887179722,-0.9340011515358327,1.81649830446016,1.1281232043346916,-0.750068694075453,-0.7996028816327169,1.4545211287282056,0.07404017823347496,-1.1642137450553334,0.10711285518034201,-0.3785705326892309,-0.7900443534582934,0.7560117521036296,0.2941977939108401,1.136797337650368,-1.7010093017202759,1.9457519263751781,0.07123155753133559,0.24728441398631276,0.6022372591733501,1.4452255233828375,0.3024478344416749,-0.7979076927828206,-0.39951517662639935,0.6122108471806189,2.3994662595518172,1.2796250632291064,-0.7721460281343272,0.06004079255322832,0.6838595521421041,0.6268265988649444,-0.5339374776694666,0.04109519755798752,0.8321461966968727
2025-07-11 00:18:04,0.38670666187539326,0.2955998250469985,0.9931290243465647,-0.324736951905463,-0.5857866335613698,-2.3638226470099997,-0.2881133304475002,-0.3592870014633659,-2.427022333482624,-0.7258524315529397,2.24213729581055,-1.2685402830205355,0.07129041028450622,-0.44980552237043353,-0.27310908471141265,0.8543492321943793,-0.7492404960187993,-0.24324070603945624,0.7855008016015672,2.077807498324727,0.42949867577624334,1.472209863257005,0.7255387160685721,-0.04974842535009584,-1.0005440764294082,1.286245494474709,1.0858185089522039,-0.7521582632279239,-0.5048359311447344,2.33147808165206,-1.3828382936427812,0.089625474911299,-1.075718609592928,-0.20778792506812577,-0.2247238702417318,-0.5990177735978286,-1.5326228428431743,-0.2635968881563566,0.8417535826923234,-0.5939796109235507,0.19423748510153424,0.8773496349720377,-0.8307054573536703,0.0895227357262968,-0.7999895916239022,-0.08200868970255444,-2.164184120153436
2025-07-11 01:18:04,1.0386095189155118,-1.0759787040331934,-0.007334404692712105,-0.046109445946193615,-0.2871876476014852,0.380658515526185,0.2078352780383039,0.1711458184895664,-1.4366779981218476,0.5888542171425238,0.2505107432608108,3.5934625074790456,1.725072455043308,-1.5990384550523653,0.025575265118025655,-0.2010115033359871,-1.3125245016060803,-1.2854139040275094,-1.2768767448952463,-0.8601766680630507,-0.4786984944366741,-1.3230942015128215,-0.7059023758700236,-0.0524045896844475,0.007963259725524075,-0.03327122289804436,-0.42586919147505026,0.30055524459099403,-1.8811479563931475,-0.6784830025966014,-1.1455995922305053,1.0220096830673275,-0.5877261609447767,1.826940916774772,-0.49042815479162327,0.6962120763525939,1.357664856996239,0.7337378939518512,0.18154926430702364,-1.242666327480713,1.1099993617588186,-0.4767988796470937,-0.5390743792084232,1.2111935282290598,-0.33677553299934204,-1.1469872771077694,0.7303952174380123
2025-07-11 02:18:04,-0.1468261859015781,0.7480431893243047,0.384394872102556,0.709627966946031,2.0765115790933115,-0.4980089273227449,0.3063669022597823,0.11533656572331641,-0.4645621190361364,0.041935137354128495,-0.39545470477165695,0.1430886379806715,-0.6543428829713009,-0.034252523048714005,-1.4943383094751868,0.14549005494419717,0.6472581704109102,0.7297862979473496,0.5297714688096641,-1.928689041100811,-0.30729401804282397,0.47052557190193584,0.26348427010740444,0.16610191249270928,1.7319499811426984,0.3233498394046297,0.08611274476961363,-1.7155358771528084,0.7582390974791039,0.2404609127201436,0.7600697262757672,0.9465027966215567,0.3943083627842036,1.1906263287144128,0.2150383050723547,-0.13937777949716143,0.5399200421436019,-0.11379848543625654,-0.7006291314087802,0.9517977910681127,-0.9941641652265896,2.5205718139589366,-0.7294592871740105,-1.9009724349794903,2.930235032642399,-0.8931732728898257,-0.015407672091317583
2025-07-11 03:18:04,1.6118656547853272,-0.1945850258231302,-1.4177938880595675,-2.1911844277370043,2.2748775027014134,-0.03592403249206234,-0.8582553618765679,0.0638777185436198,0.10118899557339184,0.0412549920023957,1.2686726862491438,-0.7785210165571019,-0.11601613173668586,0.35666358789525865,-0.39665866045811554,1.201050809026449,-1.3396761268422512,-0.19115668320492685,0.126438241337205,-0.9478883710462621,-1.0354034281727407,0.08181942380854694,-0.6102068942319683,0.0858360538005294,-0.32299610222021313,-0.4479160565809256,-0.9832635686732153,-0.2801847313270421,-0.36082570421952465,0.9424927694930917,1.1529095841197665,-2.6139803493295948,-0.36439455372401286,-0.5957943525768848,1.2532006759745862,-0.3938948009369143,-0.5860360945242661,-0.029064940597896112,0.4870894087569775,0.9568637481970985,-0.1666024119621135,-0.17500857759012411,1.262419131356412,-1.2797682833741297,-0.39380166453107734,-1.3041125984713267,1.3244447989504795
2025-07-11 04:18:04,0.3470323529028686,-0.18455576926267173,-1.296525260552134,0.44042383801397655,0.32460977238167565,0.661803387111824,-0.43268142487798256,-0.9531872595094862,-0.2683996148972631,0.7229242420544312,0.3016839113814209,-0.38847716532666743,0.39758153756821635,1.6047402408151745,-0.28184529835498645,1.8412452018226666,-1.3026417474570036,0.03584351889573331,1.1820768330958835,1.7267925618653084,-0.8081813130162497,0.8532226061586019,1.3837221507476625,0.5524742102528286,-0.20053850241475352,-0.7182468243526096,-0.2021234119547459,0.0487735447757827,-1.1877820278745155,-0.13520867129338957,0.5427950078597704,-0.677807519104824,-2.030435110057161,1.3903729480633582,-0.859928740727849,0.0888871858253516,1.195665629000996,0.2565465846167005,0.2401620917115477,-0.4033325069553463,-0.6367047109138735,0.6425292249832246,-0.028258298007891453,1.2476558467395162,-0.13359787037252913,0.2225748650871582,-0.17747871813245217
2025-07-11 05:18:04,-0.785402113587731,-0.45187281635716475,-0.2733434690607277,-0.12678178443771582,-2.587855185533627,-0.782271241615855,-0.15440886249452504,-1.7071561369164576,-0.13615263234668146,1.0111578283371712,-0.5972865624081599,-0.9963847034111355,1.7534257632335215,1.6611129681438883,-0.551155147731521,1.0527497105302268,0.703139231777221,-0.817139400355918,0.46355828416982603,-0.445039405762517,-0.11234687684848203,-3.3593478207461662,1.2166697305460576,-0.654075872178248,0.5871136462706068,-0.4758486460255394,-0.13703630242513046,0.5655602391045276,0.3544482750856161,-0.759482412045148,-0.7957993564365656,-0.18786135297685944,0.8231774896727461,0.9913054235668185,0.35101510958833515,1.108507256412117,-1.635594223754407,-0.32995536121617264,0.951531250469956,-0.06347810155110212,-1.4804420913370409,0.6033879775365433,0.7364548508550985,-0.09124791002711098,0.473356621295468,-0.0006476956712861366,-0.4104788376945211
2025-07-11 06:18:04,-0.4975496151757421,-1.2382158884882093,-0.988690929948575,0.48832235420090386,-0.8206890199952859,0.12911335638204674,-0.3825730254063978,0.1779848016097652,-0.7043244978764297,0.0704510476006492,-1.2080143973150541,-0.25177509359628814,0.973893306027675,-0.8708264611092571,-0.3283585369550576,-0.7512441607911208,0.40912860348193236,-2.019210844749977,1.0389669837293034,0.4432586377269817,0.11885690305007394,0.10530655793166827,-0.35403196766104333,0.27856020678177545,-1.145744257881456,0.8495350973272142,0.3501136906042321,-1.3754076387647343,-0.6169458813414462,-0.7880754775204457,-0.3240931436083919,0.1573120166359594,-0.9963022670715906,0.8204627138354456,1.0631780680654102,-0.6623285792506532,0.3846643992318272,-0.41752452744659585,0.5519716752131619,-1.713040765028893,1.0783483535028866,1.0271026731307717,1.6233612333376095,0.6754506700594957,0.11270790740603971,-1.798023959059172,-0.13326228844594276
2025-07-11 07:18:04,-0.766716135881787,-0.3605913610443909,0.003676583083141709,-0.9799070363279804,-0.8438936034603145,1.2555005477970398,-1.3295366409880505,2.154982660232638,-1.0411365352390882,0.5267325197707979,0.25690443126780477,0.8670047767472013,2.226508361879145,0.2035660405767805,-0.2900379160761629,0.769945859969387,0.16631040074166617,1.7311256547442788,0.13264323746255863,0.6317593742119579,-1.0505026791406966,0.6871680461985232,-1.273569990638369,0.1595137369072445,-0.8042209628950545,0.252426947351718,0.43390476585771265,-0.6862023106329048,-1.2936094932761455,0.4712924268402477,1.3249370627516883,-0.6354203649859016,-1.1398731935696895,1.8499919753135243,-0.07440270572057434,1.8703816177994879,-0.5976378324235992,-0.6404306501695011,0.28978294971087476,-0.3608895155456877,0.43192579721076935,1.2973768281562827,-0.9162925334295252,-0.24427108863268587,0.1560160913074235,-0.9895886976615621,0.8811000899727437
2025-07-11 08:18:04,-1.3135783777100447,2.0172219938642324,-0.4144637185238133,-1.3603372914273344,1.3822809844233632,0.807538279939019,0.8614938744762012,-0.7655917785579175,0.26885606503468745,0.3837208206716979,-1.7463499152270714,-0.9629899617449831,0.403088536217741,-0.4163660007761936,0.5732661462231462,0.3289260355496569,1.5342658526786244,-0.610397553225981,1.802592653916694,-0.7368458255037004,2.1886615687395747,-0.6358265666336013,-0.20014342598073684,-1.0022590292709908,-0.2629610852439772,-0.1164175246452247,0.3364863943917866,-0.8403533769073821,-1.4393390766454337,-0.5272958625604747,-0.8691955717493405,-0.9401214053307815,-0.4869531053639714,0.2968163832688838,0.8106307779791684,1.0040796485532792,0.035038963852584745,2.3046200098273686,-0.21851339069798287,0.4314536099334137,0.8746955007341612,1.3989338705714,-1.4028941791809943,-0.7641522164229436,-0.29469903976435413,0.17484175161777482,-1.0141159482762703
2025-07-11 09:18:04,0.657906627999984,0.5354847871018452,1.2472002741866153,0.531500863023603,0.568672959405178,-0.8471375576521842,-0.6313470591361672,0.5819408219689213,-0.6376282046432038,-0.10675796356090886,-0.2037878375483747,0.49330785138768746,0.5116722426618701,-0.07651474771114505,-0.16500093221304923,0.6231564615358104,-1.0856650881845247,1.3823390996250657,-0.17712788570816185,0.6913869921269605,-1.7808909489503875,-0.1969940657026088,-0.6448410587270962,0.4646115847673798,1.5624801578236887,-0.4188946613684552,-0.5021251498533325,-1.167106155100018,0.6410368886430727,-0.712431072910186,-0.2741527729703233,-1.6752013658842788,0.9211670483049834,-2.1454959907333415,-1.2727803956081853,-0.23899354524426877,-0.4093066587375387,2.087417746301702,-0.7255601520607873,0.5455902477887724,-0.9140601237972718,0.8251716723687447,2.0047257429248653,0.6438875320659135,0.6830909542638646,0.6762822245708324,0.6451243585623825
2025-07-11 10:18:04,0.39459615467377684,1.2755378815058223,0.4460057326158814,-0.7632211493029772,-0.4238836489823289,0.2931978740754971,-1.6540218169297891,-2.699469239944031,-0.5512263722866428,-1.1873710892978875,0.8075144506517457,-0.32488110225111555,0.5467477116801456,0.5967237011993767,-0.5392078740787418,0.5475334341401564,-1.8699236006174287,0.32864900348300874,-1.1447008104528746,-1.4824690733261874,0.5550629364758733,0.8170565184172915,-1.7084693969747526,0.1538894516024681,1.2934676914372603,0.6338894726115057,-0.4300990022351779,2.2578750497834745,-2.1176145274100815,0.1770016081616501,0.7569689637609102,-0.6507395140610094,-1.7192489062106797,0.13649003572884064,0.5821428016653094,2.309133876577034,0.3223190257971841,-0.5925386930379963,0.24871127350245087,0.5724608250922419,-1.0927705168471262,0.15801719538724684,-0.636704269607484,0.9405262300991716,1.35580145965209,0.6181215951871672,-0.1280121401788988
2025-07-11 11:18:04,1.596293401495342,-0.01840087713790409,0.7766436082857756,0.17014427574575175,-0.8942613395806287,1.924268735395511,-1.4648790443256248,1.087218991702552,-0.11050455415389343,-0.993530738609639,-0.1317719164889768,0.27137771303073494,-0.525833750735749,0.18505919481517066,1.3831420776031749,-0.4657461677443569,-1.3349179735305916,0.06804410646150157,1.8958697676254048,1.1825069918238664,-0.21147634243329794,-1.3778133414262888,0.780967126214525,-1.1185814907310256,0.15777171679164928,-0.20875809483302873,1.4666639599513427,-0.24422073966478228,-0.5288177751725897,-1.3095964817091212,-0.21799621881871475,0.867375760606507,-0.7971622603407862,-0.04954664066417767,0.4301079677128072,-2.4153883989679805,0.16524182778108534,-0.07483457164025462,-1.2641790599568792,-1.1876980875723406,0.3146258258934175,2.1668415534396614,-1.1622066700925255,0.42205741888208964,-0.8932014065971304,0.14171512136151135,-1.3311303557543275
2025-07-11 12:18:04,0.7341006711286306,0.8507436027208283,-0.5292671994537071,-0.5853219534184567,-1.8122708000632723,1.1567890468888653,-1.97774201891294,-0.8260723323646211,0.5752989692299705,0.847227305510568,-2.5613915866725874,0.05067621398805342,-1.3773015017449208,0.16389572309720984,-0.44417526392502243,1.0698319123721944,0.5888452585779974,-0.366821623955208,-0.09335834449081591,-1.3041883757860677,0.34384090647639476,-3.4298722310899907,-0.08248822010200008,-1.7942755904925658,-0.5502617540337016,-1.3506456336869213,0.9799593170152796,2.0512112417818233,0.29760524657422505,0.43460308976924705,1.5905087457689615,0.568473966891396,-0.674482833080286,0.11186068656735235,-0.6203393703919883,0.8767846479069198,-0.39493068000671794,-0.35438477899690235,0.4938878980713123,-3.187380777304016,0.2609722675210838,-0.5421114814253809,-1.4896804493577176,-0.3325362226773658,1.9704558158011924,1.1252346369100357,0.5943754636727145
2025-07-11 13:18:04,1.5870433036009792,-0.7962440596300748,-0.29858957870628455,-0.6428135961289062,-1.8579159042913527,1.1971750740678757,0.6332929554317792,1.2140291490670299,2.0333031450048416,-0.6715706240427708,-0.7290996015494968,-0.5865829944452526,0.24118056226658227,0.3830343781800137,1.2255175308949888,0.9166835800882183,-0.2609759680087622,-0.1046782210835415,-0.2858689887724036,-1.2786564886878304,0.6403088162684187,-0.7553276263553623,0.5854334811749952,0.22743892388005235,0.2048180238907852,-0.7784162867285517,0.7069709124315448,0.7710595564991861,1.6061403054226107,-0.6559715647667292,0.3256841231250395,-0.649140506347206,-0.19199222876527394,0.25711264005324724,-0.5866145901982135,-0.43942712742847223,-1.718042675779022,-0.520187767262949,0.20395755098118673,1.743079738048745,1.1267924987954487,0.04701733724038678,2.0768142445175477,-0.5176765598875184,0.37980783156420767,-0.9016185085483615,-0.6983991226603603
2025-07-11 14:18:04,0.8804013818556575,1.7583909166577874,0.10360346838485235,0.5155485074937389,1.4074232890626457,-0.11247264388911392,0.042576890632403004,-0.49483940449842784,0.8220597738627806,-0.48630552856815795,-1.1418801198397215,-0.3664112424739475,-0.46796567669089395,0.30081920199032824,-0.9201012270494799,-0.677774795484676,0.8256545235121776,1.5711891741138129,-1.9540495154183062,2.101263874595344,0.13719996148435656,-0.32967419674728193,1.3181472143299102,0.9067400750096798,2.447920212533159,0.738925111008037,-0.5240065193796362,-0.6966841092881125,1.0845051589534334,0.38592123479660795,-0.6382192955008162,2.188528734381897,1.123750144246018,-1.398541668381453,0.1265180885712738,-1.647904139573968,0.4281045574906995,-0.7713566611951126,1.610854708576563,0.5289481619403071,-0.05653803572290528,-0.14380956770112296,-0.6179330510191722,0.05165551086024701,0.2518833462886272,1.0716566023157852,0.3228712299734123
2025-07-11 15:18:04,0.12325028214099351,0.591623892870961,0.2671201680421125,-1.1389496828588284,-1.7996594386866087,-0.7277660639891587,0.16179753720534157,0.23178935771546044,-0.966603286543117,-0.9819607351265214,0.40494160647733984,-0.799775620696727,0.3264335471738147,0.14998685403519196,-0.11758619553877661,-0.6133924875474085,1.675475213140376,-0.17256541190369282,1.1760685526149286,-1.0285164889954783,-0.28587493773868333,0.8786686236779815,0.5301761018774298,0.3527272135840476,-0.38272458115531205,0.25432325897763053,-0.7115630521316908,-0.4530283131853124,-0.44943819842594623,1.840820658120708,0.5345060128831499,-2.0372206550968643,-1.309043139550665,-0.42857502182173257,0.5528462338556481,-0.24587214178880543,-2.216753392411825,0.8654521422774044,1.081068071920093,-0.8568687118441225,1.2268834990996205,0.280818085599582,0.20907338392239957,0.642586708944992,-0.8083915681162577,1.199876988627731,-0.8002965413561224
2025-07-11 16:18:04,0.5634945388777746,1.4020415018345398,-0.39114647965264526,2.264822391088002,-0.4645728995331872,-0.7036643109337929,1.3643578727111538,-0.67714658327482,-0.7445782504806834,0.44711288576447816,0.42899810903366825,0.10569999607843798,-1.2019521478628334,-0.4209786491179497,1.6141012148867306,0.6144771108429489,-0.6347300708535396,0.25255104733323286,-0.799785093722458,0.026061867582907076,0.41776573923513777,-0.7048250475181413,-0.5573402441947964,-0.44244931538248217,0.0497724495917058,1.543133710600171,-1.8434242688933231,0.283318900750613,-1.261807707212232,-0.9568024649551686,0.44457605726367555,0.2461347898274162,1.3712444303906293,-0.33407548513540763,-0.43500075305821195,0.9438062613143221,-0.14914083831755148,0.04266727203535451,-0.4975396798604589,0.42661677299433964,0.28754923980941277,-2.1210721295586943,0.09003739958916168,-1.7256566803202564,-1.1986968652881085,0.9367565236802701,1.4317545851677227
2025-07-11 17:18:04,-2.616239231575645,0.21619643508665806,-1.308704303692863,-1.7348045064357303,1.4843604293057278,0.20241831859941112,0.7232148314594725,0.6447538716789967,-1.615604530046711,-0.0687064153390804,-1.6807031963911834,-0.05458327675490029,-1.1022159025072609,-0.6680340701901684,0.32099279265765046,-1.3721041949801416,0.22877571909394667,0.4877920332867139,1.2852256735348229,0.9977483324881415,-0.4457351900944569,0.39560918391628813,-0.38286464469131354,0.7290697421314936,1.5834899293205573,-0.595253035371421,-0.5524974592483772,-0.9905739780682152,1.2134228295695004,1.2294611560323885,-0.612988723756647,-1.1621307774629934,1.16707165140705,-0.37558284020759386,0.045004891375113515,-0.7063157700911068,-0.40619420816272717,1.0206382961411502,0.03219744247525187,0.5713312256449953,-0.003986044613706959,-0.08451349211275047,0.7464327408985949,0.43573715857824946,-0.1713356019846321,-0.6065321410288056,0.20537930981149638
2025-07-11 18:18:04,-0.7692594611179554,0.9421899898113717,0.7140799908254187,-2.0255560184965415,0.3124014372647699,-2.373867517289212,2.4240746779274573,1.292235439018031,-0.054163319558339626,-0.9253861788932728,0.5355533744639408,-1.5043104744377973,1.1844328854238582,-1.0647486866164988,0.4882212455717193,-0.8960519780000167,0.7619916746262937,0.058274302096075155,-0.5415582427310319,-0.6371136594418219,-0.08142149086273054,0.307495663800892,-0.7194181910787376,-1.7552335467629645,-0.817703119741104,-0.1517894078005095,0.12988837058466227,-0.7674387448451059,1.5292309619832654,-0.12175322489258987,0.008571587037017171,1.6928993792185791,-2.3079709111822586,1.9527611930152275,-1.0236267773671763,0.631832699825303,0.41891131727729203,1.1946647153859917,0.6708500220153473,-0.15041617124123222,0.7011210396730926,-0.09006703687955186,-0.326112329153604,-0.38805513924714796,-0.9751426447525806,-0.970963371175655,-0.3286208747486719
2025-07-11 19:18:04,0.3397013862358922,-0.01835640510643395,0.6473875091925752,-2.2049825011679642,0.9773914357477612,-1.21555512420066,0.9394419376829801,0.943258565013658,-0.945516584793891,0.12720841432372865,-1.985540695192601,-0.49852950468278,-0.8767240649385277,0.5769761598252942,-0.39411732680783107,0.6744078373602352,0.2909203621925502,-0.9420226951357558,-1.1291818265223432,1.7377990634091638,0.3611331590541515,-1.006960223078967,-0.4627217747416933,-0.3311639355762019,0.03627442659282322,-0.20232126569980693,-1.4195000136443303,0.3597204087862385,-0.3227097716267105,0.49156897169163644,2.1367789674316784,0.884968743564237,-0.4946105936803981,0.9727731010681308,-1.155087672456794,1.0633066807801337,-0.16298540801370887,-0.7360418526927766,-0.9947911816812463,-0.6530114700828757,0.6754616465388616,-1.4410589988800435,-1.5802330358067749,-1.901712443878422,1.3228386733439685,-0.2170874205290369,0.6056117181961649
2025-07-11 20:18:04,2.43025494829199,-0.6634279231238287,0.5965972297686652,1.5989102353978226,-0.1526683554656388,-0.2220081391056511,0.5334980429190133,1.4384570420995704,1.0667688709437517,-1.6647697758424644,-0.4999880173581378,0.27067498681525975,-1.6933972871286176,-1.7807955326943548,1.713783014643214,0.4073482182829425,-0.5550411861582447,-2.637612585608676,0.08642692351877784,1.1492387999200266,-0.755369660548382,1.4781919580868084,0.3152935714520514,-0.09155542917414936,-1.3957143668990963,2.2281261093908773,1.2628834422491306,-0.8368272971830142,-0.9183375764926278,1.104010194404659,-0.3605468491630643,1.4450872723014787,-2.054105375464734,-1.5790894947649678,0.18297616719061902,-0.5738981454601854,-0.6112821587410635,-1.3050095249434397,-0.48209940399670465,1.5115748770210025,0.23153616898583299,-1.5584182811182032,0.9912332865182792,-0.9179604621419604,0.9132820882235659,0.8258100449596198,2.252033112947968
2025-07-11 21:18:04,-1.1785798525177138,-0.1563262474585328,1.6714752265477077,0.6939811092426285,0.8725347960374722,1.208739547975627,0.5408847545702496,-0.1625818698269784,-1.7467750943873406,0.9071852245885016,1.4975282603549391,0.14444079886790512,1.2024727409685452,0.3170208577184079,0.47174816271595454,1.2456341748315416,-0.60551642918519,1.2382232477176476,-2.021401787315486,0.692225672539329,0.904172699686729,1.0499311796872612,0.2884484650973598,-0.5490053857139513,-2.028803223736717,-0.251280299630249,1.028621153186822,0.6166442637946136,0.09926209136561855,1.4031462228249145,-0.5458367847245061,0.5191558722554388,0.18394390195282234,0.051050639059413504,1.9672259529321268,0.7072644562797811,0.7726405036468184,-1.262784719156159,2.701705224455482,0.020417106455831,0.20341342058978967,-0.3066650562463624,-1.0194048062356242,-0.8082584667430932,-2.006449246559672,-0.09948672619709317,0.5593241355422628
2025-07-11 22:18:04,-0.1515356137209232,1.2760148650272831,0.1590342241755911,2.5750778241290457,1.305859029005054,-0.6445541405636641,-1.309331349399702,-0.7982723747432635,-0.0952568979610136,0.3182614416994526,0.5095502718093594,-0.22076932318503276,-0.5603590907048771,-0.5279883217401827,0.5143311537413608,1.242889714847589,-0.44527157832624287,1.3829173367557803,1.1004724058216149,-1.590354878583921,-0.15384403601080046,0.530853956594586,1.34431607671577,-0.31571035179179424,1.9308462007774878,-0.03195620077473516,0.8243848016716727,0.3934997282956228,-1.4706611413375825,0.21053857246068813,-1.3637867417665783,0.47584542941265073,0.3164823298061179,-0.8849071266086577,1.1954115468481048,0.43208072306285406,0.7124598969125354,0.33265918668023786,-0.9233158244788967,-0.3232197987605815,1.264453692607158,0.6298305301864962,0.8411829234889177,-0.7153410890612769,-0.3679261413852824,-1.8760738981089322,0.7682454003745245
2025-07-11 23:18:04,-0.41953222810016744,-1.733136332895467,0.4563949430961781,-0.3290261226095972,-0.45130543539197304,0.48661788004430906,-0.984215801830316,1.3080100501088368,0.3415053822802324,0.46952939113863723,1.0495148450841572,0.2578446242416054,-0.46501502363660496,1.7664554028128852,-0.4866915112851479,1.0551805186095777,-1.3999568830056117,-1.0134814243194692,-1.3927179321092753,0.8636818519078618,1.0779505828193237,-0.39872070023500605,-0.018328940112743893,-0.3366765578358296,-0.6000963925804957,-0.9717055919537704,-0.05160632787172441,2.4799840581078905,1.270204313520937,-0.0727633803766797,0.45781137629312435,-0.04812050787545322,-1.9935405037933884,0.020405073239457838,-1.0658987741468213,0.08104800647992864,0.11033807351990975,0.3383826168267184,0.1791974858349403,1.0352151495129807,-0.5460241330442748,-1.508196498703608,2.14787394971768,0.21653966765917912,-1.207078665124664,0.04074474411221491,-0.22436830824911363
2025-07-14 00:18:04,-0.6630756948984282,0.9118493836912006,2.055392514323737,1.6876213637288,0.3745085390423385,1.2985162219115232,-0.3162619708237222,-0.5611330926059072,-1.1197054207878188,0.17922627307772032,-0.9739634887609204,0.18000794950665955,0.6588627819052092,-0.6527316193223466,0.23706080257746945,-0.696093073533064,-0.8908258898596998,0.5735724223445171,-0.41064454826277147,-0.5868125413778146,0.448938310526845,-1.067676552410274,-0.08715579863094577,-0.20340920215013938,1.240736872644824,-0.22246619944091184,0.15950679834297812,0.4669642072127759,0.36740720309413555,0.887683749780793,0.826829026952703,-0.2079913913836885,0.5494857520366104,1.5874184097606878,-0.05776889987748934,-0.9517410966603345,-0.4552877502227883,0.9029007122031305,0.07336515704061057,0.18907019415330856,0.6794650396555605,1.6511928090925179,0.32184927663801466,1.6188941106103516,0.40270508539687,0.09353835927434376,0.5710537083669178
2025-07-14 01:18:04,0.0070231990978574235,0.903180254981072,0.6793381291573611,0.5080574521481667,-1.2121242755860444,-0.6714055844493327,-1.2323851613963501,0.5429442936363822,-1.0169921220672937,0.5228767894646473,-0.31749530067915743,-1.2430391268206957,-2.1451741974352854,-1.0731177821141529,-1.399885065204236,-0.7120003059068066,0.6062842149072504,-1.2701721028791193,-0.35760527811655307,0.34297944674896685,-1.4152984122293426,-0.10594626917059069,0.01925582744884012,0.5034608748535297,1.1654508298916948,0.700113987783639,-0.3551643273819364,1.563859680045124,0.5924659755454534,-0.4455212603339238,-0.2707599767466634,-0.9346696475581645,-1.2832595023169941,-0.4502482532018549,1.7622357004267792,0.7516524370027898,-0.0730899406651862,-1.0308935266200898,1.4801351033434489,-1.0811838804189742,0.2524453555803124,0.48589085373309177,0.4435337691330102,-0.244896884054621,0.3511202164363818,-0.24191257303225971,0.47605559243962553
2025-07-14 02:18:04,0.7733042192825821,-0.36583346720850446,0.7656007732095499,-1.1787056935988958,0.0664456384970926,-0.4298940157044046,0.09425562932679199,0.39304464113362375,1.4592142048335157,0.3845439452962203,-0.19357191118163417,-0.8266434257716061,-0.06030350082030034,-0.5701861105746557,0.4087355397082018,-0.41821655618148207,-0.7778270620598093,0.43264194820311236,-0.9730699957147173,-1.7026643738084553,-0.9307058907610296,0.5805024944808916,-1.1503211082107783,-0.013268089564651048,1.2345789145783694,-0.851942421299991,-0.421364082489492,0.8616645672681112,1.3960921870789083,0.40158700085556015,0.5827044035737073,0.8772902206217021,-0.4819400038734812,-1.7003569549184618,-2.505067459848619,1.019744629291359,-1.0354050931963565,0.35714012933966044,0.2764981532894291,-0.4557447812420599,1.3528701842697894,0.06364505956551748,-1.2518823788641564,-0.01577653790962069,-0.8878422969915422,1.5534094575762505,0.3112712601773333
2025-07-14 03:18:04,0.5170007957871942,-1.0103852526799064,1.1007447885229675,0.1588435459229218,-0.5642449406049341,-1.052488349447554,-0.9057467689006425,0.17565563616546784,0.33686335351071767,-1.0900598578502383,0.8242920528333073,-0.5206329762220437,0.646636821672523,0.40952597110108757,-0.7433013372212316,1.1449693361310838,-0.1081082811213204,-0.19815424788796732,-0.7000811676605259,0.20444934341103865,-0.20390777122206274,-0.5989505886477444,0.16996322709226822,0.03686575220449676,-1.6150285065800352,1.1958286973664545,0.15395057679557553,1.5432231588438678,-0.1069193418079097,-2.842847477277356,0.8118864177616958,-1.618080379559454,3.0818784732905486,1.5034511184434485,0.019438420597451583,1.1260915805008087,-1.4390068174229205,0.8923940797464368,-1.647120652881215,-0.6234362509765354,-1.5888264565297938,0.8968852546879502,0.16742386772573759,0.9383272293873871,0.874912749933885,-0.6401829259441277,-0.30978016069392844
2025-07-14 04:18:04,-1.159639401230193,0.4697202005692236,0.20982860631846043,-1.734818874818092,-1.172302073716872,-0.28294762560906606,-0.21338404800544752,1.0757632868055083,-0.13731404083456844,0.6604509185621358,-0.7571855082153658,-0.739270891348599,-0.36757999931290314,1.5604755125239167,-1.0266589896074394,1.1499822548641032,0.09858982874840187,0.9333926298831388,-0.6436900276197143,0.0950916443541885,0.7920775475447224,-0.5384171899919902,-0.3589607948190971,0.02815426950272008,0.5188876393165026,0.2932063674641453,1.0272751552814225,-0.2183126639604463,-0.6510499364638481,-2.1992601534296456,1.0505705507182084,1.5101957694516186,-1.3364257879988777,-0.31456172032893986,1.2491506006046944,1.3972596189295583,-0.07712381403724344,-0.4358510916122334,2.229926896651155,-1.6679876300849168,1.5096325752381468,0.3299844750429896,-0.5394604058281267,0.01449456355905445,-1.8266424733717248,0.7094944553897352,0.13430486105319211
2025-07-14 05:18:04,1.2930594503683337,0.4625939792364827,2.303939987141789,1.1770451050151483,-0.9352776743813945,1.3432071733195394,2.487947050739682,-0.6742513834354448,-0.7745873656244037,-0.491289427195939,0.938287441303173,0.14088024447910974,0.51229720373891,0.223395607341088,-0.19742215353462486,0.4475963839049893,0.38114512863171063,0.4092670927556594,-0.3343185785535588,-0.5802266894656936,-1.166137518332538,-1.5464046560345233,-0.5160154866296813,1.3296497385241988,-0.7369776001905315,-0.4473191334203805,-0.0045574165719803475,-0.38600721809669314,-1.574382106871329,0.5265999865036578,0.5654445470287969,1.7703473813162862,0.0890095676977206,-0.3776384473510512,1.2765450621031371,-0.538361500277729,-0.28974969945679935,0.23014467596261312,0.544880030717899,0.3975931375841299,1.0479407675698886,0.46702965100934857,1.7765741052001593,-0.12354991667526949,0.24854789568929192,-0.4411213239814309,-1.789852234300804
2025-07-14 06:18:04,-0.3779131158607278,0.20973853211939808,-1.2959491736850928,-0.9667866462996357,-0.8704513165741089,-1.7361545774667688,-0.9384067338981419,-0.2268079762130673,-2.2637291856821324,-0.3615621072007013,0.3465010957664374,0.21905611212141027,-1.4934457212250216,-1.4598189192564315,-0.7509884419176418,-0.06249930268558069,0.9097283591180929,-0.05010664917314562,1.9181551824144407,-0.1845201688907947,1.41562765585693,0.8614912027398376,0.3084629295581785,-0.9013700271713362,-0.5793431420978417,-0.0897321129712462,-0.9976322724037264,2.5048638412693855,0.40474856236495915,-0.3855111267068022,0.885726837286559,-0.7259191904711944,0.16826239843071672,-0.8977335440507556,-0.8001706822701481,0.39973694658320935,-0.606944674482461,-1.1966025397222155,-0.6852454537340118,0.10013321411250006,0.3515573588122203,0.6935727489791209,-0.466089662488087,0.5277838593902805,-0.19931559444577807,1.3009823137805039,-0.2094952359177807
2025-07-14 07:18:04,0.34588993157020204,0.9778144381049477,-0.7380122004437959,-0.5072357168761299,-0.6639364928638775,-2.101263285162075,0.23796847847809738,-0.6931633165890361,0.30427203109367884,1.239736264599733,1.576964018024474,0.3592918634792442,-0.14044037833410153,0.6801914049394278,-0.40748443824868913,-0.5845232924519129,1.8713304947684843,0.12475980311938344,0.4316818672157779,-0.562359358992104,1.4169195734779378,1.0634577367387876,-0.2779053656516306,0.03542801278816976,1.2216012647271293,-0.23665088956594363,-1.2459032923365214,0.9554888770447462,-0.5650412918799624,0.6722589943941278,-2.5713423800771444,-0.440333980720395,-2.0620134069784846,0.49963045632020797,0.9872935593831312,-0.85934979688647,0.4329402244796183,0.30306364209000447,-0.45108987551391255,0.4245131963811611,-0.1684074345945624,0.25853119481793907,-0.4873547671297897,-0.4143009618663689,-0.32837233135836724,-0.43186716724364294,-0.39164128810388493
2025-07-14 08:18:04,-0.37588575366938815,0.5937510597758586,0.3834903045791614,-0.43057286587343985,0.0205134617954292,0.48889826254954394,-0.9825211233634872,-0.6161821202773333,-0.7545060751456488,2.76269965408823,-0.13469310220288863,-0.02689803329465532,-0.6100804959427065,-2.7306121294265675,0.38201179408393754,-2.0335396339610465,-0.5072831594663674,-0.2490125356723522,-0.5962020545438429,0.9262415756978156,-1.012411425936032,0.883574911212713,0.10221722358529026,0.8970124932559161,0.4125325749763645,1.1623388683883547,-0.09604207289955223,-0.09239099660796,0.005238405141048777,-0.4469304475961432,0.845386692344175,-1.5075399106757863,-1.0157622200745944,-0.829594168483146,-1.0399487508057312,-1.0465448667685178,0.7327786122879725,0.014551888889119433,0.18822938559231547,0.30131468905447467,0.6468807021900062,-0.548952629815462,-0.24255458503129113,-0.6166108860772324,-0.9980303778193581,0.8111511481969446,-0.20293451783081404
2025-07-14 09:18:04,0.43724235052362687,1.3413415701478575,-0.004888481803981013,0.6392188203544286,1.1367861133891153,1.7037176089832085,-0.7564714750781688,-2.1080897449238427,-1.7577023557417735,-0.13401709045577595,-0.9092473944545568,-0.2947929638147386,0.607174663499587,0.5475973699583064,1.9746085494737726,-1.1008341277448077,0.5530899655670152,0.9347054430626219,0.5180538416928462,-0.24247686886371153,0.5378028724078505,0.9675564998380061,-0.12237815731616798,0.4794884932239518,1.7587873937318996,0.4679736086664766,-0.731206775977935,-0.6994547719189649,-0.8045246930552639,-1.0121258443597914,-0.587391173486342,0.17611842227369212,-1.2596444801481521,-1.1084647046017597,-0.6725631730114321,-0.40770046281079664,0.2083889398689327,-0.21572992685007553,-0.04914762080615756,-2.0471241213647375,-0.5298957852019824,-1.1490551110067462,0.857562359694919,1.412408313408048,1.3832258644080668,-0.8694096808616055,0.8541616771908609
2025-07-14 10:18:04,1.0706704546765975,-1.0798197952476445,-1.5623312791998771,-0.3952476859657574,1.268984182341115,-1.1652897693635875,0.9737387093456842,0.565540320815669,-1.4041472957738046,-0.8248957059198713,-0.3438166656530719,-2.2074654697101073,0.6932594469822629,0.6535082209882744,-1.0533365993985153,0.6802088300621517,0.45686066946611276,-0.5597975211329566,0.46699217973157336,-1.6706969457461338,0.21631313871923924,-1.8950408643838714,-0.06850442856372108,-0.6117547936785807,-0.5578654842278947,-1.2520632075533646,-0.29658295048958777,-0.3442750151710923,0.9632886986572997,-0.6228117628595237,0.9763937254164844,2.6787884276684633,-0.5539738633222473,1.346992464372228,1.8911766815877726,-0.1777872955026511,-0.34399191338106755,-0.43290267111185077,0.4612357827994995,0.8201572568170379,0.15231149165519217,0.4977026922972059,0.32165929157588197,-0.32727305699950077,-2.0574945369948203,-0.16470062690552303,-1.9136296289905625
2025-07-14 11:18:04,0.3441300235628634,0.10847760013528292,-1.022982677379499,1.4856509311187107,-0.16529356040731824,-0.8228545743982784,-0.17485930085332438,-0.49941381772651805,0.4574903929395451,0.47715575929659354,-0.13404882826296308,-0.17211490130344564,0.5011146608759431,0.04310918892825438,-0.3266972751386304,2.0597246524808215,0.8904505240875027,1.7143690397936717,-0.4154402271303426,0.40635763038909695,-0.3777486133628302,2.550791356490765,0.7936347506281978,-0.010939537526445468,-1.6923169342141624,-0.7291829503037127,-0.3117453965884183,1.4344325985405082,1.441567929897889,-0.5075244034142911,0.19256326338127788,1.5083998389170823,0.3365280840383777,-1.0738674678526667,0.35257303209997476,0.6658823009430955,0.42151001943042593,1.120873313504717,1.0583565014768828,-0.6243101122602405,-1.7972402525676525,-1.1088601867303265,-1.6214458309743804,0.4307439545737661,1.1915390354744784,-0.7753538482547438,-0.3203306560683186
2025-07-14 12:18:04,0.4481529343779546,-2.261188851799584,-0.4419846955932351,0.5324328359498745,0.21556147405489343,-0.8112224895641116,0.6543758375567753,1.2365838929556892,0.7258563447085367,0.6150471894410255,0.3741848949679508,-1.6371509485101714,0.12090184414423866,0.5666701294177992,2.081854073449065,-0.5932373964920592,-1.1782530638823767,0.06832313887041706,0.7459344946113058,0.8903501525503952,0.13780324100744276,0.2507150132922085,1.4825120272764676,0.9476802745797563,-1.8104676674834603,0.022573585368531674,0.04839676923280551,0.2538728995254984,1.3867396367367129,1.848808190883442,-1.28652946031786,-0.09344057139552209,0.38871564365799965,-0.8770066703264159,0.46697577706395044,-0.8529002243790256,-0.8481627104339948,-1.1062252098011183,1.7108119663214896,-1.056585597317962,-1.8375671617470046,-0.047058547234571174,0.08593877622251503,-1.0374025320643214,-0.7246806050827108,0.2696278693971997,-0.26076378083899765
2025-07-14 13:18:04,0.3147343785495532,0.7531734849050972,0.62210033300377,-0.133965143839596,-0.1283707086319062,-0.31152923393454673,0.7806716331440626,-0.16391680904814532,-1.0327605485032236,-1.876533653973691,0.5340965518596624,-0.27508526266964384,-0.16640911542120304,0.8742939407598779,-0.5826246644687166,1.3834060976298248,1.1283231740916055,0.13086066405078017,-0.5197309234700366,-1.8663984866607382,1.5571290129602664,-0.8287496711362853,0.6618052273071504,-0.8807628148435536,-0.8583707527075972,0.1163469055202503,0.5808455087008803,0.02097540405287698,-0.43983245912161656,-1.5497080020727465,-0.4861178661008038,-0.7123566842190578,-0.501718613826646,-1.2173753681864996,-0.337582756917829,0.6419698928710146,-1.7056270579424477,0.16265042476396693,-0.655569723201546,0.4067463921869531,-0.7089803598254885,-0.06648054230955557,-1.3358400699383965,0.5983780390065111,-0.7533306947460807,-0.6606002431731914,0.8632825816499957
2025-07-14 14:18:04,1.0770918843140254,-1.9725507442683121,-0.332732444006799,-1.0115747740289673,0.729874231787,-0.35837081799461235,-1.0583346670771507,1.1150314922201765,0.45198874999372085,-0.39677866935411443,0.557308207354037,-0.9417729478212221,0.0035274136419734667,-0.14918353387203823,-0.69920590889044,0.4482120437356781,0.5284663334312606,1.54501117139482,-1.2195045215561415,-0.3578575422953248,-1.235042452821002,0.9649004473087783,-0.6369968134067231,-0.4078476870484522,0.1477887195360397,-0.008626274856635592,0.31872236603734905,-0.8055128146543704,-0.6973498010450903,0.8374709294268291,-0.38831557776033077,-0.9662377630224191,-0.12303436396666179,0.41450980802186105,0.6565741925873406,-0.5344054073189081,0.7751692993934027,0.7173275462780387,0.6046572660160113,-0.524153319484644,-0.5111383541045595,0.9492497613207267,-0.6095340133582331,0.7693179020392142,0.3487608536379133,-0.6377581292761394,0.28580684223912967
2025-07-14 15:18:04,-0.1550573819367043,-1.190796747036784,-0.3430381615926162,-0.7750110338722994,0.11429658023486299,-1.1672138533459593,0.8450510027536348,-0.6620619661740962,-0.29819896614885927,1.0185459139658217,-1.7406095051000792,-0.8707929368171432,0.693682024294865,1.3396392029742603,-0.9360060482447119,0.18242893260941873,-0.4815830372869439,-0.3541638105724329,-0.6988852866478787,0.6938790969208919,-0.19266010549812057,0.21490493321012658,-0.4329004450057818,0.31462979779655775,-0.025291201537539765,0.09340096946118392,1.585229225820066,0.852284504364141,1.9828173128563529,-0.536502788992431,0.7853789619215865,-1.3437121347024874,0.8831272665041877,-1.2077019868447383,-0.4755363547442364,-0.5667895911502282,-1.3032758259509047,-1.2913953667339915,-2.559895343621341,-0.2895367808389661,0.8225569473119919,1.0090983163890657,0.7879257076519568,1.1085106506102045,2.6601693257340835,-0.5574152614184295,1.761312171165732
2025-07-14 16:18:04,-0.16847320489186654,0.3666208493059647,-1.496370739177634,0.4042672548447764,-1.1241510674895738,-0.5672634661758117,-0.6548556852910365,-1.0163135564369536,-1.11587089598193,-1.2964840232909924,-0.9324272274045824,1.2263536827316894,0.7918617371026502,0.5451960847544027,0.46845585667017786,0.24723028864775176,-0.9643704956844626,1.0482817216651583,1.1492187487225864,0.8441843044048585,-1.2177011585550788,-1.9251198910479563,0.34777083907285966,-0.8350747059406477,-0.5151262771291562,0.14559035549997107,1.1003158031797002,-1.631993274965089,0.2777329514672374,-1.835124663116103,-0.037658402018546956,-0.8148617665996949,0.20165432787144277,-0.7637051299733315,-0.37593584384447415,-0.2170819957379724,1.9025292678338623,-0.020211331525844305,0.21473091013662707,1.3913724617638257,-1.8075779836351036,2.5147805095105675,-0.3347277921845384,0.20534379939528463,-0.24210943352584927,-0.3090600171730184,0.465635034778588
2025-07-14 17:18:04,-0.20916757328826546,-0.6545773465595788,0.589789356106159,1.0389599584867053,0.8144677368212448,1.0771742491035354,1.3804154689019965,-0.8801942864421565,-0.2436212345681181,0.9250710881093277,-1.035966097075746,0.8636615995231629,1.4255390703560984,-0.3386361547859524,0.033739365243806906,0.2774690293258798,-0.4479735098130056,0.31270140302584976,-0.5763401504905642,-2.1804875649526005,0.4011641000163564,-0.5705547528052705,1.1634095544955871,1.4792569830404068,-1.2171577995695528,-2.551294851028122,-0.7027736565407917,-0.30417601948349265,0.1907019900912027,-0.9271180883545141,0.3857985544289846,0.8881961060244589,-2.0659420295037325,1.5243256608047406,1.2192427691225594,-0.30011748872948435,-0.4158640137694538,-1.1232162030546409,1.8671093797516807,-1.383591461620653,0.028796278102169323,-0.7755997661859342,0.6999954798801375,0.788656570555545,0.20227443760790964,-0.384787695121255,0.34024445842354883
2025-07-14 18:18:04,-0.3933214129724556,-0.6514691510104077,0.7345044573548583,0.09557785365874631,-0.8966017317864232,-0.2530747572288399,-1.1289411350716885,-0.6778727474619175,-0.9654601992287042,1.1590562251920884,-1.3545561504470398,-0.7048118395446078,-1.4307221506728123,-0.6863661289611088,-0.282887044109219,0.9133489526735293,2.2686309082929488,1.6347734457318954,1.4459518848914779,-0.06454574877884102,-0.4022305249474064,-1.7924526030999481,-0.4074024821669598,-1.1107901521580683,-0.5685735083573061,-0.5411032249654302,0.028409583738475217,-0.015096506531778207,-1.7303970756181088,-0.2615075393644355,-1.9907927518600426,0.9260046116339841,1.4884106859573327,0.6755838196238618,0.8051349282936774,-1.6674522724280758,-0.835502715653502,0.018295435810846063,0.5375169716692266,0.3642976764418848,1.5357280859688667,-0.36366386846923066,1.7994847952241275,-1.401801901226312,0.9590067978994539,0.14119499193455676,-0.13149812128065935
2025-07-14 19:18:04,1.4649712683205764,-0.49250219771499787,-0.18208840949496546,3.118863022491646,2.240466605224889,-0.9678891258498445,0.6415067478356066,0.6871810297973727,-1.3298795388791014,-0.1028423211555217,-0.9193497519671742,1.2751697896250604,1.5612678324719813,0.6573808842011688,0.1808525686647504,-1.8295150611445417,1.1702241417114296,-0.3200505218332685,0.09383229277483109,0.8096278084277594,0.9152759024926256,1.245077678786276,0.08449171495114022,1.5163968413414552,0.8586149137921193,-0.44445300188735903,-0.02943661030234704,0.9132514140182679,0.3020725405423653,0.5855772341180967,0.8073921586027981,-1.468051536169274,-0.382310307819412,-1.2880498233520636,-0.452103049968792,-0.10754119500429746,0.1947468083190017,0.5054318234180846,-0.21371060398392117,0.3173914852134979,-0.05838053944535867,0.18113958505277414,0.4791501764465483,0.12412160409315297,-0.7146982208250525,0.19885534234816563,2.5538748728323752
2025-07-14 20:18:04,0.8018418981517648,-0.4714167268695887,-0.49114368956067095,-1.247393788600134,-0.021102743857734967,0.6808194220460603,-0.854204747053392,0.8394870874795137,1.0712196595016552,-1.0287718163446327,-0.3217128023325934,-0.6242005849548946,0.014165574349123574,-0.9090337255145101,-0.08869030844772603,-0.8393413961173173,-1.2238401104073735,0.15422791991727966,-0.8008827930122557,-0.3061506906620226,1.5438799079308814,0.20508838744898086,0.8163988484194415,-0.1554553681366709,0.05774762005404697,-0.1823223775871123,-1.8745523645334454,-0.3798705991224056,-1.4504827774012605,0.7991405829157613,-1.3413490455815895,0.8714839048257524,0.7596539956298091,1.2232092053144257,0.16354628301855714,0.8469983845814827,1.258043736461722,-0.1880913436594542,-0.05569701883443921,1.0735652305466588,-0.3559770385903001,-1.2288965964679581,0.9782226605925218,-1.596056248110784,-1.1216943975471332,0.6341194656507643,-0.49244545804706996
2025-07-14 21:18:04,0.22100985290982594,0.15732443389098436,0.4151478467548454,0.3794254473417802,-0.9535372394590159,0.6957106691623877,-0.19095780691067152,-1.2167990273890157,-0.05248259442269835,-0.22551666241153528,0.6168611852081055,-1.5113028243518722,-1.228030431082445,1.4142124605548632,-0.12150773601942098,1.219210349974702,0.38629331410985,0.6031723206639898,-1.075096289101125,0.09428326763766014,0.6963792313074496,-0.5958656579818288,-0.3490686863916041,-0.21438840502659434,-0.6619769992713136,-0.33821058027121803,1.6342744104319074,0.7614301804807483,0.20885461253682175,-0.09837700358045483,0.48420250639761514,-0.3969147237595416,-1.9470123586721357,-1.1984845968911761,-0.8117770766194982,-0.9122637001400704,0.9054324153970714,1.2633197499872237,-0.9495754321994819,0.8683320126337619,0.8411232776228369,-0.6896018171416745,1.4541446970879695,-0.7956029188619393,1.2843485355216495,0.27744202181016314,-2.7804805685627865
2025-07-14 22:18:04,0.7543637240396847,-0.06983363360229113,-0.02791789927612807,-0.7850360387082153,-0.5783477500909104,-0.027849571584873795,0.709375873413505,2.9369483926178845,0.34368505195746313,0.3768541965029093,1.1899148682487695,0.10335536738745883,-2.8913990718495928,-0.6082516101333402,-0.6466966524730774,0.2444224020809432,-0.8991833881923245,-0.49001166012050845,0.646889970597559,0.32797899755641063,-0.9059530909271148,-0.21948581724238425,-0.26355569437668785,-0.029532958755753583,-0.043500729400322874,-0.3361827732193813,0.03722247652187779,0.4658120066041991,1.0854717718345588,-0.019874713337558254,-3.063758644211174,-1.2134790328486398,-1.7161254790039646,0.5004849138468509,0.13971103099366988,0.7533117619767894,1.2208218369469475,-1.116064471867279,0.14529215099762502,-0.02278972059608445,-0.11713406591114438,2.5263282028142293,-0.09953891797706924,-1.8353598186907172,-0.9190582462847527,-1.5270893925593974,-1.2836949482367022
2025-07-14 23:18:04,0.868973959664106,-0.2508234151816096,-0.062258144821913664,0.22761612123764727,-1.8406863151097448,0.40932889565384933,0.42754001671923764,-0.8695195736448864,1.205381569927286,-0.8436393234211711,0.47313373918067214,1.3734468592547084,-0.24200379628688876,-0.23431205223030468,1.049133553858957,0.18606540994215537,1.1518438332760252,-0.8020836263375577,-0.3497496370484819,-0.6934273610218092,-2.549275583526319,0.05712693225975919,1.8312086916275523,1.6472674244860663,0.556731207695342,1.3832550776488644,0.02535672602920246,-1.115381866854135,-2.3003995245356488,0.02781739070688528,-0.20976299346978008,1.3954532600008875,0.2287878719231869,0.3984340488650403,-0.06294914808606727,0.48230534001763486,-1.5869432869381566,0.5954362419014498,0.4577439399725892,0.33936524950467456,-1.2999414625107002,-0.965858426846193,1.3824260554187524,0.42604033412306297,1.0739991449786706,1.4436239981121604,-1.9737001712111695
2025-07-15 00:18:04,1.0996003489189359,1.3786982645732766,-1.3625448932335116,0.9425027037642592,-0.23618164052711904,-0.7560059426732377,0.23430390611606777,0.5669950236032809,0.2017437594198234,-1.0197527985382508,-0.48936647409204265,-0.008691372958251948,-0.8642963827767511,-0.00569534203036054,-1.944981060764962,1.5998617521450458,1.6528702908715673,0.6934642794687463,-0.2532478255178109,0.3121750534153851,0.4124974101022232,-1.550860498453812,-0.8675033797444417,0.3148000693574637,1.9169210280191722,-0.8510297638250844,-0.8157873376561219,0.4030291077139066,0.04450967964907943,-0.3370736729132873,0.8817180694855952,1.0213642588045002,0.041700954585234956,0.15880160551317052,1.8009078250832555,-0.5804216452776942,1.4690796499461614,-0.2695684401358302,0.45220342878371717,-0.26077344387063706,-0.38890958396591063,0.2143222602095063,-1.5774072033742261,-0.7124288767428228,-0.8203263956740479,0.40721875385549083,-3.2230821368527964
2025-07-15 01:18:04,2.2307206006778135,2.6039022876029634,-1.0238302910568702,-0.4791559475986422,-0.6980346121663039,-0.7852928071861035,-0.22168898336804385,0.9630831285305861,-0.9483428546771598,-1.175403661971011,-0.16512921625452448,-0.8658385967555621,-0.2352103372606055,0.9052555701668035,2.044989619558273,-0.6521407160972497,0.25355718666879373,1.7723847655452554,-1.5245364510224362,-0.2979633242798574,-1.541839423792245,0.5662117719931687,0.2580202444326974,-0.517247157624636,1.298601121989641,-1.0666750224734802,-0.13941372255149503,1.5732190093101637,0.05288233083781223,1.412350773442012,1.3166475664178678,-0.17064404532315885,0.9940804693076577,-0.2483046316306048,0.11025275293776125,0.4079211400857739,1.5700279553957481,-1.524337885556501,-0.7494518818478019,0.3116465078274492,0.5675956821020832,-0.08232045735361991,0.09454777191178466,-0.6908532714897804,-0.9919300169967831,-0.37102407600160414,0.9805784612450883
2025-07-15 02:18:04,-0.7318299088063108,-2.459393730161155,-1.0439811241797439,2.2215097175301235,-0.32223985646387904,-1.3499352615486435,0.5226466939678802,0.8638006183939452,-0.5896071517558245,0.5501516803023149,2.1885956925866914,-0.6313187000843948,-0.3399014530657814,-0.62761883832924,1.2623371071747318,-0.1904329885574432,0.6512595977996705,-0.432708048332172,1.0108405444623596,1.2660323160568672,0.8134757967697697,-0.2630188408246756,-0.9411364208541225,-0.2882650813650969,0.540668262824766,-0.3099332706347207,1.1521996190572203,-1.4640219467086681,-1.966811658468954,0.4868976927461999,1.4270398925834205,-0.368514205026792,-1.4738182067504584,-2.5250512675746206,-0.6557401864802045,-1.5886517042693602,1.0524655372781273,-1.8403446876917684,-0.3927236288419933,-0.12504443671648213,0.647813639827091,2.015947226398351,0.7568796117714027,-0.5177643809252116,-0.29951110206325404,-0.1890588901913859,0.9147533321068899
2025-07-15 03:18:04,0.7042008591436107,1.1980985541690172,-1.400235671544496,-1.2554762616277113,0.4492703091522813,1.4659759496588791,-0.04433644102206759,1.2433323326080234,-2.8386817366770347,0.6275624013678616,0.5348267027607378,1.1459392404098525,0.017649324621746842,1.3795942440769435,-0.7540094316773486,-0.2330454748630669,-1.5908583323647065,0.46962502643568654,-0.3126227807689641,-0.7004122327511705,-0.7271536527729476,0.9076958120451192,0.6798194892064537,1.0322780304334709,0.3083470644410866,-0.9896542219355101,1.13259452801734,0.5379886197046114,1.4366383111358854,0.7433082401355078,-0.1410064633990241,-0.4432455511300622,-1.1870295429506472,-0.32916034702998676,-0.07600672739574858,-1.0372432121098822,0.8259991317659116,-0.11586158468277068,-0.003217986863148101,0.6255449181914055,1.3879429884797077,-1.284467397589339,0.9313022421991343,1.2302797560523457,2.242867339450974,-1.3580961188557825,-0.2571441562748768
2025-07-15 04:18:04,0.07888150365816199,0.44173737919516665,1.3408608275848344,-0.6570617195238249,0.7216261399087276,1.2069375631198802,-1.351437401087972,0.7178093307269782,0.20213261470604998,-0.616884773561936,1.9697252980456743,0.3624332191147796,-0.12044557006410087,0.5591360165939082,0.5874848977133115,-1.416411703844591,0.7325832650005513,0.18762377019396878,-0.7923949842456116,-0.5109901066952708,-1.4782433715504435,-0.6230064291913668,1.7868840160405768,0.7704620601650941,-0.31812130444482345,0.30935499040178904,-0.7386718753567412,0.6660720817678447,-0.953821013465551,0.1933266688889616,0.8350681480851849,1.5965749340353304,-0.25815922728477037,2.1105293250465853,0.546079736523925,-0.008603692415029875,-0.09487507471274478,0.9797296874406681,-0.5640577443387297,0.34324574138583525,0.38120526230052715,0.23536327269371993,-0.93951773056112,-0.9165148131083884,-0.1688928752095538,0.2951150096407526,-1.3043385471921354
2025-07-15 05:18:04,2.522594832270109,-0.04193306903134202,0.6533858762982314,1.2260127155840672,-0.5688535762612623,0.26883760613635466,0.008897020643709584,-0.7773187047501193,0.24347108781113727,1.5769941078012897,0.4901069777520468,0.24600527158941607,0.8585625827218475,1.7509346718461531,-0.39808357599412303,-1.2056320207843059,0.06872292325034131,1.1191161414975899,1.1530164501639222,-0.48711023790191965,0.8294492400951143,-0.2098596792699648,-1.2010217284315279,0.44008973828628917,-0.6948931919483664,0.2708454181198074,1.0314848999753279,1.849514701270056,-0.5950814569341243,-0.4091261918194937,0.3976493455932341,-1.2120130878601787,-0.3321434543468061,0.7264088130677787,-0.9785808394888733,0.26951496787172446,0.10940774375651531,2.017431923637424,-0.33157068449984445,-0.6708115958435316,-1.199918772332199,1.0890698055010353,0.25140537015864456,0.23513786456855615,-0.8554176079884082,-1.2384958660202017,-1.091724828027048
2025-07-15 06:18:04,0.47068676901886797,-1.5146690887495604,0.4528398121920958,-1.2155177140534286,1.0439820314484374,-0.4709830861213181,-0.5057931474194999,-0.34299774677400485,1.0302423317066247,0.7004432511078355,-0.6089954354701241,-0.38592908397790593,0.3752164380027205,1.9148193091074488,0.8014177458871116,-0.10787997598750784,0.2012680990856939,0.2469493360592443,0.7136849073082069,-1.028975998445974,1.1470982164460668,-1.4175382447400795,-0.9079650586737065,-1.2652137824660492,0.6597883215479248,0.4748706568527855,0.6666065971385619,0.398017020825883,-0.8073696784035599,-0.20306463548744325,0.1974955799800116,0.7663226198709848,0.22139163146068444,0.23034128454622477,0.017760391395034835,1.4067912455672167,0.5931388164069266,0.20785328147643353,-0.4111145044165753,0.6565697914249999,-0.09392072725054021,-0.3831073179298792,1.365788985296063,-0.6087471769761831,-1.4043474491210868,-0.6783892175274057,1.944607472548159
2025-07-15 07:18:04,-0.9312392670455294,0.5501594148763704,2.0816925932700006,-0.2001300817860125,-0.9572804548549135,0.5139573626322327,0.7265293952091825,-1.494161753847501,0.2328013783561347,-1.003448687687102,-1.7193195515801014,0.9035400720117738,-0.21870316590668087,-1.047296778718574,-1.8610162857391563,-2.294835507120098,-0.4504074423510333,1.5613506228144733,-0.894055629933041,0.7466609954802335,-1.6241634343601068,1.1840108927036346,1.168760525652549,-0.9127881063677934,0.3582982223579739,-1.7071291763829344,0.7553776655432229,-1.397156789753628,-0.49290289654390557,-0.28850309929041806,-1.235027677758486,-1.3284430790152393,-0.0725847252848779,0.2941032210317777,0.2666520536289427,-1.3116469077165154,0.26459802244484026,0.5565662243415981,-0.028622320628474487,-0.1442625071728189,-1.8551275239433873,-0.017352980518484867,-1.3173807273884162,0.5644184391532393,-0.6296351765056436,-1.1424128167096386,0.14516566239921114
2025-07-15 08:18:04,-0.997896982081193,1.2930233204880857,-1.2017845177639357,0.15601999736916636,0.9185498623198751,0.05840578013767989,-0.6825018470141131,0.04896512576292129,0.9657452353569442,0.7153227240114826,-0.11193944208111672,-0.4420942001087906,-2.905259677356911,-2.3123286285780464,-1.5035915707885927,1.1299427058544163,0.5782661442432634,0.8889079055238838,-0.9537456581131528,-0.733355903558163,-0.051798084376064736,0.2973241195319404,0.3463426797620508,1.2483233457330138,1.3429404010678816,-0.30667157195686934,0.025229447803649985,0.5385738399297357,-0.6007128377879687,-0.7406644508729492,-0.7373885622721545,-1.4647116891265717,-0.520110663115065,-2.052642782749707,-2.3210818794129358,-0.8456624753925672,-1.3328694685557192,-0.920288644140621,-1.4190203463018918,0.6912843261067355,0.34273756713174613,-0.04923392408469692,-0.4930519951872988,-1.241279662139675,-0.4493876415344279,0.4850288218872909,-0.18707184446905836
2025-07-15 09:18:04,-0.2337521146256293,1.527771504158486,-0.15317114090695436,-0.13618938548307985,-1.7320502061530103,-0.4706710300582303,-0.3770571383482146,-0.39473910937089296,-0.8685659748801272,-1.3249203873356619,-0.3920015862667785,-0.3609726798799014,1.1798353477834842,-1.4873659042708094,1.3724699761174224,-0.3539122116245758,0.44389669631489725,-0.6767536896250878,-0.6013821017840054,-2.4761885574710667,-0.034148882336496426,-0.4737128606288109,-0.04366990666492065,-1.4562607194019714,1.368314274951592,-0.44827187525621687,-1.8750009245106098,0.7747283061871051,0.6790805440832332,-0.5091500196077255,-0.6885302825283234,-0.1072125928224499,2.0525312483835227,0.7365565185190999,1.1160831903908641,-0.5751479555289107,0.039997464382272675,-1.478551994602695,-0.1567124759385764,0.7596170009819203,-1.2739194326874452,-0.35733113395367244,0.24605810037938233,-0.24243512974035758,0.31433773917132796,-0.2669870694651472,1.026739079343345
2025-07-15 10:18:04,0.8650770600024189,0.13358187706909552,-0.6533807254937797,-0.31317649352104604,-0.39511624032967196,-0.28917513892670116,-0.0055094451888399705,0.535702461971174,0.7432914531117609,-0.24404727591141098,0.5845676722912507,1.3154336018635282,-0.1645025410218619,0.9772078610442013,-0.7781869275510626,1.1285059284897216,-1.0661827481329904,1.6389231567150153,1.2461901759585894,-0.31597846673000873,1.0444852589608076,-0.3841947038358548,0.55050539403203,-1.8196407796258243,-0.13790061825938774,-0.13458871674184222,0.8717046937888145,1.1977014042183807,-0.29688245973850574,-1.5549975594080967,1.193013084625051,0.6998647636106738,-0.1471575794379617,0.8366788444947126,-0.3225568883521876,0.1569721884156258,0.4743907978049382,0.7217865140255827,1.2379177994928283,-1.5155306984788979,0.4341800926297391,-0.22440497123367834,0.43525880826847013,0.42343905240337987,-0.06625557662062745,-0.8937506336772484,0.2178771700023649
2025-07-15 11:18:04,0.23044646152818551,0.9509952057535495,0.10913411159645353,0.22360450762752918,2.1902746787121936,0.6366142333103592,0.809605123318949,1.5433633245121214,1.126816413490125,1.0558228710638355,0.07020688716901682,-0.2536406542027457,-0.4444966571172117,-0.3330885972775305,0.4775085086908815,0.8752145670058666,-0.7002983108027073,-1.325432681695873,1.507338222701992,-0.9608510233888113,-0.40748248904009243,-2.6139076517895763,-1.0218433031046326,1.9063586122638836,0.25958527908169776,-0.20397898191470082,0.5041835141245407,0.9041374136213657,-1.4351884477612822,-0.3945795393112641,-0.6716445595036374,-1.783709356034556,0.18261454961192136,0.5415747336668834,0.5484420858760207,-0.7942780164790305,0.07990651402578679,-0.39133311801543347,1.505750863310979,0.3252613376060987,0.35125615814912137,-0.7943442710459632,1.0503748679619895,0.7120609101409621,-0.1833690760622797,0.22356345931703278,2.3284637267998263
2025-07-15 12:18:04,-0.027745329281197828,-0.37937450530526556,0.06265553614122454,1.0582946675428726,0.8775635622143038,1.246527475879082,-1.5016918531793852,0.5081869918502421,0.6540685764658524,0.6055951221938939,-0.3491802453076461,0.12231583642684976,0.5031813002831436,1.1815224856672488,-0.7485311285771965,-1.3614697324089766,-0.14415089215572363,-0.2926366885563566,-0.302255606710491,-2.362437368588897,-0.7264963800931573,0.4024178228837205,0.28204308670307504,1.8778575926563785,1.192303301186559,-0.05623885459582214,0.7933202391468346,-0.7675880977441716,-0.9251304530434715,-0.6378683238222619,1.1375000322941704,0.9220893601295375,1.3675660634689473,-0.1125146890721047,-0.36437345008438166,0.020454579952728754,0.20462704847691043,-0.18557101494999106,-0.005034948240210282,2.7688607715609597,-0.5979834708693214,-0.6889616548849316,0.9896725404354425,0.9987659668938544,0.610475732515328,0.1795358354378157,1.1051354746087114
2025-07-15 13:18:04,-0.623557065088777,0.6140901215137552,-0.7461672424523458,-2.1087346497636372,0.8091978525649113,0.9144915226844116,-0.4409065693765967,0.8724914043527872,2.3789072900618127,0.8129033080881484,-0.2589747083233087,-0.3983622493169831,0.06577752208124864,-1.0004461338587194,-1.5985697214403434,0.23231817745775293,-1.7412452664600209,-0.646982720185255,-0.48920779385803087,0.9864300901415481,-1.5255165116119382,0.7119403424596759,0.2498406071523961,0.3622420879002798,-0.3736884894192438,-1.2866683858714618,2.0493981450969856,0.24089518823676878,-1.3278680943688934,0.6353534501733014,0.23854238451252938,0.35437667134852247,1.4819643360923336,1.5746924240910842,0.17002339587480983,-0.602939437646932,0.4554672981814435,0.5419504209480317,-0.5244053287641405,0.14240398676390353,0.7674970311115947,1.58780860658298,-1.3888985328470298,-1.1072627743535886,1.4668956073052872,0.8292702612959146,0.525261658323964
2025-07-15 14:18:04,0.4563650127738799,-0.5181240345693882,-0.34034211741041354,-0.3864822508034654,1.161435884071608,-1.1850398582217583,-0.9492350829777808,-1.0137513399025808,0.9153281248548336,1.5501459375891453,0.06968457822904993,1.8765284191765421,-0.5365112507976358,0.9053771667893469,-0.264993075546169,0.19421112862558046,0.8155007839463256,0.26018285725156803,1.3970457588137912,1.360457141293972,-0.7532171428154182,0.785907887300797,-2.2710567857951887,-0.7245147228381817,-0.8091645490157989,-1.1500969012714064,0.9527524862795079,-0.47240251347343404,0.25237086268114983,-0.8500861931665273,-1.2613729686396604,0.5014517820312072,-0.7863297687385057,-0.14513974684125336,1.4904853889071907,0.08516458440982361,1.0692572630451609,0.16628159471989573,-0.48404467968522885,0.44871983640239715,0.3548650887512638,-0.5260106781199142,-2.0718533941672774,0.32246239707547597,0.8077146130373061,1.314257085150052,-0.05660123464492322
2025-07-15 15:18:04,0.7913378119284592,-0.03778322403457658,-0.3533409345635529,-1.1529632423719738,0.3192527495298636,0.3389938903476027,-1.3724158615561834,0.6037747850079408,0.6330946957765005,0.48046772362355805,1.3160490237768565,-0.7112068708507452,-1.6682549078174609,-0.2250887371007404,1.3248654365355448,-0.2131581846502999,0.25666352372845685,-1.3841367774328335,-0.7251504238426129,-0.18977962491237974,-1.8329874953067888,0.28378098659165096,-0.5629404667631043,1.253948065173016,-2.561152459063601,-1.3543129087128267,0.415625649446957,-1.2966423081157883,1.82641739449244,-1.3355971569619622,0.40016005100611074,-0.41992286325130695,1.6881238494963475,-0.6443913345001908,1.0041039396391873,-0.678749640516406,1.0087031546859835,1.0809261266525219,-1.5369719927904124,0.8886504993331797,-0.06386054263170433,-0.8209000772746021,-1.251880157731489,0.2074789791840572,-1.0901835947477745,1.5420168947206951,-0.5673321135061712
2025-07-15 16:18:04,-0.7201640173797854,0.1525265724695282,1.31558855022719,-0.3774965130565857,-0.24588879463221364,-0.7840667603165081,-1.4061034434910746,-2.1881522665105053,-0.12253521823238146,-1.1598480464129126,1.2712974560436041,0.3870230707662489,0.10410600187826129,-0.26316107273991024,0.3735979473490972,0.1873859807291526,1.106274348738361,1.8401207224501217,0.43996893989275065,-0.2610474963300193,1.4963105500808416,-0.6397011661640148,-0.44303946578195996,-0.10878820693087246,-0.5940128431760686,1.519766195347,-0.47003734225014043,1.3243525129518694,-0.43098887319344814,0.8687584798421691,0.8670503977303899,0.24164610797755876,-0.9463437751541423,1.7240644213673206,0.8858531890104105,-0.12297389526775594,0.8346532124167895,0.5929204261398262,0.33764765242249545,-2.5266287690737044,0.17050446382764103,0.8906408832754934,0.1402806519042129,0.2511533201509404,1.4484980293462524,0.5697692396512352,-1.0996476611722437
2025-07-15 17:18:04,0.9960398441029358,-0.6529788744353744,-0.07418000744635062,0.049129566886502135,0.7131338255446112,-1.0963426433195935,0.18545204317151234,0.5677274972027192,0.3433042898805028,-0.5862714465271675,-0.2820560888722097,-0.7050469554388924,-0.5985874864557328,2.935026236068425,0.20512569044799053,-1.0614973216253398,0.33134652524001296,-0.26733654768090626,-1.5636729246268883,2.0304288961700774,0.1476056343014103,1.5098177126303192,-0.048298057325772074,0.5452791222414415,-1.0135051530071173,0.18953248798897307,-0.4544061570582065,-1.0038714108885496,-0.7846773172689835,1.1317948215730702,-0.07589201028888982,-0.051659877193587146,0.5406075396539757,0.7120643636972812,1.2430230031722416,-0.1665286382094847,1.7449252188046194,1.0593662913070865,-1.4755561007419946,-0.009583305007678402,-1.341535750283435,0.1475376668985373,0.9774224294713837,-1.880491013559801,0.5531829745996795,-1.2469533598479223,-0.04412530584248912
2025-07-15 18:18:04,-0.01628109017621256,1.8630328887645775,0.9907896443214536,0.7866205648141611,0.14735170558222901,-1.6019565164966159,-0.08457898745979008,0.9265370578476064,-0.5845454409147236,0.361659060059434,-1.2936083059770167,0.04696467026544095,1.224618720582467,1.33066854988124,-0.5353652600498269,-0.24886846004343244,-1.4471685860319925,0.37751510064137067,-1.275505099759923,0.6751825628575642,1.7764970477663506,-0.6492082420879057,-0.27409875349324037,-0.32352455844290917,-0.3390877889273806,0.26944863408547703,-0.6692359153657117,0.6520834021397699,0.16982413234192398,1.282718654807349,-0.34206645904014427,1.5830451098023794,2.1972575830973726,0.07724032255157622,1.1674296209924753,0.41332961135086793,-1.9818194276428855,0.9725169406795008,-0.3072389028562684,1.3723104093472795,-0.03281902397950957,-0.6934536169025785,0.6991472714850268,0.8825567039681159,0.9345100233731148,1.240249291191444,-0.2221876119584872
2025-07-15 19:18:04,-0.3107148657493121,-0.9617852913776977,-0.5606281251474186,-0.3213056799249324,0.857168671295287,0.022852050183118526,0.9564980682845848,-1.5743464368991098,0.2926953539519532,0.20268081912201505,-0.8194272138312816,-1.184937051258912,-0.7149789944753104,-2.1895697289669376,1.3162461670469914,1.44263431626677,-0.20344181577373346,-0.9008241431573071,0.7759682318708259,-0.9091222000277391,-1.2962540250948524,-0.5064221756162219,1.3105553205890141,0.6456915780425342,2.9954606095451455,-0.3543632246119763,-0.40283264314002865,1.3978309379868306,1.373672328584209,0.9658715752711549,1.0013475837033117,0.24800324904292045,-0.5036041261547642,-0.335933564827057,0.7157709333247814,0.15138350810907703,-2.205789419706181,1.4344549509103508,-0.22179843321627105,-1.8400656609861583,1.1897624140106624,-2.602380385160375,-0.5329466571244437,0.4735656603783327,-0.2881025998294228,-0.38421067725513247,-0.6155031933815843
2025-07-15 20:18:04,0.6773016230844326,-0.9258672812496683,0.6641657175279979,0.18197566349240757,0.4269584912866408,-1.509783183851898,0.8716210902813167,0.2869979098651111,0.21315766545768627,0.02754839192360032,1.0392859658170146,0.971731082244165,1.757490461166943,1.1166884282202891,0.4233336774773656,-1.2820281492662469,0.14426544078078837,-0.48463335610855207,0.6645078060081083,0.7714797258176324,-0.01406308103126715,-0.09690045461590073,0.010419073255436524,-0.7527475348975384,-0.35880040675541014,-0.7389040265122353,-0.8731663718966213,-1.0573629111429916,1.0472314936866727,1.828063050176067,0.4510375458902148,0.6770715382796616,-1.3127460020516186,0.4235682600436805,-0.054632467569270815,-1.6790095710064084,-0.6485851046811346,-0.98997624363978,-0.4366288660024897,0.035701498462315344,-0.18276390234755724,0.12434114137197128,0.028706073187155224,-0.37038669039412275,-0.9707156352830524,1.1412333243125319,-1.7687041288687948
2025-07-15 21:18:04,-0.26208818333907746,-1.414918529970247,-0.4169097050429595,0.08736373142990926,-0.5773313443799565,0.638480867511343,0.429070146332503,1.7228094273831092,-0.16021329682793248,-0.8609754960936856,1.5119682047486,0.6708874283566001,0.6753493004685039,0.49334489916223334,0.2765691143658341,-0.487505085123842,-2.6326361259767586,-0.23872055702171163,0.22702662414524322,1.0480327746111102,0.34983078056468075,-1.3610991274037278,2.1699467558666066,0.5029376135104187,0.4366548852455248,0.906930809425077,1.806788332883249,1.0727146781298498,0.46580166398363476,0.9150540859039487,-0.4897471120729671,-1.4165508142020249,-0.036669774393712745,-1.2055690174058866,-0.4577659877621355,-0.7751679993778707,0.11685932492022921,-1.7028671316378532,-1.5701103582516795,-0.08984403942266662,-0.7737617020702032,0.9877431829201304,-0.7574150667385399,0.3694065195039874,1.0540368698669222,1.0869108349391097,-1.1480650388080833
2025-07-15 22:18:04,0.24521655151605462,-0.03378029794567366,-0.6650161997805148,0.11989179166693645,0.4367359285557974,0.5643512478781337,-0.3967541214302762,0.6623382479454853,-0.1473111014227953,-0.6076520693313114,-1.104235993614578,0.050112080798665234,-0.4690633065302917,-1.003426925957471,-1.314701842714061,0.7082634990237723,-0.3579138460267235,2.4939976236278687,0.16425805531902832,1.7164470164578765,0.7699784327891208,0.39643098798877446,0.9832189734092825,-0.5788891890740706,-0.8518081291530893,-0.293036686555146,-0.7500559172510035,0.03152132079265315,-1.3781900388749488,-0.04087266645860294,-1.3848159380176122,0.49576190642586004,-0.3414391625013938,-0.23639720957919597,0.1926407034226509,-0.469135875692402,0.1607939145267798,-0.7371313924509968,2.33584862724212,1.5553712149146592,2.5303868109100423,1.214998494442354,2.3258854682676406,-0.6682342313933789,0.03558625696974989,0.9905318404312348,0.014594882235354672
2025-07-15 23:18:04,-1.2016806186366311,-0.8171111713853869,-0.697337344399267,0.7405266131258055,-0.7913467444970532,1.533506104475359,1.3639868042918821,0.8531680541858183,0.3006153927155479,-0.18646018881984605,0.3042863323987375,2.015938298962251,1.7488724210286613,-1.7747361035272988,-2.067536608010666,-1.5253046079908226,0.017775492076150628,1.1611929546137978,-0.4598246950510843,-0.827441437881199,0.8837925189782405,-0.6922633844961458,-1.7140105608950846,-1.005563969227323,0.03245221820007892,0.8054732666705186,1.1224062854881645,1.7680957493041336,0.3876648802285363,-0.37795261422461657,0.9609219473504113,-0.731582935299675,1.706738793138911,-0.6865809217689117,-0.6722753981056722,0.2426366516827789,-0.14647822542764757,1.1620047874406711,1.2989454174504151,1.6309214848706233,1.1127903760018583,-1.6765296914328038,1.8216674477696184,0.5348516209556391,-0.8181295639858365,0.6189039510881148,0.5662093147392094
2025-07-16 00:18:04,0.595807237494598,1.3395217356029265,-0.9594038513734379,1.4859331512032001,-0.05517652715587405,0.20919102561555927,1.580781632732162,-0.15303800183950936,1.110579990229689,-0.4928048210120235,-1.3978294275080079,0.23692881481041447,-0.5624280553524575,1.324755283353269,1.5845812204550567,0.9236765920609581,1.5410834522375332,1.2882534255780065,1.009572495406414,-0.568921682681439,-0.47462053082211453,0.36098511162872715,-0.10318137410726244,0.7779770847193956,0.6096310347000012,0.5920514838570888,-0.6324644903273285,0.2668630440676137,-1.335867435382291,0.09253753917090364,0.19825052789721917,-1.7694868687865448,1.1949915984065766,-0.17191849562419842,-0.4729391084151363,1.1074977125473493,-1.3023745838435474,0.22126024323573554,-1.1969369561526784,-0.4218081087521411,-0.6713249402862628,-0.30437438510291936,-2.3546265751894864,1.5704501471910566,-0.8486352470523282,0.2649820011331062,-0.26662568978051676
2025-07-16 01:18:04,0.7819175020520136,-0.3612810879025996,0.2062603631521125,-1.0532798358508644,-1.0442303559639758,0.9119786933974646,-0.31095449718173157,0.5245815783487408,0.5549026515946588,-0.9414267696197166,2.1265336453965444,-0.2292109681725198,0.7869137492128514,-0.8045449263429145,-0.4129907242127906,-1.6792176907305914,0.142195569348627,-1.212777987411101,0.5188304049051173,0.08054108558242176,0.5258268186180935,1.2560169498509735,1.730434435158504,-0.8512928021323837,-0.3414971402297158,0.5800967669305707,-0.17015586320133788,0.07029174291395454,-1.0972658575887093,-0.27865196161427874,-1.3622645114380325,0.8128919933085978,2.0548955171873766,-0.15435243669309037,0.7057958813926328,0.18437521040607024,1.1465434656519216,-2.7761114257211106,-0.8489269448352198,-0.21298853961935632,0.6029699016121561,1.8650087351485254,0.9024046231610381,-0.9104013472158172,-0.32211147202469625,1.0963881789461538,0.6488898300626795
2025-07-16 02:18:04,-0.9040362087114859,0.14010548267019082,-1.013511675222681,-0.32131074293727896,0.6872909508630894,0.2894495892518066,-0.32791251958616086,0.9587669349405753,0.399503914415872,-0.35935920423664186,0.2804849503208423,1.0354217864962643,0.4951465920768084,-1.4449650775267022,1.2287664203294542,-1.5201576144194069,0.7620616828064819,-0.6205830942889863,-0.6940465698655944,-1.1255522976551207,0.9848952101070126,-0.19476651864358316,-0.22703471615481244,0.014587225230347676,-0.31192825746871716,-0.003266184971763161,-0.05453021946592676,0.4503110569898519,0.0695633597363163,-1.2544888559733887,0.035900043401164726,-2.7625340424926432,2.5944698656516185,0.21892485219503294,0.594462967797211,-0.9679501042767039,1.1893208144981815,-0.48538026349822433,0.6582042333013987,0.06891070731912258,0.8659271289986281,-0.685161937112591,-1.0969672177257002,-1.5197243596031937,-0.5366026114213264,0.048053497844868905,-0.6780112731115516
2025-07-16 03:18:04,0.8289618551009731,-1.8351498599324727,0.27657160094007616,0.8375078083703396,0.4096778374281645,-1.2792321589521298,-0.41559775801066734,0.054601356994398616,-0.022755480884083887,0.5538026521525446,2.0736926951731136,0.6434160914833492,-0.16072994876084595,-0.33020912553884774,-0.1109765571180717,-2.3332160769977093,0.40761719353310816,-0.12133371130373809,-0.43717539577323977,-0.08977225042620625,-0.5309240334172655,1.190831907888591,0.9482683537923612,-0.8363898368197067,-0.19551902948180153,0.5988811880043533,0.5954878228567744,0.43062500445342855,-2.1413709224872153,0.8947297928780248,-0.8910880406704516,0.4541423643651191,0.3977178746908733,-1.4132765154694809,0.057089098469684865,0.3142554938594294,-0.7654238254162314,-0.4481785836305726,-0.4936177112946913,2.355034096948135,0.6986836692997394,0.05892004204151689,-0.10179448900437317,1.006361734523672,0.48511318606026704,-0.3745936266493909,-0.35035255430091466
2025-07-16 04:18:04,-0.30305665056807063,-1.3785357349784007,-1.3894798376033461,-0.4893956698544212,0.9145006362494266,0.47918694786851296,-0.07174682448154628,-0.6150318904258931,-0.23703728689053802,-1.3072066162407403,-1.559117368602431,-1.2507691442488684,1.1944096585000892,-2.638399867113692,0.4162900608273508,1.2168837358647935,1.5896699184636256,0.8930837585398904,0.23156460944524737,-0.9518375080454256,-0.45232959166139697,-0.05085191813403999,1.1669352326143265,-0.9512692502308538,0.3827204713905494,0.1764432940385907,-0.8618803956950035,-0.7651426579960977,1.6807498295963763,1.2677658836630026,1.153249510413693,1.1077045769139058,1.4983048702436763,-2.718332415885176,1.0323592723209363,-0.4860343685263398,2.055354049027726,0.8488399399238452,-0.13499507630642948,-0.44497795703666027,-0.7355621169597626,1.0808321317962133,-0.06172805503215857,-0.29349065547962544,-1.782283111109275,-2.0091442091587655,1.3825444164466896
2025-07-16 05:18:04,-1.8522880029490998,2.2028694065442647,-0.7976581663364694,1.0998695706568922,-0.4965822621284537,0.8342711302222894,0.18927849890404647,-0.6295658282820945,0.4296573842497715,1.0224993071789366,0.2931132311202041,-2.4274489180473333,0.5346642147580597,-0.016803818888802325,-0.21561430417527397,-0.04717378276580652,-0.8267453155759138,-0.5598358533149072,1.0187663213724445,0.12326694302677085,-0.22893930002386725,-1.1068756840919267,-0.04505703092852529,-1.4622108687983895,-0.18017949589450138,-0.012795266336995681,-1.0788934998755082,1.0391045296190649,0.8745660291538329,1.6121638287957902,-0.4722882959050355,1.3477051535337545,1.2521410799808126,-1.6032472113505665,1.4973609745482013,-0.5678948139011744,-0.34406093086215334,0.17000904652115084,-1.3260614219493856,-0.4359791743417856,0.11272837836350538,0.2007722375646745,1.2911458421683537,-0.4891540970624739,-1.4694272957394103,0.3670918276885924,0.7656166409270646
2025-07-16 06:18:04,-0.7103594276229306,0.36166389191438625,-0.5175018636991223,1.5905853777050842,0.6150674532912707,0.176042550758801,-0.16563975245509152,-0.8482758982775352,-1.375895493918607,-0.3545074537410956,0.2564126903548317,-3.139901246844633,-0.8653076789715977,-0.43429534813435916,-1.0855779232286629,0.585441894560113,1.5573474283332769,0.1895411510211649,-0.5978838168129977,0.7282379828568779,1.259267064454036,-0.1770996452260384,-0.8959025338467657,-1.1264368683286599,0.5312682260836594,-1.6833500544286448,-1.705535035195594,-0.4990269990054775,0.5010503406836012,-0.25936508718890894,1.7126287797549846,-1.373879570079461,-0.38703426348565856,-2.908084321220791,0.8011185052276645,0.7775375601719479,-0.31048313055537186,-0.26551670386629295,-0.4656395274862872,-1.0413383509996839,1.087544821578659,1.0480779407075922,-2.359630116550907,-0.4768116250322029,0.016194988720695427,-1.1947225293094759,-0.38266729912063185
2025-07-16 07:18:04,1.0645249641013241,-0.3783030897845448,-0.6348762774175623,-0.40891380161538193,0.003926705531027307,-0.4004992731699647,0.2714254460972756,-0.08972216245110158,1.2393438991289905,0.41868294651100074,0.790465560306478,-1.2547089052358606,0.3701053990493306,0.35738805357037473,0.5154520899469193,-1.45860485876952,0.05026042191988003,-1.763412812173395,-1.588543215670257,-0.21657213410019935,-1.0216429526927464,-0.018109267415782126,0.7449732940787589,-0.8674218262596485,-0.49434951135985916,-0.09537796192238768,-0.47220235557685664,-2.484675621084795,0.5426237298010921,-0.4633540960913759,-0.9297721172530938,-0.3708896354788137,0.41072334701673036,-0.9302730213471236,0.5342925246182888,1.79264792922247,0.039496716582464966,-0.6314719403099736,-1.0576620306874946,1.8539851709747515,0.807070611055744,0.8141071948810884,0.5020646690819686,-0.24894767023785735,-0.07805311825261721,0.5381864640271113,-0.5735274796974632
2025-07-16 08:18:04,0.8457002085462347,-0.26925359223338746,-0.2413800104875174,0.16928881798697032,0.3986834437477913,-1.7654054801323444,0.6097171898150312,1.305592109201399,-0.5404335426928153,-1.6788444718414506,-1.3260414017168698,-0.3236470049756218,1.5958230727998701,-0.3733158168822485,-0.8637790882782083,-0.9328365626282197,1.1464317664936734,1.481716271260672,0.14372039482746832,0.391686051104437,1.6299809850117166,-1.2483449817535854,-0.7816859101757353,-0.5627597140440346,1.8606374963819676,-0.5251276542363592,0.8637909108457874,-0.4358335908940291,-0.4564666946284866,-1.4867840113257342,0.11732255881786295,-1.0008878808245265,-1.0766817225683385,-0.3116068833828344,0.6312420048271099,0.19353972492225996,-0.1075429579510837,0.06169900870330329,0.11110524522524473,-0.531068314643998,0.28251771986317803,2.2579667730979214,-0.467334425480317,0.47931473423320503,-0.9758854075636925,0.467333842635383,-0.46370545948572495
2025-07-16 09:18:04,-1.2634886734525201,-0.7193319732781905,-0.4040200528147717,-0.49044143260537765,1.5813879980256027,0.34268729892988925,-0.06476111078693042,0.07554686004859773,1.9436659655918176,-1.131572116572429,0.39236760730173986,0.15410091976262916,-1.2829600827270486,0.1435617664774718,-0.6087041329323721,0.018167597589346562,1.2178452982674866,0.05967928735570344,1.1091902973748529,-0.21031393834684023,2.1506702068913364,-1.5149643684061938,0.20331842513297918,1.0706758442535602,0.017604303603705823,-1.8361505521062205,-1.3421770848993984,-0.7391233898141473,-0.048828164911572304,0.5700652060429603,1.8463833240074736,1.516833438957,-0.018398175481930637,0.8823409968569044,0.7158792539626679,-0.8756769354471001,-0.45425244082756444,-0.15138030266794214,-0.30748031690779853,-1.252841023624448,0.6432427138768769,1.3799993447711938,1.1485112385271588,-0.3444605948091786,1.4399390048315028,-0.6522505845381174,-0.06595318506563613
2025-07-16 10:18:04,-0.052263304073879295,0.14220270190910894,1.0680971920897724,0.8805335474589858,0.1864227608919488,1.0623180367808525,-0.2965913748983894,0.4524232604062363,0.4379637818745568,0.29520771695945136,0.5529621495365015,-2.7679227654127745,0.031936987297965944,-0.7610787076655771,0.019804889707305897,1.0981418311566442,0.811131080969847,0.6899430083717205,0.9616739038759478,1.5316270872215403,-1.83151815187997,0.3059396598914645,0.23747648402934848,0.6843790398768379,-1.3494931862630593,1.1130545740421751,0.22136449711412595,-0.3029836865496814,0.1372662834061606,1.1827978683847393,-0.23012259402015114,1.4935232036803991,1.421338236718683,0.657778644214277,1.0868142617199383,-1.1685734683431042,-1.6518264512932437,1.0396334025744407,1.3645475886305944,0.7282529058677297,0.04712737727399072,0.19946774555659424,0.07428412635261156,-0.02953275641164192,1.2113092311113536,-0.08262980484527181,0.5735678527906596
2025-07-16 11:18:04,-2.6580124216898806,-0.6272706046267921,1.918619633457883,1.2886029712646836,1.5581383687057186,2.3623187946514395,-0.06041726638133159,-0.9888418169439347,1.1072046914879707,-0.221802211194588,1.2224543422582195,0.10070509603811824,1.63013984875808,-0.6375191517316843,0.1589174363304114,1.1158352537908598,-0.032378997787408,1.6090281769265231,0.46971149424742864,0.6482299906642451,0.6146319815851479,0.22765399566086578,-0.07070313853623694,0.13881805163223984,-0.20606066457366876,2.553709709390326,0.566328124571975,-0.7333067052111041,1.5371496520043328,-1.8813863292583444,1.0133965481684137,-0.042485231282537284,-1.4638622402890848,-0.15925293311560304,0.5555296912384023,-1.8138480999107014,-0.8168665417996003,-0.7616345326119103,-0.1913632832517097,-1.011606584489483,1.9327074921542322,-0.04640796288983026,-0.503146197001714,-0.9636952770095525,1.9671124031347882,0.13995132447220957,-0.4212602895156349
2025-07-16 12:18:04,1.5570926908836353,0.29718573071102905,-0.27615924743457554,1.521306220047163,-0.3062222842841234,-0.7114993520914236,0.4756300265233074,0.1935511546737041,1.4725510673729065,-1.1109071364342318,-0.7199163428377766,-1.6861135000323513,0.9211842790763971,-0.9185045315644863,-0.2949969738700431,-1.5886497048639425,2.0264486607143124,1.506041001420755,0.5160193272796918,-0.8837213269459363,1.3770056511405808,-0.9453290949079269,-0.48609426172834413,-0.9479963640101542,-0.5505648248651402,1.215187692123413,0.06351943897663159,1.065248410285065,-0.5403565958666927,0.725087775727961,0.5693595600159594,0.2182865774748223,-0.25985711486594437,-0.14214152230734725,1.136733064947779,0.28345988056564786,1.3134433815267772,0.0941677303800679,-0.1635820715753107,1.335046564492384,0.9470060604800125,-0.07331993709232783,-0.5123766460294585,-1.6462221574738982,0.3843127147810409,0.05799465721926064,-0.7802192657946844
2025-07-16 13:18:04,0.7092385317440316,0.4065934828762688,-0.9801931829218516,-2.4410034168227166,0.7028642428252896,0.6802816239357289,-0.04774203978744975,0.3101467129150165,0.8470378420125041,-1.2187620418382255,1.7423312770790922,0.5709646972917289,1.3143365159570686,-1.4777141224323733,0.012678699344568852,-0.030149327733392513,0.22682555388098272,-0.09779895831455683,1.140269617837599,-2.9205918924828267,-1.5926848981930797,0.3403059070828242,-0.25643755210842684,0.37233146269468703,1.719299626697649,1.9742157596064345,0.1259478182371914,-0.4838051719725092,0.7074291840552194,-0.17688409483354944,0.9311530556737898,1.120054061919021,0.13818888569906018,0.6439305702761199,-1.159111202623681,0.6396080862802623,0.4404040029047801,0.6687570891838973,-0.09645705754074131,-0.20180160121440946,0.8771703656064538,0.7584655036127376,0.7683394189335744,-0.13095496108051177,0.41933464007711624,-0.2403752307328021,-1.8151957336100648
2025-07-16 14:18:04,-1.0985816270101652,-1.200003803069769,0.2797571144701348,0.4106255882831299,0.781716391647952,-1.3207654655504297,-1.1227921010354949,-1.0417921853480634,0.2972661157088007,-0.45868491845699344,1.1414792488853251,0.37177395546382663,0.8265233858550675,-1.3502304055954077,-0.6237939435443793,-0.31023894094356885,-0.7533011364104453,-1.045030564688071,-1.1789963454645687,-0.14182429459295343,-0.5059138759534624,0.7649547277930008,-0.6292764293440316,1.369361253778071,0.38493093392256134,1.0731760315610355,-1.2495562478380795,-0.9977829425977005,-0.6011658869106806,1.411424652237434,0.6479986238458922,-0.9501548173587042,0.9261811011784681,1.0124787474467232,0.5259828442626227,0.46198727892502356,0.7661339848514492,-0.25495723843747975,-0.1633630477638988,-1.2962695481049546,0.5176375978355131,1.2693127327787377,-1.5243133931222166,0.6164672445828837,-1.191371684464252,0.6731616832997969,0.5128840468774358
2025-07-16 15:18:04,-1.4669840029141334,-0.7348415218423557,-0.07176106405098079,-1.7657977602105126,-0.006242244915388669,-0.8169029831246263,-1.516204342198112,0.671444713739057,0.4015249456222992,1.0668090240616561,0.29144038528774907,0.3280376139340814,1.2158094852333745,-0.5962220368461072,0.48647264512621907,2.583212023221658,-0.6524968151077584,-0.16323875682944805,0.281941811326022,0.5721243332632477,-0.9456046320129694,0.7675059523760625,-1.916610478909544,-1.789002978153293,-1.9174584500735583,-0.7956590843394044,0.18272028021272121,0.10922746062838071,0.7910598014401586,-1.226770984310383,1.3690783574309886,0.9124243118815598,1.192985607418765,-0.14140286067624264,-0.2946071039573346,0.2228713012839768,-1.0425282987928164,0.6394442933812071,0.03807008485573645,-0.7386699837703644,-1.2432373171330615,0.5480794038923748,0.11470224882919382,-0.39771567187356965,1.6005740178646128,-0.1943932242465926,0.5197086894704082
2025-07-16 16:18:04,-1.5064766697927685,-0.3899413816480367,-0.9653029338306138,0.09340442907116774,0.31230574453003773,-0.5003474582846125,0.00215795700892117,0.6472003777794268,0.39343561236013574,-0.4751215957478099,0.08923392289251816,-0.24762493603860275,-0.10297775426047297,0.08380051657282019,-0.7857438200691861,-0.015441689923389927,-0.4555748386743208,-0.055600434574778784,-1.3053146786106058,-0.3236709156018143,0.9221564022140004,0.9973333412592044,1.02800377813352,0.013680722110762652,0.1531666120524751,-0.7895741900559093,1.7259416593091212,0.7251126873090783,0.9191167397408933,-0.4696638302057519,-0.0662759101679436,0.7891551278118446,-0.26174724659324816,-0.40754581181066524,-0.2712268129993622,0.13070750861143804,1.0116285793843374,-1.6497053752975308,0.9295972414878825,-1.0795188256243151,-1.164218527086066,0.23922442593383472,-0.3950965030980411,-0.28208295119299653,-1.2687096601057246,-0.4754822349345025,-1.1353287307475277
2025-07-16 17:18:04,0.1616804666999149,0.5402212934139151,1.2183372621094546,2.3172606698748224,0.037193846952267566,-1.1231128643353945,-0.5116545382435891,-0.6096842447749434,0.7517054677066053,-1.6870999117544732,-0.24254031988631553,-2.3681224852616927,0.3037434466429818,2.221900715289418,-0.7525798284186387,0.022655922083379007,1.2637244218471257,1.9890702422312019,0.95193788827586,-2.4922633752355505,0.0979177810387498,-0.3848930443301901,-0.30993055198527575,-0.47294861731876875,-0.09634227284805902,-0.8311786397586053,-1.4640175523483694,1.1006125248487983,0.48940184995993646,-1.7486004179433994,1.1853868407737653,-0.09348172829441906,-0.10471323406965956,0.2067554554602927,1.3105090741517942,0.006101496853431455,0.7817385960715305,-0.5360661801142298,0.5841841653841253,-1.0112471584702625,0.2717956512733929,1.7480377552632607,2.0700293538020547,-1.9494625372328929,0.06190513617857532,-0.5596304261595588,-0.503167551783942
2025-07-16 18:18:04,-0.08295690578016932,0.598461400178545,1.0647275634837017,-1.1596745950578637,1.4257466243246666,0.25318134498716566,0.46910520952732887,0.30918622683820335,0.028141170052158503,1.4157733808933817,-0.42278680800726426,-0.32806984999015437,-0.048062041763776514,-1.4897240384971773,0.13285903338915453,1.3520395837087322,-0.7014908265813031,-1.3596886483294923,-0.4594066021977942,0.29343622909938005,-0.30512230242747485,0.8615531861745045,1.6961298343611595,1.02134579750341,-0.7495470335718329,0.29625768044365614,-1.2940882682327357,-2.0716124552372874,0.7311302480000413,-0.3587759698032286,1.1250939003388944,-0.0744832296488526,-0.7976286704423579,-0.658865998773113,-2.139794339805631,0.8582085199392103,-1.1066924838383834,0.3512194707130175,1.0976736751847305,-0.9532419863569341,-0.41006637989156364,0.5052302605998286,-0.9864358896002678,0.35254720687416696,0.40377360503992105,-0.538336876409683,-0.3262229287181587
2025-07-16 19:18:04,-2.000138712559996,-0.5466185108020978,-0.9444269602164436,0.5340851571392933,-1.6222452619468373,-0.38453466487421606,-0.043820227591373946,0.6022555170586837,0.31380812760368937,-0.0742730840881702,-0.486263144938832,-1.1967835254382289,-1.8604835381929175,0.34051540413159087,-0.02536280551685287,0.2109990679071636,1.109391104916046,-0.0364745071571888,0.24268567109394668,-0.01860163038740012,-0.6005293718985285,0.7572249824447134,0.2454458875304652,-1.8668219559034867,1.1809730715581344,1.332637460311896,1.172563273021363,-0.461142603214188,-1.0174462067053456,1.3791955233786224,0.6484902793695351,0.6195656718549819,1.6932938102101853,0.5732886907244291,-0.740964980278306,-0.15338889459684174,0.17224292663263752,0.36263234967260444,1.415919465676632,0.7373943772158416,1.2865180527159517,-1.252536571009009,-1.9000357269053263,0.23184501983423347,0.40954332844329155,0.7772262389068225,-0.33647513151608066
2025-07-16 20:18:04,-0.8822100348074332,-0.5813550655090717,0.09720739811422785,0.42794236326170415,-0.0030337842624775743,-1.2763805312862413,0.12285306140283966,-1.7936207372578703,-0.8541445815096429,-0.42319844398957507,0.2119633708181678,0.6808327222155293,1.3552950229055518,1.2317459841530984,1.249120736559996,0.581001577613513,1.6027798981372434,1.2018252617872016,1.4121299388587287,0.7183408862081904,1.3160008304142243,-2.114297208634987,0.2009089168165938,-1.0002433449893102,-1.2352628505641272,1.188423169850737,-1.5253687698086729,-0.17058970657398836,-0.027321379345332096,-0.453355793031528,1.1332260663028046,-0.14530362880370037,0.9795625043296118,1.2821426967260905,0.074974598271963,1.0909409005005581,-0.38678753196184473,-0.3940156872752842,-0.41316009523436453,0.09768067968584822,-2.2070658974181514,-0.5635804720531339,0.20830834105276586,0.3319333584228387,-0.990584886772502,-1.3493960021856612,0.11272445291304456
2025-07-16 21:18:04,-0.49615518021623806,1.7688092230529229,0.9294864940676542,-0.15582838914717545,0.4259004192799831,0.44874680439482273,1.0348861956698132,-1.2481323176648482,0.1550934045613456,-0.06317086068210936,1.8902656461023917,0.9015509160656404,-0.3082074955864266,1.786446881308005,-1.0252544589499744,1.0150830233342902,-0.6785721132987669,-0.7093564047051211,1.069539624428582,-1.044691815465521,1.2610511555775616,0.7428704696070058,-0.9594345926207729,-0.876124943623364,0.6937758776436633,-0.5829560318747494,0.6265143070591429,0.6550654742082896,-0.39676682843913025,-2.389564353844712,-0.06274636714391309,-0.6960525876690906,-1.7835997528234637,1.6645967748635304,0.1810999568538456,0.05553729029404478,2.3302077805235326,-1.6064986126663785,-1.7369722215542163,-0.2347121547733774,0.7367901955541338,-1.2332837055307164,0.0010296199435602283,-0.4972581661632646,-0.037885747383516445,-2.1459158093809156,1.0378143459700329
2025-07-16 22:18:04,-0.05483426908992336,0.7791698016251649,-1.1318214386572665,0.8232481118890494,-0.5517020033286829,0.14530893266313144,-1.0583501924866423,1.5447540800850774,0.17455979654724366,0.09209542975321304,0.6876234531179926,0.5328421562436453,-1.136611981430258,0.6488769156102101,0.0017496752726415341,0.6276791123475108,0.5556514968376738,-1.3078617182400754,-1.1249236863429342,0.6011145481617514,-1.3899269878344316,0.11677966493563594,-0.46553505239390996,-0.297771997873472,-2.836026083515747,1.7718910421288565,-2.7635839978346444,0.2655331968268475,-0.02181364084143909,1.4620229772182347,-0.662093496523252,0.3448509011889566,-0.11367736844496218,2.233654752225213,1.0303329800232306,-0.5747950054556048,0.34514940714144277,-1.8094470912737382,-0.2632724989280993,0.09480534235761694,0.4846536981459239,-0.4963504295448226,-0.2375649793672845,-0.6942608472169841,-0.7122356510145202,0.06779798918797475,0.5802454317314332
2025-07-16 23:18:04,-0.37441805679660545,0.15435756464565695,1.1544776545534152,1.0197031293564038,0.24634132862319655,-0.7795296017767623,1.4633663781383366,-1.3566904164534095,-0.05525755654765498,-1.2175000911791645,-1.3270684507284654,-0.5073860647417737,-1.0938330720569325,1.0558139547092582,-1.3363143446159964,-1.4890644149879342,-0.43680897325593443,-1.308638675092632,-0.6092981479302814,0.03206043797418701,-1.0053854374622404,-0.6350410950469363,0.8478756117638381,-0.1341872876899416,0.17321434012223036,-1.1329322907215975,-0.9617786090893572,0.8163164286150223,-1.5431981648086595,-0.8642095183729764,-0.47498716909834005,0.7324502670492014,-0.03449018717214066,-0.17220125282801987,0.24555675929116316,-0.415087675658972,-0.14485056416189276,0.6548388263629137,0.3566355885816512,-3.7658380748895817,1.0617820274940428,0.2732923470084631,1.5104342465930853,-1.0648965483411206,0.1218132109466423,1.0231973002320691,-0.10447297556538959
2025-07-17 00:18:04,-0.7971422808697208,-1.7107450428179862,0.912818411864288,1.0553350140757956,-0.5747366858554587,-0.7773627647956532,1.1601888137924152,-0.83273611699688,0.7089279707054655,-1.1370806355605445,0.8123861306324727,1.737171701651653,-0.8014736210665196,0.760901541438699,1.2744246717199932,-1.4217680305161544,2.1714529704066474,-0.0805567754205118,1.4564052849887785,-0.6153293711791211,-0.3678142380197192,0.838516508087399,-3.523282869842453,-0.5207586805143318,-0.469252756645528,-1.2114865872926017,-2.2751977834254364,-0.5964990810806441,1.736927086533479,0.9259715907163072,-1.0081363112843191,0.00745793512439455,0.8236308475036447,0.6779821202863382,1.100216799920791,-1.145509396756613,1.0371105413274002,-0.668462094425837,-0.5336654765508511,-1.2098270191208111,0.7783301792570224,-0.893316136788788,0.12750151684812863,-0.5067850111333306,0.015876481178081592,-0.47874355853621464,0.4347997576691626
2025-07-17 01:18:04,0.6179012275603157,1.1712735660812221,0.44447194686008334,0.9333564965657647,-1.9896274526032995,-0.5598906763512557,1.438895895197829,0.6264771820476306,-0.6037355311715464,-0.8867880936559489,-1.9648081517158864,-0.056841781984958116,-1.0063642353942954,1.159595200091441,0.719658222474785,-0.05441012883512587,-0.9966411984377911,1.145696444701193,1.1300923522207247,-0.2621888071657786,0.9615535157632901,0.11055623329440593,-0.0752124833801913,0.011782049086813956,1.244096144491933,-1.315635206519357,0.46414898888687856,-0.8143995138805508,3.2057061637567714,-1.0637366904999677,0.30965551439149824,1.091141568963877,0.9961098213150865,-0.13450501640385643,0.3722128956138407,-1.1845960919569811,0.33135121909885973,-1.0446147853238532,-1.5391485185600182,0.3993252866420947,0.2613664376125736,0.6377929036727202,1.340453768624805,-0.34429748812155025,-1.0142779945823621,0.35325273650066813,0.31224117182446476
2025-07-17 02:18:04,0.46208317634252255,0.2468021494251513,-0.21633470335910585,1.7950689528446604,-0.3149775633157621,-0.7405529855211133,-0.110899909930197,-1.3809439608216658,0.21180517380618769,-0.7916102502779802,0.40177322341704674,-0.8975461923616141,-0.7950765887467418,-1.6281866516749217,-0.5235313192476659,1.2688135027074177,0.5386497932397325,1.5968070379781079,-0.09445041990171704,1.9615386617993193,0.6058437430463898,-1.7710043007659753,-0.32269713981519527,-0.4472132512608608,1.4137582961981552,0.00498534714707697,0.2633544687391949,0.13856909739084478,2.5454956107759985,1.226417643865024,0.1709467482978679,0.4285767748542812,-0.38378262023224285,0.19727013288015322,-1.4691200990560136,-0.21793444976572035,-0.912412364636485,1.9096423022441371,-0.7790362489913669,0.14079318400005048,1.088384057615586,-0.3653252099120996,0.7722488387132384,0.3205530491027287,2.246543752095935,0.19294736472246854,0.10282547942505665
2025-07-17 03:18:04,-0.006285042781292499,0.16876060207428223,0.37060033972798284,0.1453507223039448,0.794713808882126,0.8667083302183057,-0.11015880990705844,-0.38473604754888274,-0.43490481572248446,-0.3381698093882394,0.6158804815707207,0.4416255463567029,0.06765953241043125,-0.558845974165327,-0.16060463670618783,1.024649476489689,1.1433150838186286,-1.2338971551422961,1.5329755383521166,-0.9002869428005951,-1.5957519251704562,-0.33191486013792165,-0.9212113785948772,0.7963360972433124,-1.1836441530960644,1.1389991931897863,-2.0841305470901026,-0.5261515853550176,-0.6584968185617707,2.0775025245172194,-0.16709212640019905,0.8233063479195357,-1.2209423068699912,0.35871290416864804,0.8086421605725147,0.903959047902937,-0.7245293473953178,-2.2237967353284187,0.12662540836085545,1.8517825788335842,-1.3122368630848333,-0.4715386444768753,-1.2629482735357054,-0.7391822285009948,-1.8173135486158396,0.041480533141880264,-0.7759001302887892
2025-07-17 04:18:04,-0.19215053451378805,-0.3146725003992138,0.9892238693992135,0.19430926418942787,0.23971900714826583,0.5642515278384921,-1.651959107563126,-0.6077803224694001,0.5064335687994185,-0.23520657984589594,-0.24414347919414978,0.10574456298283588,0.16398121838834026,-1.1485662416859326,0.3362192979106729,2.097910116096548,-0.6766279818544533,3.849787488297978e-05,1.4079985401293722,0.8456565440507049,-1.7101171948298215,-0.08190516054185126,0.13706342609509106,1.5740381679514341,-0.10317510697104047,-0.04624864130683894,0.827700511823702,1.4450961375582954,0.299689532741015,-0.062090844183936976,1.6168516764524332,-1.3969055041964722,1.5796513910628724,0.08187428159955563,0.49742252723939595,-0.21521422183843034,-1.4414526218131525,0.501252495407838,0.2430120531400213,-0.36093121280317936,0.9770733514697912,-0.1704329584689814,-0.006771532910297649,-0.23718071680430533,1.5000679750410406,0.08310153650200963,-0.16001083699853025
2025-07-17 05:18:04,0.3157578030061727,-0.6461718913794073,0.6881257156700925,-1.483831984969673,-0.18301212616464735,-0.5005586589174624,0.11860490291102778,-2.220474220718706,0.3892033239412312,-0.13651961506246016,1.5366830201545585,1.1723568723674713,-0.6194680266121393,-0.48330101152898747,-1.5001972816355993,-0.3422774898754107,-0.2643980528712386,2.0291574963374117,-0.5119940158348762,2.124014324831928,-1.160990025208335,0.3279228036906103,1.1480779923959838,0.4034044718084961,-0.03625305896046911,0.4286620800091646,-1.722917919011843,-1.859157379773477,0.49268132996119846,-0.22941964810840434,0.19279255076417137,0.7004230675519246,1.5401097609279932,1.3741978917919078,0.17915636404800617,-0.2883319480962928,1.6058201819649627,-2.346365020851705,-0.12558832807707565,0.7269127782246687,0.16863100232110603,-0.34961400917069085,-0.12937881753100336,-0.11493851481681146,-0.6314475676323061,-0.47551641484896184,-0.5827067614275421
2025-07-17 06:18:04,2.3941839400580665,-2.3976535748751986,-0.076602854113902,0.21965013577629688,-0.7119577325557248,-0.8446998400313008,0.14821788646869527,-1.032916429805494,1.636011168831853,-0.7716624248639045,0.4992290311661547,-0.5893221299248675,-0.5896301306765545,0.9771750794738506,-0.7400038834422813,-0.3239180708057142,-0.4547434347781893,-0.3106510616502648,-0.19144400818518917,1.191681631036137,-0.446120041038256,0.7007842769503598,-0.9160281110864805,-1.0341373165024406,0.4652014849862904,0.09803586814690202,-1.4160416756896645,-1.9188568593852635,-1.4750125737638446,0.8472853075863244,1.0261480751061445,-0.8220561951810814,1.2260874115625329,0.5865274476286189,-0.014179147528687132,-1.470714669905685,1.4016259511267564,-1.2479182407515748,0.46377508569977505,-1.0615261972015149,-0.3865243234994773,-0.6639608156325651,-0.4696454414204351,-0.8214389084089324,1.1063487362012392,-1.1092917480939015,-0.7364718404815074
2025-07-17 07:18:04,-1.0448191241971274,1.3696555163165045,-0.24751552240655786,-1.554879163512561,1.3061817206270783,0.26167817768802487,1.8501195011048592,-0.5270957983378856,1.5870622279354458,0.35013949567211905,-0.04471597437996592,1.6041526699965631,-0.6919366731315109,-0.277760932305284,-0.8873770652190927,-1.1004327717588647,0.08062826818102496,0.2819175126858229,0.7401459610612123,0.7113651280478915,1.728094509831118,-0.3799177112290053,-1.6542717192568064,-1.0991917446290917,-1.114108134927143,-1.4197534990586904,0.9027054249209138,0.13853578091235536,2.767320690939174,0.6953463433258416,-0.3780140426283097,-0.5988463230111759,-0.5537513315660283,1.1934186785417364,0.24857823879716334,-0.6448756713801862,0.733118280567668,-1.2008705604415233,0.8076351071052799,-0.6591073109303345,-0.4475727934781457,0.5973095623728483,0.1727626779980359,-0.42093687973606436,0.6265708632813012,-1.2912275134040518,1.6833555598700867
2025-07-17 08:18:04,0.28653493059688634,1.936587321940903,0.684364943010666,0.34883613062472285,-0.16488680969733463,-1.48460706019181,-0.8407287028074193,0.6026555729682315,-1.3969116565276243,-0.9743770557064796,1.3460622826234858,-0.1764767106472995,0.6646523744162158,-1.147392268466874,-0.23823774763032188,-0.48337071264413234,0.5005571908586519,0.47318733419049575,-0.617719412532658,-1.4784292590858532,-0.24497175788767753,-0.4457496993878133,0.8693455215473698,-0.2745738586994846,0.6524214316957256,-1.8012681878712147,0.11224750343821935,-1.301288363965608,1.4745824998445516,1.8100219924787082,1.5402947010411445,-2.44305574169937,0.7611748257460655,-1.147887711400313,0.031179137186285562,-0.46708053468317146,0.23364815080119156,-1.9760492948032162,0.25021062975439207,0.6617421296333866,-0.9102008090421798,1.2065148343602423,0.8649640256852366,1.7437896369847314,1.1690107105465621,2.2941008977361634,-1.7971525255726561
2025-07-17 09:18:04,-0.15726449224431305,-1.1927195832863529,-0.8543048216702045,-0.6135402953163016,-0.25696201447525624,0.5354808461381295,-0.22753599992876175,-1.149642184841545,-0.6611457857390868,1.3550127806384447,0.2504116463748018,-0.015065046688251366,0.7387950021576474,-0.34321467438898157,-1.0164942857683636,0.831684179911424,1.064691452477804,-1.2370258983067004,0.0635862687892283,-0.2240807943874043,0.8943295917748683,0.3224185451826095,-1.7726531769865286,-1.1307906761626692,1.9821990351729715,0.1474812653307845,2.0329243910049075,0.3382183395411998,0.9481739509369186,0.4101699993483128,1.049566514955461,1.1973483611524005,-0.7713404153250337,-0.3329441709512189,0.46586527556718277,1.814613714418382,-0.2666463639655927,1.3820483440578109,0.15455064090021212,0.20961591505061294,1.8074001137882403,0.6882611728458943,-1.9037912085700641,-0.8800319592369895,1.479618777232482,-0.45009280293657766,1.3606528236139601
2025-07-17 10:18:04,2.217310798109084,-1.7397471866419751,-0.054238789477813895,-0.008831465919803948,0.12894081936758603,0.4842197079978774,-0.8233606281863526,-0.47328252971835516,0.3582840588377401,0.7831273880591407,-0.58327459802444,0.8136644652382053,-0.499281219118275,0.5932259913766312,-0.7372963980785905,0.5856094965552864,-2.203901708872861,0.1722365495533713,0.1371709096766543,-1.1086213069859543,-1.0554234107351679,0.9702886146386486,0.1052406809071789,0.0756619778427924,0.023832259540372824,-0.8088009737787843,0.9195916622969601,-0.31466910050547847,-0.11065734692630519,0.3974454999084463,1.1356807247074245,0.27895130924337447,0.3353982238443888,0.7016760864033347,0.2835544114396268,0.9539960504315418,1.664005609599953,1.8447131587811996,-0.7105068442919015,1.2492259971764634,0.7089728323789294,-2.1183168158258083,1.5384633054741559,0.7551470025566622,-1.2489894794158805,1.1521241968975546,0.06386967950181636
2025-07-17 11:18:04,0.9997821651600026,-0.03242016251510075,-0.6515534349141696,0.19030988202173807,0.6423300180135453,-2.3042117554059747,-0.552211076837398,-0.9267872636679464,-2.0049400909022514,-0.15135750379975882,0.9942508314875453,0.00711750851872042,1.2354980807579667,0.09617316014510031,0.4463030590539521,0.4939125883567176,0.5330210504001334,0.5178129764914114,-0.4263011483750313,-2.1813509261031894,0.6053156468022057,0.3044779710713347,-1.4471298576632845,-1.1559289151725416,-0.3357126476440266,-0.6087826516109813,0.5244139351345103,-0.4346654230695053,-0.5351147485208441,-1.0154703914186831,-0.01896823238782117,-0.41616359317444085,-0.6971068649158633,1.23095035026635,0.292097069577798,-0.4673252000776509,0.35088160048359196,-0.1722694466192071,-0.8646358587711969,0.11614254817221273,-0.17152597169871664,0.02505080159068345,0.9665740741946538,-0.35269386994685675,-1.9245456251096629,0.7482526837427012,0.43461002595989584
2025-07-17 12:18:04,-0.3156778805906857,-1.5812807004019545,0.11345366020727266,-1.8673059689198233,-0.01885515049404509,-0.16834262011709372,0.11997109689669642,0.7077550248994363,0.7379669573731346,0.4039852268171507,0.5310417315048795,0.5569779618625191,0.10859513185065307,0.5656790606974836,-0.7063920654453255,-0.4158167959350487,-0.3449280668994516,-0.7809114878692961,-0.1287012618243391,-0.3290354616295409,-0.7452367390567401,0.15927536731010095,0.6972862626682825,0.24245082381429509,-0.7470921628148167,-0.4650658676827429,-1.0119375466902514,1.3678387204424975,-0.47921824156784826,0.22236254366760458,0.15409032750055554,1.1257030939388406,1.2613469166756222,0.3278225231196941,0.30440942573844004,-1.614633597123213,-1.9538969110369286,-0.6293728571712027,0.5401969686583279,-0.6240833053185706,-1.5736091534172352,-0.06073730031126414,-0.6408621149285951,-0.5807481314128016,2.0012787739632043,1.146187735832527,0.09077780859069447
2025-07-17 13:18:04,-0.5481460826599996,-0.4530126685764252,-1.7471552009423734,-0.08952056473083825,-1.4439486313262215,-0.27440483925789566,-0.9879465755680488,-0.5808898828142812,0.1730076417350169,1.5979948489290048,0.18375909400911203,0.871141144759285,-0.07491407001423854,-0.7838493035984635,1.4663780012924237,-0.8454900125520354,0.7358454942543867,0.6455501038527531,1.8237978645892634,-0.01615838646883413,0.8727030287012074,1.2044433442747196,0.29473053146301087,-0.45670409734440026,-1.2294765712974907,1.1581365057400648,-1.6777082087649242,-0.5806352196702321,0.16793753771140393,-0.6271159794466447,1.061695961258618,0.3971873773820184,-1.6156396666049722,-1.0977378825356465,1.274175793354629,0.8964430029075057,-2.0752477803083855,-0.2836243589343217,0.9962537996787382,-0.2848221144763683,0.5608052706055936,-0.703905986982814,-1.7747674669526767,1.1706738344486987,0.3878332676643755,0.37597596101882746,0.7889941953810433
2025-07-17 14:18:04,1.6398403266788846,1.6158746868218523,1.6062090523585384,-0.20830413947448187,1.4654230594315485,-0.4759035486497275,0.601486155283215,1.176890730633941,-0.5516399463640389,-1.3388043236036253,-0.6856993639204886,0.2299813684899089,-2.233184124239589,0.09679951083656337,1.035068917785527,-1.5609291069053828,1.6484574411740067,0.01849133361345089,-0.1027554165564749,1.30005219781579,-1.00166155246546,-1.0525931284029786,1.8773793690562324,-0.5145771520440572,0.3052989064738917,-0.7317264537558907,0.45587241659634065,1.682459760661015,-0.5461956522010754,0.15569247105867678,0.15406177131989643,-2.2279856470437736,0.39146470901569164,0.8852913765375586,0.9782330845782506,1.1219415075491197,1.1949558337735564,0.9993993257142744,-0.2966098317625996,0.028572558770906736,0.4507134044832114,0.32891159252870505,1.62658518612297,-0.7702712419506694,0.5527590803021213,0.8821697958848616,2.842720963466326
2025-07-17 15:18:04,1.9561968813041055,-0.4465364618285544,-0.42733172492922766,-0.695938272845619,-0.07017636512823196,-0.03226331172238362,-0.35998006871700367,0.0031547652264567313,0.4633603066690822,0.7642784989885725,0.02927863722210838,-0.2771925521147218,1.8657341375130312,-0.010400506813268623,-1.962732903970439,0.5318580862752547,0.40374945013761726,-0.33696227639422544,-0.3716446045766678,0.33084353416972956,1.32581209464701,-1.5363685936742568,0.4842849035678068,0.30852027991238323,-0.7878693521999858,0.6663739180929316,0.8137268331820482,0.0012730662580168516,0.14993625643100772,-0.7121570927073255,-1.006283709247698,-0.5760774634944033,0.08876153966286397,0.04146530300270495,-0.6950698833931227,-0.23941474921208977,0.28448447203271854,-0.03724108652194239,1.8943591865862281,0.4056637036007619,1.3778588186198595,-1.7583753806603715,1.3546715068448683,-0.0515555230235785,-0.4097902321655734,-1.7564217062933758,-1.1830344209783916
2025-07-17 16:18:04,-0.9585581786041942,0.5273177869697326,-0.48017811385209846,1.1968715501376637,-0.3634674457827892,0.270283599934288,-0.23721319972367097,-2.7478068100665323,-0.17175702567490822,-1.073175795404391,-1.4047166808014968,1.084512850904741,-0.5400095240621224,0.7725577784577627,2.4246779772050187,-0.4678689814334742,0.8422121807025419,-1.0642198071518862,0.587094904625252,0.019083280949134147,-1.0068009229837254,0.42662735151877784,0.3610465038671629,-0.61959612192174,-0.3351829993335,0.7739882829905458,1.3944832587335967,0.5051797662149733,0.05772339612950905,1.2237892271475312,-0.057019220876818814,0.873605540580885,0.8901768548445018,0.7590001457026895,-1.6207606119006661,-0.08530390024223487,-0.24899732923869605,-0.8250334888381949,-0.027318029400911867,-2.4345614772826885,0.1850951245812882,-0.7591676480675712,-0.1470534818239611,-1.3623059436802405,-1.1052886613658406,-0.000923422814458277,0.8312635689112888
2025-07-17 17:18:04,-1.282507442751744,0.5204556034582548,1.605642562581942,-0.7352154271382237,-1.0043883598076746,0.21138047064435891,0.19644950869036065,0.7605113851889139,-0.02210309268164452,0.7699341690150286,0.6017658745165223,-0.3157020742171213,-2.015476596394401,-0.48464688315394755,1.193561902897035,0.42625634468836554,-1.9087042975752604,-0.4063166528773998,1.4340557201481372,-0.6910543845913862,-0.5080554102526836,-0.060579077714469985,-0.8330829700461406,-1.1635153080637446,-2.1499960311941626,-0.22533221659852945,-0.5506206004946372,-0.30345394247881025,-0.20022957477103828,1.3279155073044404,-2.5315150394416905,-0.5367765241454744,-0.4201198339820534,1.3195698892629066,1.0521974761948814,1.8706631172153623,0.427384996044498,0.9122354048151301,-1.189252037382075,-0.9340814306806193,2.205616187113504,0.820179016123855,0.3655779166129047,-0.9608371306526645,0.6241415794802132,0.7080790502515845,0.42238631283564176
2025-07-17 18:18:04,0.23742943663024899,0.0925329194379253,-0.9282362615958717,0.5016609103874495,-0.7582515335678017,-0.7523101813088501,-0.7531711194740041,0.7339010370740282,-1.2696100916338786,-0.5285209968928798,-0.6650251249683558,-0.15487630618777565,-0.4654210474288895,0.19773182854604476,0.19316979430046338,0.17865271007345968,0.7305935536869225,0.46323676007817444,-0.12142681175019632,-0.2512807784267825,0.4766977823851607,-0.7990962270742001,-0.1672592150686536,-1.5798578050936711,0.3821424339342156,-2.8949382340630097,-0.4535228109485807,-1.7263044329043624,0.20960492080006643,-1.1931789772818493,-0.8229268120092581,-0.07379228591956123,-0.8292944509045643,1.110270545068538,0.3524985674423054,1.7410228296986923,-0.21187082789605113,-0.6716174794131355,-0.5021729826454032,-0.4332062562408017,0.46948489461578247,-0.13832756885140474,-0.7800636044385982,-1.0691312518440113,-1.1594442115474808,-1.0731846093007362,1.1227782703366258
2025-07-17 19:18:04,0.5860947117992162,-0.06972878843010359,1.1692668597760498,0.688002737064607,0.6461341299343129,-1.3872238854956351,-0.04140237666572513,0.2451952095425396,-1.0787740080883756,-1.7069592101333046,0.10736098027392194,-1.5497744142382557,-1.2335555961544173,-1.2659441667202633,0.9108191347522172,-0.005417507799563396,2.616903195018521,-1.0596814130791168,-0.029376412308023462,0.49861744503859645,0.20961604727920463,-0.8759619755644726,-0.18678521293938477,-0.25838548070548695,-0.21613492017075123,0.3182796578444023,-0.0038518271686906287,-0.605011986903894,-0.9470120027392269,0.03549802454513789,0.9896525291676196,0.0896334112907212,0.5696779009545024,-1.6620841154563897,-1.2986623709691958,-0.27746544511693727,0.028934483542990802,-1.0697301131837498,1.3579277429036642,-0.7730823453426604,-0.48742304924649155,-1.8694136038657376,-0.32395075767947223,0.8326751420860888,0.6762261916354754,0.1738170297978445,0.21301100689406244
2025-07-17 20:18:04,0.6448218800403017,-0.8715186435720595,-3.314677663909157,-0.9102923610871171,0.5003819995080117,1.0643638929718984,0.6274616110537058,0.26954235577385904,-1.6530725712139094,0.15461775590139126,0.451531172525415,-0.2044547787193456,0.9774787187350431,0.31816522701777983,-0.3961269566580732,-0.7380120586922047,-0.8210216860269495,-0.7560147862410144,0.8082291014407285,0.033953205690422185,1.2736813808885898,-0.48413523373049694,0.9031782096222324,0.7372399166733848,-0.0465317799327784,0.5416298377252863,-0.2058061300355087,0.5490705250881506,-0.5952638911100259,1.1143933556255536,0.2331966823725371,-0.18343695648697772,-0.38037066129533686,-0.1042823029684676,0.5644560153572485,-0.9559097227152002,-0.4058136478748414,-0.17523304667132272,0.9662873230898541,-0.22567905623723652,0.4257813454132837,-0.6560121278189157,0.8106526368368279,0.39390275104160166,-0.5357448868693816,-1.497766460092176,0.06022647043374871
2025-07-17 21:18:04,-1.0585148569517238,-0.10202040835410187,0.5800733629870632,1.802928114105757,-0.30316153650109307,-0.5561501423982388,-0.8889627521225606,-0.16277491899786115,-0.7563016081920463,-0.9645471059145875,-0.35699668972069615,-0.9002083097157353,1.4236856626576468,1.3709207594291484,0.6985015962254024,-0.9928099377583534,-0.3644079556357909,-0.3791299733281207,-0.2174636558875166,0.9488618677300643,-0.3251402565772598,-0.4423212591244396,2.0966368238305,-1.3783154159416462,1.2196750868803714,-0.6362729596071515,-0.5441205935262616,-0.05026964223125214,0.335605445002318,-0.7280599693744374,0.8501800910122733,-0.09548525722509474,0.8780462406356372,-1.0115080149296187,-0.7892210969146699,-1.3959293380706692,-0.2012059023809334,1.7890671782117467,-0.29783268400857493,-0.456347398069013,-1.1105970701361825,0.0738698250527215,0.2751938911236274,1.1757816734072426,-0.9776170370863196,-0.9157614066807035,-1.6163838290341808
2025-07-17 22:18:04,0.5443963240557946,1.3635753674935025,0.20899403749582596,-0.044467992238060056,-0.3330123659748352,1.688170009741656,0.2525799578196899,-0.4835574960154063,-0.5697167034678788,1.2837695216269316,-0.25361485141772516,-0.8504638674987399,0.6454175803552569,-0.20203310555720805,-0.8064671991139816,0.6185373307095745,0.3786329604594823,0.2860772602467265,1.9571030753127037,-1.0221841734824997,1.4201123690847404,-2.6666133520377207,1.554027850172808,0.9695746332644423,0.18699753029495317,-0.1596499218937014,0.7594290036307013,0.4343814401581871,1.6391808721080978,0.694726637214227,-0.7507421170033107,0.1513769342320593,0.28512109620579396,0.6354601927260237,-0.9397720365883737,-0.5080441203345217,-0.7701471905538195,0.8784519190490874,-0.2593156741591543,-0.05071822493069268,-0.22935669585230212,0.12540020706575356,1.1589660217400246,0.831219019122728,-2.296320833650073,-0.5035279061478302,0.3985650892535525
2025-07-17 23:18:04,-0.027393599842646388,-0.7853037081566544,-0.7880299073658129,0.4685888679841407,-2.254810579854374,1.0785961253773737,-0.44768158111036344,-1.1610416548437936,-0.8930954144744314,1.9118964527487325,-0.20829114927318051,-0.5187061298985219,1.3861313022037196,0.2870490155180601,0.8752244012728371,2.584921224116118,1.273227672365653,0.5111043211047076,0.3912771784286893,-0.6079881183471112,0.09275656353170826,-0.08926185589333889,0.10964470311762567,-1.7345086751500807,0.1539671340758995,-2.486193847274628,-0.15711371031775823,0.7226737403255454,0.26456179895024184,-0.7648169201627768,1.2352978328815152,0.5819613701044534,0.102340775093446,-0.8759809544795993,1.419058529877703,0.22607999297105594,0.40635371850832475,-1.4902821258038785,-1.013817559571933,0.6433119894613302,0.6820307408725254,-0.5814980869800188,0.10391321632707927,0.26356853453950846,-0.5698630147488679,0.21192726810042734,0.7356365690258398
2025-07-18 00:18:04,0.4923401512418857,-0.052346938202722806,0.5637093410349585,0.007737517735438567,0.10782710257449818,0.25189197056796464,1.218671517564896,-1.1490777671344676,0.7405509327024193,0.40871366853267743,-3.2437029377137065,-1.725575803036816,0.12949758349635662,0.0364937566357683,0.5830736823410342,0.4105996950843279,0.31813910538620555,-2.3187917325810816,-0.7902202295184921,-0.32803364060107193,1.2337976597616833,0.37576581406664544,-0.9500092629287644,-0.2798258224988003,0.25237435892774546,-1.1706605673535033,-0.12249399683817894,1.4815663924275004,-0.8320086671402352,0.43251437609109517,-1.690816711258876,0.43869043811890873,1.7511821555659304,-0.32525369887193933,-0.05883204172467238,-2.4734774804619737,0.3564478307475549,-0.1912761656909643,0.5639256541122161,0.008212125484880766,0.5775960967297986,0.7266706538718474,-2.2675027532329843,0.02119239969803436,0.9936405145250792,0.29650047646949274,0.6602651813784345
2025-07-18 01:18:04,-1.5178747306122296,-0.7248939503647572,-0.43482869497195703,-0.05768329127469427,0.22548036556727316,-0.08615331551817462,-1.568714323820547,1.019082736564231,0.4826152570217579,-1.0338151951396237,-0.86994868424185,0.6328479960864146,0.896175357293939,-0.7216453507891823,1.7034692061732217,-2.353509658177923,0.5470398108686467,0.2907021054071486,1.3439208632919306,-0.03250525798509872,0.15475746637337998,-0.487846670143272,-0.7832382621078923,-0.10702644269606079,-0.4376630539211557,-0.20938162515825082,-0.17671367594881984,-1.3282372485725127,0.8032300272454078,-0.09972752142345503,0.9180764307975197,0.18123637860582925,1.0453898508040438,-0.9477804648231758,-0.8450042803620894,-1.4105936323724215,0.6392534244904241,-0.4307042135859881,-0.1499436126372296,-1.4620818046550283,1.3962520142911494,0.2395050490722554,-0.6195506532712316,-0.8975770267301485,0.4183029747769583,0.045811027590838264,0.6845915288575999
2025-07-18 02:18:04,-0.19804348661764082,2.164037194537665,-0.5518725587947749,-0.045006985191858535,1.063847961766198,0.25182255179446744,1.0590474515188848,-0.5272660389552825,-0.46787510556715345,-0.5557453379521075,-0.7429832047853369,-0.9248008332465371,0.9639198909507489,-0.6480163721139587,-1.1996922595444837,1.0653327477012724,0.43627200800749777,-0.8306172577854407,-0.8742053853318164,1.5729964942172796,-1.146253076521582,-1.064952437185564,-0.29043502691241685,0.02899178015886891,2.7383197622656756,0.013416402981687453,0.15221453224570528,1.482909705799125,-0.09899862777600901,-1.5290143015337159,0.5860997492885588,0.15083439404118765,-0.4598787820817186,0.042168369849254574,0.7519865193626487,-0.42331823419784,-0.10553304092130861,-0.7345732568324838,0.338641651265392,-1.227077994440079,0.23888168726684023,1.633736748237402,-0.1322007642196996,0.40699150184472077,0.41036666042475806,0.5647782429745325,0.34762077370482974
2025-07-18 03:18:04,-0.555562559481034,-0.4905843289586633,-1.6679857899036705,0.74897492741498,-1.8334116144475086,0.43779040242614903,1.7738596302157799,0.817700445946484,0.848749689441796,-0.6741044867968581,1.2140649264218797,-0.5496173670991643,0.16372656020809523,-2.083039464002873,-0.14675927035339087,0.8375518018511952,-0.5965942340776242,1.2165620059602955,0.03743235974744516,-0.3634398505805071,0.2588977754912647,1.3415214388102303,1.0623977520980588,-0.010181355535886687,0.7360412362979006,1.8613387395503678,1.5802044244338898,0.3923837490233952,0.17301657337382967,1.5574734211883923,-0.6475142291042282,0.33344670599589843,-0.16988618094254804,-0.04081393976774101,-0.5370671692565341,-0.5140438294838116,0.37581703358211127,0.044555813928329815,2.3055233716887202,-1.0612727261359047,0.7401803415030637,0.7130018771878653,0.314217168888489,1.0818388774331111,-1.0067685285410046,0.07573964871548254,-1.1719705518170018
2025-07-18 04:18:04,-0.7704652498559772,-1.3547488867368471,-0.6934714126220484,-1.0928168168052035,-0.14042047345383754,1.4539157506504892,0.45035538365730354,-0.7329727527804712,-1.3169665342333103,-0.12283020108252507,-0.12820592931559668,-0.7384219191447285,1.1084765085467567,-0.4048004055813872,0.7192937943153938,-1.086294301511847,-0.3151945855661774,0.09878429883757606,0.08890397612219071,1.4778141271662224,-0.21078302669758953,0.5204643484622384,0.05407069835881103,-0.6551140618659439,-0.2634281661876366,-0.267851814254031,-1.0740614699480107,1.247565488510687,0.7925684832217214,-0.07217831435515254,0.552473096534973,-2.5140947696445433,1.5728245149131708,0.12433427256175707,0.3020486933354957,0.641944372954663,0.8167831136395429,1.702297359786349,-0.13546602111605371,-1.0589634240216523,0.15278425551167885,-1.2382915396426961,1.519127407493139,1.183798902022803,0.8018965261636944,0.6217669702152494,-0.5467089239606275
2025-07-18 05:18:04,0.1419203426292892,0.4079125185727723,1.3390726728618376,0.7525773916443446,0.8610220229194891,-0.007878584056157241,0.8276856750069846,-0.010358497220610045,0.14548577837565443,-0.4868910559101593,-0.45945777930487885,0.5665790313186606,-0.10434120460488192,0.3986111125788214,0.17547054434542725,0.5246715196692989,-0.6317838127850895,0.6968412628113784,-0.8096995885539608,0.14119679429786466,-0.6224767855018761,0.6472129407371287,-1.1935115495460689,-0.21157965903256962,0.8827381133807483,0.8760550535169649,-0.6611770297297141,-2.2063495151782573,1.4404412339388917,-0.6359946778265675,0.5829780840734582,-1.0254925020907018,-0.09652972584711982,-1.0955861092780363,-1.2818367097394792,-0.7170474052364628,-1.994328085814271,-2.943765913731792,1.7583724565075156,1.0354553928783277,-0.991656449753891,0.30911521426014144,0.7804732274284025,0.3062293476136695,-0.6227100626540253,-1.444011853806645,-1.4275607645198318
2025-07-18 06:18:04,-0.3423144537660539,0.7427130896670411,1.0559139496032754,1.1517390435011268,-1.405242405035725,1.2195234857419532,1.0508160850273416,0.0027400050583288866,1.9488925582971783,-1.0476546645769413,-0.742448671747283,1.1447490249736703,1.2433970912163095,-1.4027926628542198,1.1973982108123082,-0.09194281052339555,-0.6269062486291479,0.8285007466694794,-1.0239794135147073,-0.5646692994583954,-0.5430853735319434,0.3180611488168728,2.125100972619479,0.15760607738103405,-0.6964697293160576,-1.822587019674585,0.9120623496749704,-1.3673060214781991,0.5115468412935604,-0.7808404246761694,-0.22416819558126982,-0.3031806073133657,0.21409401856730395,0.4426767949389841,-1.1438157497717318,-1.3746096596395154,1.2579012980441937,-0.197796993381554,-0.3979331748585775,-0.6153144507383309,-0.5988687204585352,-1.3262576960387458,-0.18472853608987896,-0.8599603911694262,-0.26749627251131247,0.8991270757897319,0.4926978586121821
2025-07-18 07:18:04,0.7564041771550563,-1.032001377023266,-0.3990147232348167,0.11402593667013382,0.7561332196540757,-0.14160993188649296,-0.6978685243241882,-0.28757133720549277,0.6153963177525826,-2.3976006038225006,-0.804691694390275,-0.25166382910330026,-0.3622978872856255,-0.7269691538334792,0.043621362641716795,-0.7369438173380489,-0.30562677664572907,-1.7774372116323136,0.7126350623598742,0.08053787086200732,0.42252772100573704,0.37275915032234774,-0.5987848284079424,0.6402040129596978,0.7089061254519218,0.5483807150634954,-0.15113524791602198,-0.31367496861097016,3.025868228147875,-1.2699164543354637,-0.3496644016831455,-0.9883594307120054,0.5704350454073497,1.3859898727582214,-0.7970937041358793,0.24607416326409376,0.6053505756447328,-0.26991811718195624,0.2360664820691918,0.172981903941629,-0.3438493968980859,0.9213946213307582,0.61615268706924,-0.26297269392392497,0.9164999324257127,0.979776555369,2.4261196763214734
2025-07-18 08:18:04,-0.21874674551334092,-3.4648291843162236,-0.5478288853912215,-0.05688416900192034,0.4477788089250055,-0.8509214113450929,1.5116190793210083,0.02753706291836197,0.2616647903463355,-1.464492711889338,-1.2899800942181208,-1.0928169471999254,0.7012998303352226,-0.8330813945784821,1.3171238516683306,-1.0646222855587655,0.49288965418847014,-0.03909507436063316,-0.4701157312757332,0.9924308446299296,1.0004358034635914,-0.6402937587100047,1.3402379854558613,0.7458524199533527,-0.5245134679556344,0.7914079979563172,0.01573526596284253,-0.5542178802501534,0.27765843015955516,-0.023688596066422162,-0.0020398375051467648,-2.684772517154631,-0.07654082189297146,-0.2870008785279292,-1.61663812020848,0.9697167312419507,-0.10023736443623243,-0.3412180663858844,1.3133737810253177,0.05461333625195163,-2.085395269493018,1.338905160908829,0.8831843826763653,1.0314624366807135,-0.6974116394815639,-0.5165280240391235,-1.3921084944187476
2025-07-18 09:18:04,0.9392556936869528,0.18331888284634354,0.9049446170752619,-0.2866468048367695,1.8393255770294092,-1.2552740319871187,-0.7853010405001529,0.5125957651675942,-1.2645444827879606,0.4935220980676232,-2.2236336903356486,0.03634232914897205,-0.5272613844901177,0.01703658261171978,-0.8691974926966928,0.4118036315012577,-0.21912125196336762,2.408195530392309,-0.6281778733150621,0.3561937888880846,-0.20789585357676835,-0.09126047153847874,-0.4064720642144346,-1.592643350430658,0.45827448432256923,-0.45209275107672886,-0.16165657063502675,1.7636107763721294,0.529774689090716,0.0745777368838699,-1.0411883505518902,-0.6956230045803289,-0.801562690651231,-0.8295872318561675,-0.03055062101012892,0.37574872029665624,0.10914906826518367,-1.0658246799067435,0.0427099985927932,1.4751089149708938,2.6454184095314104,-1.535183681582447,-0.06919394283907876,-2.5063107056922984,0.709360198860636,-1.0662938762999392,-1.0922481922395983
2025-07-18 10:18:04,0.7766656874751868,-0.16056045691195955,-0.7616586766528773,0.27298084911551923,-1.9775798160293334,-0.47033526093877004,0.2062011426075737,-1.3524943011342607,-0.044989862607449076,-2.3792635712526264,-0.36324027403828524,-0.06455285253830115,0.4318073121296376,-1.368023216268386,0.5766387014280501,-1.3938714012261064,1.0760986696751489,1.1511210099012221,0.9742863966750915,-0.7376634388242753,0.33590234521638984,-0.5299636898059961,1.433164733145897,-1.1286566231726711,0.2976046205970365,1.0333868921136269,0.7004769930958782,-1.7865888880953114,0.4862347398357098,0.666169384280233,0.6188282221247546,0.5818076632124364,0.15472965485507847,-1.7153469666513246,1.1829587094414624,0.6041116596222017,0.13096525572378756,-0.48445284108613423,0.32409079705399185,-0.5620298297667318,-0.3443274163488973,-0.6227768256061338,0.24130328693006137,0.0665149940863249,-1.9057433926734928,-1.0156440777198557,0.1997786878846248
2025-07-18 11:18:04,0.24460382998835417,0.1058717232718654,-0.4959634208557749,0.4042910259817337,1.2147000009451898,-1.412911344394993,1.4484778581221882,0.06487557085663892,-0.8021950629036714,-1.94708745893897,-0.49512047494916944,-0.821567658050469,-0.812964442786864,-0.762642111989591,0.10424571044850324,0.38002314237202467,-1.8578656819554633,0.8263537733731534,-2.2320455289772676,-0.01488896349289826,0.07971289131357916,-1.082807105927043,-0.5993296932441575,0.2450114949550324,-1.3481884548570433,0.2908471313530156,-1.3941658822509853,-0.12214722860235852,-0.2849491246522608,-0.16333559774331033,-0.47287604726604393,0.2687259577096779,-1.8513183083165823,-0.08980989281184933,-0.9274690152524088,-0.6881841672715449,2.1005766024184074,-0.8635962181203181,1.9007380982473268,1.5617399410787465,-2.0764450881912584,-0.6134506616242343,-1.21151437508717,1.5588060955034593,-0.43038882654923416,-0.818653323771414,-0.6302613171660049
2025-07-18 12:18:04,-0.04218216335824117,0.10778353272112773,1.0433197311469011,-2.4768855175672395,2.393264824245332,1.5942343214650843,-1.3822635799814236,-0.006175176819172759,-1.2841870437131648,-0.2946006482099544,0.00237238019287645,-1.4165841205530294,-0.9312723902206892,-1.3989336366311138,-0.9222396892374326,-1.5477996009195365,-0.14592776244725225,0.14639729693625902,-0.5600299551116673,1.0615043439375254,-1.1050833067683483,-0.2957870420139113,-0.036393373372771334,0.37486648320717053,0.6475843942193585,0.5447281640413815,-1.5304533165814913,-1.1542590439511538,0.8820444006832857,0.7974297697400395,-2.1314203785253185,-0.052951840454511685,-0.33318037841158443,-0.5440740481106531,0.5957894673132358,1.8335650648237682,0.49911109293912487,0.8037437952907281,-1.5500566523704455,1.6466487314200418,-0.24161334584849428,0.8022756243369803,-0.2460555132258387,0.04335561078112463,-1.010660712116321,0.5844118850879279,1.8275174795194857
2025-07-18 13:18:04,0.900900096506953,-0.7246323238170198,0.6035799848431289,0.01607390468606896,0.28261915799936976,0.6240202278664346,0.4983741449361388,0.9049027786272065,0.17219454477748294,1.464915571701919,3.000570179646872,0.7927998736916096,0.8149669088428573,0.2638557212672792,-2.0996390980049218,0.655098330367592,-1.0383450439598148,0.7634918037485536,0.27773738376450685,0.3121128250477421,-0.4326400727513661,0.07523865150397266,-0.8411480032651326,-0.2816366126866318,-0.22261506483850707,-1.0197531189338347,0.6883203687127937,1.5892793870039816,0.07179671160112225,0.5085819905947717,-1.099054153360757,-0.24373060949168532,0.4680297835407705,-0.427716871676123,-0.20620793028245,0.5130940951291064,-1.0669775926680585,1.2611080642108552,1.0473919586112088,0.6641185734193761,1.761868864429268,-1.203271687561262,0.2849458863813929,-0.6801897415939953,1.0811399750464041,1.1039905912939076,-1.6518606026010854
2025-07-18 14:18:04,-0.06296999170334124,-0.9856775573646792,1.9249887683104032,0.3301847673431048,-1.5802258597893892,-0.6030406014693479,-0.6261841226056707,-0.2071292251265075,-0.43748246047736983,0.10334799119270564,-0.5445853736199135,-0.2982150522424443,-1.2014086551773115,-1.4757599915442032,0.8288678839577804,0.6981843312479048,-1.7369106988810248,-0.4304361860722923,0.4651143415527197,-2.161015929001237,0.13060132330058416,-0.5292623149751872,-0.6781500744411311,-0.3040162837099667,0.25675372099692567,0.1866685652339719,-0.15499084220217468,0.9108901602716307,-0.8419879108917548,-0.9042250807032708,-1.3121053245460927,-1.356566521874427,1.3068477843472417,-0.44095880409353727,-1.1844277751650343,0.517178525137982,-0.23896623591294913,-0.3404725719619835,0.37293308607842746,0.6479505553342944,1.0245459517585185,-0.5683430727496238,-0.9251434371917284,-0.6294803098710584,2.490926031621458,-0.8403045546675388,-0.0318386975048889
2025-07-18 15:18:04,0.018693390977868724,0.24443121656849925,1.5669539471948681,-0.45841204968942745,1.8588153547485473,-0.5493523422371912,1.3023287913721195,0.20965547847853194,-0.8143113991557049,0.18705205569149763,-0.7158344255663379,-1.3138372484940812,-1.8824367414465164,-0.6649839744370865,1.2312573291797242,1.1079686447056458,0.563654472824893,-0.11488535926925605,-1.290043587676367,0.15897681025331814,-0.8396965898405543,-0.7737093584804914,0.9684089424499501,-0.4588556188108503,0.009580390739451586,0.9942333422221462,-0.9808538900147006,-0.5386295310874016,-1.6293926906974245,1.425016484392527,-1.0323454116452275,-3.5491714181830623,-0.39642655973163066,1.932288746959045,0.08154531312394293,1.162608352594973,-0.3980482794220613,0.21603189661144004,0.909299742896884,-0.2549143090119043,-0.12716998332486068,-2.324787411455567,-0.3974164155412786,-0.6194325725617909,1.1189964108606494,-0.3445266118486986,0.10079757821101522
2025-07-18 16:18:04,0.48747798058055597,-1.076834378610255,0.009485005416063116,-0.5023644044399087,0.5630216766964561,-2.0919096108913506,0.7020507354852763,-0.006906731752825979,0.3341147245140314,1.5461522810224928,0.7104002819251578,0.3393185131837299,-1.7113998054381596,2.70755748319715,-0.19802407026568605,-1.4298626713956728,0.03244767524325443,2.0110213105246437,-0.917443002925033,0.49070393918951744,0.7167813377616078,0.4314631705319714,0.33654429319239715,1.052569801468902,1.2534202653199147,-0.2719680176039245,-0.5954557230046499,0.8361420151454882,1.2999726770622397,1.889023972960853,-0.5132077529979664,0.13102841756983372,-0.7223028671307591,1.171210846672328,-1.4142509767972045,-0.800460539756917,0.5989091265759644,1.7312023773044132,-0.7428881447736436,-0.5273823173976703,2.200389229586086,-0.8037922141032919,0.2967169547601673,-1.3568059587313448,0.4876324245865599,1.991229988260897,1.1860216216402657
2025-07-18 17:18:04,-1.5137879638210374,-0.8007210712726253,1.023005139208864,-0.504189284969715,-0.7001774874150462,0.7695480033503188,-0.0204536393999795,-0.5835637709525564,-1.7605259261771176,-1.621918213766528,-0.27563769070899535,-1.5095814845460778,0.13064955223674843,-0.2750684211936032,1.4942613782376657,-0.46569009698408736,-0.5932568708341575,-3.0517391210961566,0.03888453049478349,0.33932720762105867,-1.1432891007661274,0.9276014275003968,-1.340637280710097,0.8693392580436546,1.4368812227065648,-0.31413748257215446,1.081540081230193,-0.7980871681395423,-0.8047532289128171,-0.3617162567905015,-0.623689975260818,-0.3802169909830812,-1.43757373755445,-0.9815413445644584,-1.0561392221586798,0.8286476987548352,0.6265929804733703,0.6073426383754857,-0.5116714479290484,1.2325659881420328,-0.2957012549991545,-0.08342452898342101,0.5412814395684069,0.14192276539437473,2.085175760006667,0.2549626183231461,-0.5725626996282949
2025-07-18 18:18:04,1.103382229733173,1.4048783100714142,-0.09925647975837396,-0.9538559340569402,-1.4256367991267207,0.8029341761257727,-0.1107747397400929,-1.5394901585579484,-0.25046501882840494,1.7709317929581538,1.04357358655855,0.33452663666104954,1.864053586104907,-0.9763782215644715,-0.20714613382121835,-0.10891209374646979,-0.21452266386741306,-0.21705734146093633,2.215368764645287,2.406147987848374,1.4661174184330081,0.4133047956664379,1.5198692778837348,0.43797288672512036,1.0855410730753907,-0.9971709038976116,1.6752131922716735,0.6251109947304966,-0.8479376599827715,-0.9616146347415295,3.547790312666407,0.32081720205800945,-0.4198954151604833,-0.7172224015891875,-1.9981902020133278,-0.6167212627515826,0.5162248910140128,-0.6566805224029474,0.20135861242265593,0.9008275573614745,-0.6387105794300328,0.6262897639735767,1.6038576722871853,1.5626898473915356,0.6698636263887661,-0.2529533984831368,0.22210793024305958
2025-07-18 19:18:04,-2.221163548484137,0.7843942033361443,0.05331138455986869,0.6823928902666369,-0.22818737673876036,1.3539507004703648,-0.02361947147636134,-1.9509911380722165,-1.2759749176700654,-0.13935225365873594,-0.22465119816115012,2.6013601440171166,-1.1730544030327836,0.6457317411203106,0.4061918145282884,0.7028215882500318,-0.4498920341081438,-0.6931978363853541,0.6336290544063519,-0.24297971490935416,-1.3605234182676114,0.03612988128264511,-0.09707258049979924,-2.6234235054687707,-2.4537790111275704,1.4140587787035872,-0.10959947795054241,-1.2365453527401296,0.5312275209548714,-0.14140423809425504,-0.17185956619181744,-0.9786187210689251,-0.2899506007265211,-0.24660236484273076,1.6100670988656163,1.6039297974972762,-2.3452716837122503,0.5648561080591752,0.9120959572124034,-0.3145343248248263,-0.33285542759084213,0.6904771512283947,-0.2569588429035724,-1.2712095527501388,-1.2710099018774386,0.32183238900734024,0.34838497417600167
2025-07-18 20:18:04,0.2537770482416397,0.34422313475135324,-0.546688517018828,0.9209431220025118,-0.9301847727350743,0.028593628370528916,0.6232482535963957,1.1422760761284125,0.4317948456147123,-0.34100714341809196,0.598383765487266,-1.247706995894324,0.5598843894019118,0.4354203838279425,1.145426258586077,-0.12235823883531084,-1.930324012197132,-0.9934176346232162,0.7802324932239038,-0.45175678388831725,0.2721596744616822,-1.9638855744251305,0.9187576232694474,-1.4262515087964582,-0.27989699760820724,0.21319231701001445,0.6017132008979884,1.1097410211027658,-0.8797202510894698,0.14312715527346165,-0.15792933379139437,-1.3986486597383885,-1.385386027603305,-1.3245527470651577,0.23823553285906776,0.8363931236914595,0.9601621398605168,-0.20518366635048776,-0.35159246603196814,-2.051249945547762,1.8440151387996957,0.185192566626986,0.4447919690020188,-0.010525338197232075,-0.6169992990251153,-0.64538962521358,0.024131860189571478
2025-07-18 21:18:04,-0.4646930974498962,-1.0495043286031682,0.6734342325954539,0.23661733024073558,1.3615506498505217,-0.5742522131410104,0.99938860084579,-0.005905057748822697,-0.4693702590060232,-0.27164961860465114,0.907148098372911,-0.3582836433209736,0.37035569882627906,0.9239050579953302,0.25494618261630997,0.7394374870776886,2.2568545060960625,1.4301785327101062,0.6899635306502622,-1.789070405170563,-0.7925246011679935,-1.7791243523853542,0.17266932355358466,-0.6464404849868974,1.1112612499278227,0.7403407193568342,1.7911736072206799,1.639459639743951,0.5816941426455107,-0.4080476274669751,1.2298238524246445,1.3029437373594077,0.3244172115893541,-0.7605664171195671,-0.5136085026019654,-0.7803309260231756,-0.438597062975796,1.3902059931479038,1.1593124354337423,-2.0185830764844512,1.710931174269379,-0.1719811635082561,1.5101789525707494,1.008023199179585,-1.8210433780272128,0.2409473392786526,1.2543379533467962
2025-07-18 22:18:04,-1.3732792376982952,0.4264505586812244,0.18469754062728894,0.36201822072684264,0.24679150887556286,-0.2136831901950261,1.751308151464406,-0.26949323654521323,1.2176676032706397,-1.1020005254720844,-1.218753168002888,0.4117953046087069,-0.41836283277502534,0.7304506071882644,0.2950491171779112,2.9026778921880605,-0.8041263040380842,0.4419503419069492,-0.953247365658435,0.13401917373024008,-0.5085317830585488,0.22261672401557467,-0.4157222581664815,0.5874368360718772,-2.174011406703004,0.00741513536643113,1.2758824882496462,-0.4858097972325714,-1.0229903116830061,0.5938698676522284,-0.00445518186007335,0.08575041936124435,-0.31486314230764934,-1.5675386559764741,-0.489925471576383,0.10735076569648332,0.41263915521090017,-0.6055528513446591,-1.6232382067181115,-0.8509363445540213,-0.22317206680177304,-1.2046943911228596,1.327515449596448,0.05757911511620901,0.0965668456746039,0.45976547699407155,-0.10481058237189914
2025-07-18 23:18:04,-1.7548488663085635,0.47538612522007107,-1.936684159899465,0.8331972094122504,1.3667430605044135,-1.1790652959109753,-0.8084330810007571,-0.1589587171301779,-1.3033167679584936,-0.6607641857449608,1.1194042003093467,0.20561944572432153,-1.1634064413029677,1.2165351528209059,1.286311825714069,-1.3237714369497948,0.9477242876284477,-0.39741067179595535,-0.11978720571417399,-0.3561065014085052,0.37263623513043953,0.9453482506601675,-0.050876026650680174,0.5065196562363984,0.276669282948445,-1.049334418796341,0.8102220134893715,0.3700303760470217,-1.5210991493276376,0.9247939164347065,0.8114850204925149,0.5149496819291682,-0.6084818282677066,0.9171971916074094,0.4643355486544672,-0.20962389944691714,0.36587044906283095,2.5560459757647607,-1.1271915136208355,-0.7291415101827854,0.24529547319887973,1.0073368595776055,0.5459302458362715,0.12391782019649293,0.23919842722963874,0.3947304543589888,-1.2981672616306037
2025-07-21 00:18:04,-0.6943526350841651,1.181420812378595,0.5907762469532776,2.2706720434601046,0.2590927193590488,1.3575278268242104,-0.009097556143416908,-1.8587716993335184,0.9952077891453811,-0.48340737856150795,1.7790281441319327,0.4853966324772986,-1.721018627474511,-0.46640642597320703,0.6703813239071016,-0.5384258229771439,0.8499953417280232,0.9514272749910753,-0.7639116810267698,1.0414979535140851,0.8290146803759181,-0.06136123584006932,0.18514581292092508,-0.692437989306186,-0.7020926943228032,-1.795929087888769,0.9989968264688472,0.0774805659782938,-0.8800153681661464,-2.4459917143314,-0.8927996530464661,-0.25572692912045447,0.6699757713203929,1.1915688977907077,-0.1600763408856795,-0.3116798527221764,-1.4287764992197907,0.3168428562845753,-0.6948595580283972,-1.5325669602889669,-2.0147030246169666,1.005726698428899,-0.8622816991749638,0.6788669906913428,0.06833758096396399,-0.5221728118423603,-0.21716890484027118
2025-07-21 01:18:04,1.3600570241484506,-0.8544677860705884,0.24703132333355352,-0.1345060391250146,0.8295258014073928,1.129281320232036,1.641441406922384,0.25445507091979985,-1.3594664074389555,0.3895812479433589,0.144867433628627,0.4306141655575563,0.09853030779380992,0.4422024834082908,1.1473000950411099,-0.0926859132604843,-0.31146247811412503,-1.333688644570386,0.9905256841509619,0.21867436321444558,-2.1636561716314695,-0.7086974546024298,-1.7932401761908119,0.09207464208403447,0.1121978768624397,0.5471436110307475,-0.21994226962417296,-0.9900899973574566,-0.03439575914221695,0.12956957989334567,0.887061416272218,0.49173084585179855,0.4596471400828084,-0.8619067905645921,0.7555394339036903,-0.8933446221098719,1.3762783247529984,1.8298417995250364,-0.04469556240500359,-0.23537784677069018,-1.4466545441587748,-0.45759405993796815,-0.8318178369854643,0.07892677330939935,1.2420021693484091,-1.255304743008395,0.10567838686044462
2025-07-21 02:18:04,0.1431460512059044,-1.22985593499051,1.1344264704874776,-1.071087986560401,1.8488479066681558,-0.3256250739625009,-0.6094689736997453,0.13470038392307518,-0.48046201356482654,1.011960633693987,1.3575832039442242,-1.6290506565927527,1.6909549203322214,-0.5587910002267658,0.5333407298412244,1.2750316742642065,0.8807847947066264,1.591220817877304,0.5839824118776529,-0.3201748041074327,-0.750641414030778,0.5163934315486327,-0.607328831896544,-1.332652854017642,-0.3863240089805377,-0.44380084176001333,1.0966953639582289,-1.1355474870826059,0.8770958486042859,0.61433989252282,0.7030370775101252,-0.6607117775764209,0.36296504917844963,0.24755748172716038,-0.25649428039383654,-1.1500215185275278,1.1022424301815756,-0.0950096869727241,0.2585135952548355,-1.1338335584653325,-0.14559291169598232,-0.4883943028633303,-0.9110420920950489,-0.7861351633798942,0.4272065447332846,1.1026976649234435,-0.18863650385903274
2025-07-21 03:18:04,1.2241439212421135,-0.8766405993260411,0.5205931089490918,-0.8378746742792934,0.4404770837962578,0.4803671565490041,-0.7990863950651188,-0.3602309153501441,-0.2956569373860099,0.08085307026473837,-1.205256482098435,0.3920953217519013,-0.044306985591086145,-0.1465466251890602,-0.8337724812990803,0.44317273412459685,0.6487045753663526,0.18542263141872242,-0.7609926874602628,0.8820643705644241,0.5749635660823098,-0.1451976704230364,0.5934023444960531,0.7071731785541836,0.6993956928968736,0.1011864791222711,0.18757919926967295,-0.003937440934740816,-0.9407469066905655,-0.9542775572053515,0.27751727409147847,-0.8695789266750655,0.5756487846054111,0.10181895096718845,0.12888076285367495,1.0787258595895217,-1.3838674473156793,-0.7684801311245755,2.6436194114108162,1.2634654869335455,0.30208212151314223,0.35775074662108136,0.3075617868866546,0.2385139374617415,0.003920009530482408,0.3910503350816498,0.01678413375346108
2025-07-21 04:18:04,-0.26236619475062,-0.8141506732131539,1.4433963916677253,0.5996220614545249,0.21710433901826215,-1.7032880959572707,-1.107152745407083,-0.7101958350428187,-0.14143757751536656,0.9116372898991817,-1.1315203096457502,0.4693779020121642,-0.01074605379101833,-0.12749980634880162,0.658658356747186,-0.4086608428838688,0.4359025937237051,-0.5702415997789028,-1.4819548763288655,1.59519309497273,-0.02067889664102119,-0.6196512848571956,1.0544265256642789,0.742583354004479,-1.2249835122308068,-1.0918679650310803,-4.108512266482234,0.8075313934141338,0.7020012599875967,0.49888587518094946,-1.5887811779836685,-0.9280571570102858,0.219504498858886,-0.9412417841505432,0.33722889461373357,0.6041442916235805,1.1771515825765564,1.4903915502710712,1.0074648962999293,-1.7117088600533457,-0.6236895027259043,-0.34917921570763244,1.5448404868559706,0.9175170554879769,0.7886128629568266,-0.351010441425317,-0.26268747276577836
2025-07-21 05:18:04,0.5075932160460426,-0.471704971154003,2.380196479802336,1.6115135723894725,-1.2136285636908148,0.6206440889172234,-0.29337954343585726,0.3501507912405368,-0.34515613847728066,-0.31738519759594674,-0.936817286869221,0.165311918923724,0.3171719254292909,-1.052642757359762,0.00903047477740959,0.9080168388342585,-0.6314580949678988,-0.11827459004336179,0.278947991952592,-1.5542235423954218,0.8343937474180251,2.116389712663781,-1.639948386179629,-0.5114844898294063,0.8036749069559029,-0.23987041129071074,0.6822499267724418,-0.6667155333941394,1.940645359769241,1.5814545406149272,-0.8660952054333146,1.3882416674012361,-0.9601606417645835,-1.414298008971695,1.2186438518141625,-0.7006996839750108,2.1224818445269595,0.8813775042453146,0.7425087346575631,-0.7031155395756347,0.1275322997266247,1.4768296874679696,0.9576499301725199,1.192040495763209,0.968382006920551,0.7271990278956906,-0.16572989916319875
2025-07-21 06:18:04,-0.9916892775736112,0.7913974013445321,0.390527243975379,0.46002733403880625,-0.8022840512968045,1.4523182132948174,2.4239004478834008,1.0962523373208468,0.7531372269778063,0.2445777596639264,0.9018147180114281,-0.6265693754051793,-0.1622926244726209,0.11167866587053364,-0.645728994215145,-0.29397687518736837,-0.38947838893867304,0.8334593229046706,-0.8652301220780902,-1.4944107323454965,0.1191180723906098,0.8017915317988752,0.010349650511375492,-0.023576267608562917,-0.49870368401640564,-0.21976445911544007,0.7011035818802662,0.8467867939956861,1.3091650295942099,0.8677378668416433,0.16249475227066487,-0.5003532344753234,-1.3331229011852046,-0.4983905849347131,-0.4497541673166005,0.5148706363638837,-0.08959968085113727,0.9279882560063091,0.30245368024915303,0.11518526329520076,1.115514263577761,-2.1194178634809453,0.21446539072564158,0.9318454250865977,0.21401168055560704,-0.892951573447337,0.04798498527592804
2025-07-21 07:18:04,-0.46430680633491106,-0.2070755419471282,-0.4891309161995388,-0.5603575543657717,0.43305619696148684,-1.5882778214312683,1.0683974509788492,-1.2672717936825206,0.29210798290007833,-1.0562224771869342,0.8715106576763854,-0.2203487416584921,0.09867806387357768,-1.0399295922974952,-1.342170597344671,-0.5754385772142143,-1.1269153835254688,0.7298475728719312,0.23491826130246524,0.723916063740694,0.9136383212825229,1.0711014944894375,-1.2195709751827721,-0.46106981146492393,-1.007311454985252,1.278871670381486,0.4064677672852006,-0.3013506934416295,-0.8550096023517565,-0.14432999880549954,0.7486320981913488,-0.3892772166588479,0.4607534637881233,0.3004763326745329,0.7917857994012182,-1.730975440720098,0.7207924333991607,-0.38344689627049805,0.14578138721846795,0.5739181967586109,-1.7575926136810955,1.6051167344629684,0.35283737725849806,-1.5096009447247092,1.8247290829234957,0.8781218762691053,0.7730216674786852
2025-07-21 08:18:04,-0.4371033647537874,-1.3367109310292333,-1.2089872341085834,1.240772005667033,-0.29508835721030563,1.9239501911023718,2.2251601725720214,0.35780616932248654,0.8860389902891361,1.3965550496972954,0.14560761595151725,-1.797620918114641,1.1260118206352796,-0.587647070104546,-0.5680737712040195,0.6598983645445992,0.16871215374167034,-0.2060422521755375,0.48459941757208624,-0.11487518385687301,-0.49913344976361845,-0.3611395246940167,0.12624516817113185,1.1928879721740886,0.3614661674553995,-0.3417919396901694,1.298075442667703,0.9129330296401417,-0.4563121081240141,0.962689203461817,0.9042785119052924,0.26252040039146823,-0.5443906523994162,-1.0996984903720723,-0.5211646788215637,0.9180850027760398,1.0695794315189822,1.2331956460307674,1.42986226287027,-0.7740104319547666,0.6871292482516121,-2.0646320045471658,-0.14544116751131603,0.35117349762150657,0.5456692496931907,0.6525425676614937,0.4190769120336609
2025-07-21 09:18:04,1.1644483829173549,0.5131280208741794,-0.5903808426189072,-0.07503502753384175,-0.6673242543603534,1.0689206737339905,0.04660190922195774,0.6671566429310477,1.6659916502061791,-1.4806320349913578,0.8742127536166976,1.3859042557918737,0.6002343962459129,0.10860046927657899,-1.6958050115263175,-0.5411379677532188,1.258368405172856,0.5605535992610869,1.4572995482887867,0.19134473055027976,0.3702227799928007,-0.6948416624820901,-0.9917519869786584,-0.7647572203439194,0.6926538785229346,-1.7567441672613944,2.0957986743027246,-0.13103654209726912,-0.3525011013856342,-0.7810545748204981,-1.19858241687762,0.657635334871071,-1.4187015526321705,0.6741699154563652,0.6883392268894204,-1.6132112558798086,-1.004026546940961,2.041536645751939,1.6969391276721835,-0.813609252319879,0.8331520844340722,0.9064228341791424,1.4652482939561906,-0.6663991540573206,1.435065514864482,-0.9522614096045323,0.880159191859386
2025-07-21 10:18:04,-0.37272818839072264,1.5510537788582017,0.8834018882532089,0.1419187314037415,0.33864503559286696,0.8671175267277931,-2.592462930781824,1.1432234668728436,1.014286019616039,-0.5153977087199919,0.31461872915839134,0.7179324623463521,-0.8739623855316747,-1.7337859080182965,0.544103703928941,0.3728815991960799,0.3232508680858473,1.3351683771744467,-0.09969192489578348,1.0339898508705476,-0.6033528144606596,-0.2994078586774007,-1.771771081742675,0.6521692148757968,1.2815763672623062,1.218472631198565,-2.489606703390229,-0.10735258712651097,-0.4667879658876472,-1.2184370834739184,-0.18101099378837593,1.2242490189548263,0.7799534125897465,0.2883959996006004,-1.2659983140640803,-0.5757520540772553,0.4668683864751667,0.6327936969250655,0.5876157947157559,1.1061582409389512,-1.1057888582187092,-0.8868006898278158,0.16927420299556628,1.9085409693825084,0.4098670610586482,0.5121373648034793,-0.36746398178050704
2025-07-21 11:18:04,0.2615100351909522,-2.103449930745015,-0.35634738656676807,-0.23664139672082757,0.7267028274118063,-2.2859986809745148,1.532056888463983,1.1586406975591539,-0.10218908178141178,-0.49801419789636064,-1.1279077748361297,-0.25419234733579893,-0.23814697906097168,-1.3486509881643065,-1.7248238309131851,0.4123835512461887,-0.82571013625309,0.8106247879172938,-1.2323647421483246,-0.801513687483612,-0.5460807853532468,-0.1640499506154247,0.7647244929594506,-1.6083111220040605,-0.9883315160094509,0.24416372372544345,1.6694281139210678,-0.8495049645458466,0.529250232678821,0.5686969366474516,0.3516594405396259,-0.8559155064608629,-0.4822069572091228,1.4231683412752212,-2.311657533637665,1.1543417008625243,-0.1300606498178997,1.2211273961049505,0.09912316331455986,1.7276834549158582,0.16470528965606035,0.08636554879928703,0.6048149470984598,1.1778979692950828,-0.8826418446001232,-1.4046262301947297,0.5923867372276119
2025-07-21 12:18:04,0.07233088050955647,0.2026589102015096,0.43084041980869525,1.2105193938535317,-1.3699532165572124,-0.4010394495446351,-0.5875486089374504,-0.9426666125606176,0.4536728084441791,-0.3018721194076369,-1.4652021333410215,-0.8927925222407166,-0.5055876231030555,-0.39935286912822004,0.712651156304114,-0.326360109416974,0.09190900705352319,-0.2450075484452764,1.2019398950900406,-0.7511477167219407,1.464242083203857,-0.43404232000679976,0.3079063336535394,-1.0491537767010757,1.2739594907238587,-0.5632817758255707,2.144429876403182,0.5235359422995757,0.46447066927097114,0.26439543513362607,-2.034187998754928,0.9310670932715239,0.08016370779312729,-0.3975734215860538,-0.36681427425511903,0.7715746153586461,-0.7021708837265664,1.2539900914057163,-0.7349711409833605,0.0930716232147624,1.2138376918910176,2.5750140190998483,1.2393860053717778,-0.8928381894850657,-1.3763427604774225,1.9519625043209008,0.5293632974740834
2025-07-21 13:18:04,1.0955041660961884,0.49481485153598115,0.9459952022093142,-0.0037278791019750316,0.6342122727784467,-0.8227927213596502,0.6099580608587263,-0.5828674805546259,0.5275968087040469,0.033486619417689344,0.6468975131591188,0.082005404775348,-0.25564785433131976,-0.34604085264129697,-0.3819849494269397,-0.7180825859220553,0.07927262064956585,-0.48220540315446886,0.48744561551047155,0.17720770037645514,-1.1478421706157949,-0.4146072036432979,1.270794222629991,-1.1350342756186838,-0.09924242421976961,0.2690751847672724,2.6637714767663705,-1.6971574186963407,1.4597184266627126,1.2560934063167066,1.2055260934382082,-0.9359912157530053,1.556590853873285,0.030820724302709025,-1.0025185586838765,-0.3222711211705942,0.3113437758690453,-0.5296592733600263,-1.416152484136638,-0.9174928601704024,-0.4263122062513675,-1.7943526306424382,0.5688254138957036,-1.1026281531020794,-0.7491792756105795,-2.3779829797418883,1.8779899448496382
2025-07-21 14:18:04,0.3207536753581479,-0.6996813660856946,1.5379955065138353,0.8327497952755535,-0.5829278515103719,0.8413059801714674,0.624988628829605,0.2401346115675199,2.119550804020039,0.0506487243225876,0.8034633051828997,-1.5519022452859035,0.7972927815806915,-0.007534601537973471,1.0415925264840238,-0.24854754072081187,-0.41456236510250916,1.0191149644531539,-2.145944139611835,0.016667766479583332,0.43445742487846634,0.6242972023070592,-0.2729750106564084,-0.4899565465884033,1.2037779154634363,-0.2672802220154973,-0.8986531460038109,0.3302415558566405,-0.5011834612972642,-0.5198071794828267,0.46075551752954,-0.6201290196157286,0.47321508836258763,-0.7762366385753888,-1.6842955223396743,-0.05600257758586496,0.3092327284378086,-0.17175005900896348,0.18813455791487496,-1.0368992780517423,-0.5790912361105863,-0.9915073107426725,-0.2870524750328156,-1.2541415219808572,0.23683721255206094,1.7307367488988799,-0.5834398371080227
2025-07-21 15:18:04,-0.7253922086418929,0.5028161509884536,-1.3854613228810593,-1.2468322121807613,-0.8868122711251125,1.4344849113493954,-1.4857483364520845,1.8304266828056217,-0.5027498339805699,-0.4482529632238761,0.7750861259976807,0.26520636753472177,0.6812317304124672,0.5039227894780018,1.1211047837919916,-1.946001491779471,-0.786294382769389,-0.880650008695721,-0.0633377905221662,1.0391234540121954,1.0774204808565968,0.023763506284108206,-0.8939627318353547,0.06700142020413598,-1.6391213587162654,1.264443525964993,-2.174711703878519,-0.40659201075455764,1.246105735776987,-0.1303310294456005,-0.6942416009706974,-1.911325589330288,0.04256632468930857,0.12772480889180596,0.36219160831882324,0.29896432757871005,1.2117663095981945,0.3481658193622834,-0.790104041473225,-0.17533907389694556,-1.6800770154751525,-0.17910453916885044,0.529341446564028,-0.6473087913119524,-1.407236496202696,-1.382672368627729,-1.1003817011245025
2025-07-21 16:18:04,0.07999924756394056,0.32180155889909007,0.5605052194827665,1.44801559347193,-0.2318065959119314,0.2697056726333442,-0.554855590443835,1.4118267779258624,-0.12242920093028889,-0.1318698724307771,0.6297702267685166,0.4862138946026367,0.4294113855901028,0.24659630220233225,2.724724839262139,0.06624852164649105,0.10526979649340824,-1.1428398733843628,-2.2386389731821232,-0.06805998418370489,-1.0331273640803857,0.1956621444768816,-0.6137882853919159,1.2083663999904843,0.7157487365162298,-0.12348279960645485,-0.8441206102285359,-1.7962414916125902,1.6826654561012089,-0.503093018242209,-0.27231369727693777,-0.44111203078742844,0.48220698863978295,1.1239979894656822,0.5899377985569294,0.30898013155834986,0.7517452067726288,-0.46406569295375333,0.23840095825932378,1.3387753615473317,0.0361795694131449,0.026697886402401862,1.407586104719688,0.030000379527479148,-0.20579978884488004,1.3107355266424745,-1.7363000585883208
2025-07-21 17:18:04,-0.6792041365159925,-0.014420986035002742,0.5622935651183276,0.810997000093446,0.5034587470644479,0.4080631697305698,0.6598556824178059,-0.25665904912127324,-0.2829132244777742,-1.4096817961077022,0.6661448523264631,1.351669923348145,-3.3073154560074807,-0.2034037659116572,-0.2887587810501434,0.3598478758531243,-0.9922584325269104,-1.3241060281593353,0.40495496415239784,1.9561540616549846,2.375692432486782,-0.20177660382833504,0.20282976651970192,-0.9023099813524367,-0.4761649972707762,1.8847486037052652,-0.6547278052724349,-0.30830981850729006,1.5916636931040022,-0.625984866603362,-0.17327915093698232,1.292139337414408,1.160337752506133,-1.152755366131729,0.9863267713385732,0.25212342390845466,-0.6841969344102455,1.2829284977920026,-1.4544455984392999,0.11295219971268394,-0.9916865924967473,0.18123504736390056,-0.39665743048128593,1.6386710939233402,0.3131673886849722,0.014592944953574114,0.8306478371838191
2025-07-21 18:18:04,-0.3080545027140333,1.4853974646663706,0.8073890710526016,-0.45179588497777373,-0.14346361941050365,0.33664515907298365,1.864823375835661,1.537041109078426,-1.3988807209119896,0.5539468273373681,0.13572925179587111,-0.21826187261446242,-0.07747187754426864,0.12032535895613303,-1.440156664448456,1.134114030224266,0.35649577684992817,1.6810064656486408,-0.6990504193707332,-0.4055920188083588,0.3205348977135732,0.4487330180594339,1.3669438720468572,-1.7711143757508248,-0.35401674582941656,-0.22215265722214697,0.24046023820310314,-0.012973028994716291,-1.374841446374053,-1.1034552697912872,0.449316884189882,1.2734930403681701,0.26390298362004355,-0.6270268859243103,-0.7215455672357696,0.9197354235324553,0.5935181981111377,-0.97303675695169,0.6052689745396689,0.32713769620315797,0.07618475628613805,-0.5071750023580498,0.6216796320882151,2.5234874479103384,-0.515882509370538,-0.7128612559346329,-1.124434356028043
2025-07-21 19:18:04,0.07871640295456614,-0.05006510829324835,-0.6511068573852398,1.0834241416273234,0.2851309615619463,0.33451376315839154,-0.9118645973800538,-0.13595055270748985,-1.6724936652819193,-0.65680083956079,-0.017756294092996165,0.6704686126482465,0.25982562816815447,0.5394267097881623,0.32067531080102973,-0.7913541749492828,-0.43545203541314925,-1.1678369646579796,0.402072211701226,1.288982118167587,-1.0303921469978712,-0.16725546392008456,-0.22649644599383523,-0.22648311962660878,-0.7753260258602475,-0.4367237092316618,-0.0038583145446144758,-0.502387297517572,-1.3079971039280622,-0.3238449929884059,0.19594816655449068,1.1159723840288174,-0.3766772735179344,1.4028305273683166,-0.3860526852942028,1.1293581078264998,-1.6477775615428067,0.31807601454936385,-0.8708764218115186,1.5270696116512212,-0.9828844632153674,-1.7022222892704586,0.1954846345528151,-1.1299774321448723,-0.6071259981435212,1.51927597968459,1.0639046233566407
2025-07-21 20:18:04,0.4740224703330311,-1.2492136794848185,0.4215854017896576,0.46270461905523863,-0.6520534010411634,-0.0884316618459473,-0.232813816517238,1.1545396712468168,-0.7067348623067491,-0.4801345268890127,-0.7453514611533946,-0.405891843509627,0.22617250305061967,0.34087307568670344,1.0692191660919814,0.9416244029193596,0.7649717208162756,-0.8373573714019632,-0.05471653341217159,-0.20109473750766887,-2.339093922202259,-0.19032219831825248,-0.6087057426690026,0.7345746165803185,-0.9366329317908605,0.22436149342445155,0.9784803984129118,-0.34019206789562495,0.6221588453515899,1.3081557668833668,1.390693762891289,0.15719722960538227,-0.6224124923711486,0.8801407494098353,-1.1751280895195106,0.16998343070557984,0.14868545208662431,1.286185307933108,-0.9718001799031251,0.851915616678237,-0.7707969441214846,-2.077710922153223,-0.23430587008750078,0.9251674512367396,-0.14592465502416924,-0.04944625216518703,-2.1426338408273113
2025-07-21 21:18:04,0.04766085940076376,-0.3715070954747004,0.0931045253181705,0.8469535286247797,0.2009233521237651,0.7513982735750983,-0.9085258276950757,0.48042804164532876,1.508249570353779,0.7917583934818079,0.4451664779334609,-0.40432165002094544,0.24396023890221852,-0.03242886054669884,-0.011286713285607744,-1.4902545859287986,-0.88368700580012,-0.4561127640342721,0.2850529034468346,-0.4746689468861821,0.3740108763517451,-2.495793037455741,0.31098732614477487,-0.5729306720044798,0.6904474824253213,1.5201726106842182,-0.24203256816041865,0.30511005830787097,2.3070289969053603,1.048639076557458,0.7232696783083143,-0.8307586975932842,0.504115083672342,-0.12102403466292677,-0.05162780191291938,0.7576696376298163,0.8783966015581879,0.49545152980979745,-0.0891976794274175,1.6383310164971105,-0.6324659053913614,-0.3237023093526891,0.5012044441169269,0.8887920250703527,0.6672501188766587,0.7648374505049989,-1.0898235708861639
2025-07-21 22:18:04,1.2791900531776996,1.3273228214277182,0.05033656145993069,1.7597815153506233,-0.3855688361884531,0.26756007593678394,-0.47473840093652947,-1.0535996773310907,-0.8941081968757096,-0.03688471987260614,-0.8238620985759247,-0.2314366797874108,-0.5830725289620534,-1.405295945816297,-1.0317742802099625,-2.5799229220176363,3.066987205653763,-0.2846604003490063,1.456414460826804,0.5293850384736888,-1.899737035806466,1.5158169862575122,1.2052383890202565,0.10627215513893831,-0.43250433620413803,1.2692516200653219,1.0302209722943847,1.8157615804957743,-2.2410300984524314,1.2111884344844293,-0.5887360575806475,-0.21750336440360324,-1.4143119643104949,-1.9237806508885102,-0.05220872060015657,-2.1133307778134434,-0.5131868989570435,-0.11633087924153046,-0.3731068758212455,0.5573577516490789,-0.820015621834644,-1.0742900514759628,0.5157639519345015,-1.5344101646798236,-1.4114191130629368,0.4690728633089279,0.07681494027954283
2025-07-21 23:18:04,-0.07852526737003405,0.41533371125514656,-2.040832321231125,0.5500424590146339,1.2863324266885663,0.3538444986190779,-0.6877093743672846,0.03914545491001956,1.051728467271346,0.4757984517772113,0.19451750783855387,0.4697370868490424,0.06821631707537679,0.34087655933917765,-1.649363732582715,0.35516141418711317,-0.8783779070551124,-0.32908012139152876,0.18884145127290955,-0.8949245269027748,-1.1001218963846693,0.09302219914981515,-0.4250646027931693,0.7751204046047574,-0.6844088056173254,0.8940726986793778,1.0073752269686853,0.3071342896283836,0.3382869754254369,-0.7206401199632899,0.15246620101159147,0.7071593753194648,-0.3845375177490507,-1.2529975042876353,-0.3846310145653928,-0.9322138727114821,1.951392559103453,-0.4280654025783241,0.09976840185652285,-0.4137271952372308,-2.621577554670787,1.0537398246197118,1.3249579489323042,1.1275591324557914,0.8585664605009548,0.5383383834565487,1.8623407863367512
2025-07-22 00:18:04,-0.241457306834071,0.10091201565362141,1.075018925667977,-0.011948603788274368,-0.17673251022994085,-0.7100363116706039,-0.8815741603260272,-0.9603826643992442,-0.008890268454011934,0.9147249674997168,-0.8279241004869392,-0.5797426946211829,-1.0818918946757137,0.4339597140354409,-0.5229069623411817,-0.6114034797282738,-1.1553947012786927,0.3141917168259469,1.3156337590967633,-0.6170099836621287,0.2173992842356109,0.3057649467640986,-0.29754652853353786,-0.5722169223353606,0.8371888259370903,0.5938140484596068,-0.5290919596718767,-0.1590688933813198,1.36196489090035,-0.23076460682266936,-1.01196498975453,0.07166412683138422,-1.0006866520895894,1.0409656603870054,-0.8226359499471085,1.0256075761090566,-0.6972595057566604,0.15948478303266939,0.13292737298869,-0.7010841037708316,-0.4127647425808949,1.4584936993636504,-0.12648744052236516,0.35389980432168966,1.472568969270499,1.1120953802019324,-1.470623639580148
2025-07-22 01:18:04,0.5753951795210214,0.3412952547219039,-1.2383879228011032,-0.42545260697185755,0.45494829679538246,0.831153872850704,-0.7763076612271501,0.7365298909810772,-0.16325077713117095,-1.7215096099198186,-0.6271277247710502,-1.004958778560662,-0.9515528374940252,-1.0070611251797976,-0.5397409328382721,-0.7922308125093619,-0.32994676456228234,-0.659509894066271,0.4026222840167103,-0.2529602379985789,-1.1137337815806152,-0.0693239740565351,0.32154945248768124,-0.39358173123875734,-0.8621437179876714,-0.7520112290581112,-0.4632504098833407,1.6555127683639166,0.6779495845304897,-0.6672302645752356,-0.04670145506242616,-0.2936135458767853,0.7405034735046376,0.2093298104803797,0.23803045963266345,-0.07581496479537359,0.5418373292156718,-0.5850537394559313,-1.8105652698258476,-1.0867116238678094,0.6287614719621176,-0.49307405582407565,0.700141804319519,-0.3102457929388877,0.3359446140537619,0.6161709634549969,1.7935703365189093
2025-07-22 02:18:04,1.3807837570041728,0.8496303382296827,-0.12016218416452612,0.5044545314201216,-1.0272257332397898,0.2428907495089594,-0.5932145816504713,0.7051731101710429,1.1351577359879175,0.9769320470518408,0.4022562972196756,-0.08626966154788669,0.622788755997719,-1.9321375219855026,-1.2302832271202353,-1.4483561261428741,-0.7540911145261441,-1.2240431184505067,-0.9726276075838627,0.22808162423011033,0.27109689105072876,0.5618912646041735,-0.6557899180482127,0.37399271453026645,1.0326852258993342,-0.6248618324035078,0.024612281913589423,1.1132153280690842,-1.6162108842874705,-0.3462225049604097,-2.0617388407592956,1.6542199706524618,-0.30035762568438135,0.4813539031926049,0.43363781288545566,0.49926051719190584,0.3994262608421757,0.6067446148746952,0.6149469040887838,1.3025634012762375,-0.8547100925802774,-0.8108398704544542,0.4651383591521552,0.056115466035505386,-0.5821911177226197,0.06947114468114791,1.9422637443254236
2025-07-22 03:18:04,-0.5012897160546402,-0.5787713339240973,0.22975763450533487,0.07667724837574932,-0.13307735930000733,-0.21719371413597896,-1.4149691458946376,1.4517377851499746,0.35796420111982624,0.9338754897943351,-2.2605268431870478,0.9605042828778788,1.0175678758441595,0.9105815439762799,-0.015667192604488067,-1.3532791627030358,1.517856561479838,0.6188312367337889,-1.8268447282764586,-0.46267330953479746,-1.9379001915294463,-0.7800603884272276,-0.2099970056574183,-0.14464914918730779,0.6928543556114068,-1.4239744388955062,0.18637618672115647,-0.803183098002942,-0.11806157910959887,1.174978275182891,1.5038555783001886,-0.4780653461672769,0.9846810732978858,-1.3632594357821142,0.21472909091464576,-1.3929620587259606,0.6352632407538109,-1.5982222125914858,-1.5643739910129237,0.07641856122194209,0.052283260267824906,0.4316318202014966,1.7892777181500055,0.27411416176971287,-0.8797071497018523,1.5299342980686488,-2.188275832293156
2025-07-22 04:18:04,-0.32767189600062546,-0.0929358083500084,-0.35815740447838273,-0.4803988816708383,0.7672171717769477,-0.9676012680812048,1.2018963895387254,1.3551682206837954,-0.809215277814617,-0.637025541856803,-2.0537062412503166,-0.4800146664819998,-0.5603761677839549,1.9201572363499575,-0.22126117829037298,-0.09574477457741493,-1.6997376978785648,0.9373427146011664,1.1230148126977708,-0.14681089198438213,-1.1403685132526322,-0.2605947844861336,0.29457387833937937,1.3764744362754189,-1.3883576775497863,-0.3254870410935326,0.7248652397403683,0.15774526269428357,-1.1708998467278802,1.1316117495074207,1.449337527725637,-0.5093992476282233,0.837986303173902,-0.8050731426879008,-0.1289391852122292,0.0328308783650071,0.8918044166490341,1.220393959105665,1.5024369928091932,-0.15922221763197902,1.5368237958500621,1.266068796316564,-1.1972205399191331,0.8283547074605713,0.4073217532930589,-0.17211475740183205,-0.47920323336226933
2025-07-22 05:18:04,0.253990255579111,-0.703672733965385,-0.18416609365985795,-1.8873073748044982,0.9463908958030366,1.5840477068535341,-0.8937662959737497,-0.5010704573406293,-0.5522392382254603,2.104572812647135,-0.7998254501522669,-0.7444020456953258,0.4213542558281798,0.33624300544152297,-1.0928572251683126,-2.086760650352336,-0.7389288410625546,1.3607175376234717,0.5434654405848266,0.5095404437010997,-0.13152279826371438,-0.17110671263523428,0.7818682758666967,1.3584215763656404,-0.2019998056172649,-0.4723350905660388,0.0035604448318308016,-0.6426580639515881,0.786708472650284,-1.1720472505643846,0.27519899512774343,0.866235354809446,1.4219841227810899,1.3220638263032742,-1.1637623681546239,-2.019599626350797,-1.959506849595355,-2.560552907413845,-0.473588359649406,1.2891365326370008,0.2703941999065954,0.09164377581010787,-1.2294391679185497,-0.17281267153216137,0.27257372334586843,1.3698733655802116,0.6868239041576943
2025-07-22 06:18:04,0.8294933560027257,-0.0744853189564831,0.1393073160584653,-1.3941973285622589,1.338353470854331,2.634180031369661,-0.17488467251062947,0.7879665499184402,0.13215921576594228,0.20574092478814784,0.06238820765552162,0.6054819439821526,0.28140186934923844,0.1620494845387136,-0.7810062905054724,0.17727811174801508,0.781875310116974,-1.557760764864432,0.11540369410236169,-2.3832754813691235,0.8120208052090201,1.2800300373494644,-2.2556919162878364,0.24704163534127557,0.5079575868770517,0.22236041606504878,0.8759224432660269,0.4322444759316995,-0.29511183158665705,0.34020481268353503,0.5437900912794924,0.24710009481968406,0.4167778421849996,0.10154595188088078,-2.2317107435928696,0.8763244438370278,2.134901731207406,-0.608507876568205,0.39239064830180087,-0.7973863774887441,1.7021567203592005,-0.5357309952863127,-1.1139436508236176,0.27843720535561006,1.1510022562589346,-1.5452156520335618,0.5925728106187227
2025-07-22 07:18:04,1.971151338601601,0.18677382957668123,-1.1039112492536758,2.6784035157216772,0.25885635905513416,0.08296363713940443,0.8008846524815932,-0.6177404155014402,1.7123202599051042,0.6285416955897462,-2.8843792492091014,-0.6638523030453914,1.1299685092936087,1.6544306305689191,0.396033874584439,0.26469169838217826,-2.2137100562535994,0.0026879884547340743,0.6984112324265324,0.676197872263864,-0.08778222532658171,0.4836135434152492,-0.8510862999437884,0.18356878735028864,1.4661990658932411,0.6595427833555892,0.957407321577125,0.937886709200778,-1.0655657551454305,2.451932487373805,-1.1112425956143248,0.29439844648220675,0.5243074027078852,-0.7065442052980798,-2.2493326847481354,0.4424281330902672,0.5732978034671353,-0.6198709811508827,1.3528973960268795,1.1860921772623274,0.61330220655133,-0.7421689585804246,-2.1884088577066727,-0.5736262314541994,0.44434923586653174,0.7999154457581058,1.0079044754077668
2025-07-22 08:18:04,-1.7560831363358391,0.03514994237006542,-1.0456022278279136,0.08723807283144323,-0.1207323776729301,0.9773374994128834,-0.9864402080252844,0.33363484099508256,0.34252814397326115,-0.5694653774240204,-0.29488900305371946,-0.4364389530860407,0.9435301898857412,0.7456393645390028,0.19394308031337706,-0.9235560437713733,0.30035114276903685,0.1521863023607412,-0.04132192974218283,0.09040872289514156,-0.33193912142193144,0.8812525391721221,-0.6387591710681774,-0.8362806556858767,-0.12981460416068144,-0.34957520534829484,0.046027953059702954,1.2313543767095487,-0.02449080147722454,-0.8360159410549353,-1.2287014189314083,0.10459844330009506,1.1219916720602932,-0.11334068832292842,-0.13799107425713267,-0.31355589122006133,-0.9503407387297959,0.5669936046827249,0.14698784469529907,-0.8146454570209354,0.5209169251376546,0.6076011109915853,0.29720520737492206,-0.8329120921533272,2.4190681135770404,1.50318941905029,0.7227170444153425
2025-07-22 09:18:04,-1.4744328797489115,-1.1310153822673967,-2.101411698881032,0.4760491939650613,0.40616889580332105,1.2737018061706347,-1.4914163286262072,-0.23041612979198167,-0.43018860661423414,-0.35644478445458566,-0.279768252149417,-0.3591137606036472,0.4384447866699782,1.1096261569455403,1.425154658815051,-1.223093426198496,-0.9447798778486874,-0.5538974079671514,1.18398809620376,0.1420654662594683,-0.36992553151823804,1.1633010477866255,-1.6540757370418229,-0.1096700413981738,-0.2177144933194465,-0.36806210252644744,-0.4201925453651737,0.5139249029952756,-1.0737919655594212,-2.637242021419833,-0.0888312438562315,-1.2495675927154466,0.5445105883981738,-1.2715966619434298,0.25503577609904066,-0.16038339802057985,-0.39905539810003854,-0.3560811105651528,-0.7941861201489068,2.113717811852751,-0.8406193521647104,-0.33213467720450984,-0.904402264076985,-0.2855587945859666,0.9430966141760116,-0.2899794118967646,-1.6879866577776799
2025-07-22 10:18:04,-0.16246680198561725,0.9154271688656292,-0.07031215816137809,-1.011983138626308,1.1305618859910243,0.04529484577376804,-0.5210098972730415,0.25298175799928796,-1.6426032434510822,1.3850465721269893,-0.6754469091315783,1.3902004555416094,0.04378163997132965,-0.023947587363487812,0.4348365965854999,-0.43453208016124145,-0.06285863840303929,0.1499262339114548,0.027845984363789,0.8319484259411632,0.12994436871989473,0.7315841110790029,-0.9400897052245214,-0.6317025500552093,-1.6980883412384553,0.34686884291091447,-1.3299062595431013,0.08456539152987207,1.3688916760361978,-1.162576957296961,0.14890247907319215,1.2785716414643622,0.5198823790640855,0.8373142245381381,-1.5779035666088885,1.430553945020732,-0.9258862828882383,1.024129857520504,1.488954435550302,0.3653931071893503,0.025383506666702246,-1.138539363478701,0.8439675810294164,0.2246919859794319,0.16353932980135574,-0.2645320601308664,-0.610310260129734
2025-07-22 11:18:04,0.644250760641157,-0.6047547608334347,1.6077543023814556,-1.3170243224561797,1.299178369018171,-0.7601191425784254,1.079425928230845,-1.4647420605604933,-1.3062020043249098,1.2757491478369827,0.29854362304855336,0.6306632855865678,0.02255026434306703,0.6842028785164261,0.10540301805528852,-0.9394803539614472,0.12643224999013755,0.43341365334364057,-0.9128158951213431,-1.3576452771439138,-2.504085789996343,-1.5842653299181297,0.24183522919049366,0.7017561531653668,-1.4280100524146648,-0.4486749428934436,-0.1359791609197363,-1.8019968659296624,0.33594065189868266,-0.7336076163629579,-1.1663196560824718,-1.4845629743291893,1.4204805324596825,0.2790625411793529,-1.3774094367996563,-0.2629711659186848,1.535976882882315,1.0445484346804568,1.2957370596619828,0.103639139744955,0.28400595459269323,1.0318138851303114,0.07120657266351228,0.8211453366263853,1.0984232171775083,-1.0132507741804475,-0.08336680418532726
2025-07-22 12:18:04,1.0057665282107766,-0.8512454160024108,0.22001866726042424,2.151443454322611,-0.39984771076361586,0.6379889207411676,0.4478912587220217,-0.11274706801715925,0.6297031464151869,-1.2818793390188656,-0.5004131812217236,1.4162197264625822,1.753777574038685,0.28160957353573757,0.056162443714432124,0.5211670866791085,0.601238297675187,2.2180498395987898,0.7721900352074015,-1.0705004977309962,-2.6260627206662113,0.37189364550583676,0.7409472507390346,0.22833264712655477,1.6928649777563949,0.5265408292375973,-0.6838410978095499,-0.8392513046710278,-1.9884294883068658,-0.4898638739987769,-0.8785128441292519,2.501233016096025,0.3622036004880141,-1.0034779958306166,1.1878279772579818,-1.008083038026607,0.2381204287068571,-0.949960539246549,1.0222772607935748,-0.7996436953781888,-0.16000282110458866,0.5547506749675694,0.0010155520553125899,1.3257957197786883,-1.7791697630476309,1.008033045992671,0.30206498328829234
2025-07-22 13:18:04,0.616256579753493,-0.5571926717782824,-2.943006680676038,1.3651202411284116,0.21882090764426448,-1.079645312462049,-0.6265766231550525,-1.5547713165325743,-0.8240265108470786,-1.7571826316606662,-0.3540228843140801,-0.7903855247074181,0.28357526788475407,-1.6396790503487413,-0.7307194005169031,-0.553018469856456,0.7132070881806055,0.7772871442005166,-0.6739977569218787,0.30896185697207157,-1.3604944552565066,-0.10523561497827948,1.1208175876255713,0.4338974727049825,1.0492042992599817,2.53245911661569,-0.475878489931523,-0.011991066908853928,-0.09945246294333482,1.673703263991136,-0.502249727107954,1.2487694096711761,-2.5079443777046966,0.11165419276039007,0.3875313410702231,0.7647746888100837,-0.3553292776384104,-0.3826334726476034,0.7867697880216777,1.3989815142091937,-0.1393468738202163,1.0473332230539143,-1.5163625496522914,-1.5793952734718824,-2.0965906903596454,-0.2005485889455042,-1.8339601847936853
2025-07-22 14:18:04,0.40934284537760984,0.28488832604974,-0.7109444592597765,-0.21047158821644163,0.7262609247319569,-0.7472333519991886,0.5127421391254698,-0.7687682040864442,1.428814396232952,0.3794220638426644,0.7000488644873298,0.24391130776545605,0.04990144861473004,-2.011100687819207,0.27402549566561263,0.6353318734055823,0.7616025368286993,-0.6042548615501346,-1.5957636481589283,-0.2604224436216661,0.24135038514947318,-0.003718646490333372,1.4634011612165772,0.6150975107749335,-0.14176569884833262,-0.030986217786758526,-1.9186312863208328,0.5962808128770205,-0.7392565867741018,0.3037415433887751,0.2615862268810461,-1.066744173926717,-1.0791297008883582,-2.268845912228197,-0.3052217912706545,-0.3335367046713939,0.10744462273308515,0.3857644894416966,-0.045863214880059955,-1.00709189262894,0.2900222774954255,0.32102078667639267,1.548841952377972,1.202408398385284,0.6858652552234245,1.9061359469337023,1.5976144454039038
2025-07-22 15:18:04,-0.6887561549340419,-0.42394481189062216,1.1670995737158603,0.8099696353821432,-0.410599677432858,0.19130933508518447,-0.6809178521647402,-0.23347539488772365,0.25367568624133807,0.23272216498151704,-0.5702367798204288,-0.5896857614640106,-2.4957516364426033,-0.5755887623246142,1.3309408587486296,-0.9494418831560837,-0.09609610468006126,-0.9648310768541719,-0.08174327805381108,-0.4223543277686177,-1.4574103271057959,1.761304898404019,0.1311178255550542,0.04150700602899823,0.37096182236352904,-0.5711194591394778,0.2007351663753219,0.03789993722373873,-0.6660616695319082,-1.3420237369719457,0.13186955997612157,-0.3787134790563547,0.47763016842061673,-1.579652586542854,-0.8084159182343611,-0.19838541158230882,0.009953092313086352,0.23103184060844964,0.09240075631348353,-1.8785361178370164,0.920589246197044,0.187416144743986,0.7610207942743471,-1.3004378441807738,-0.4317448790281362,1.084489807399066,-1.4094912236737915
2025-07-22 16:18:04,0.7565107129592844,-0.27601877513656026,-0.06870656685679098,0.874064963590155,0.5911727659145914,-0.5554332075278707,0.2560088581768287,-1.9448364597726968,3.0001769829123425e-05,-0.2868089823364998,-0.20483795734627222,0.4518422162939477,1.3737019389350644,1.5719769434752386,0.8716249848771633,0.7256530589649444,-1.361489039090759,-0.3828996244290065,0.8046102672013595,-1.5350158529728333,-0.7409820212705277,-0.4457149221267742,-0.12206590920174573,0.31577339375445695,1.886506591392332,0.2950593921448251,1.2214255743395006,-1.343237474036308,-0.2796205775816318,-0.6185694910695249,-0.11312721418875653,-1.2952065108276256,0.558647858897852,-0.006064220914021319,-1.4964753809258657,0.04404193451539414,-0.6679608975233272,0.20860427925383274,-0.03258131271546412,0.45972561736541695,1.1471202678403085,0.7986405126818846,1.484176678416312,-0.11578593427898907,0.7483953801806521,0.416550143042818,0.5089471564051324
2025-07-22 17:18:04,0.5166616070238037,-0.13203738912661073,-0.7182467834842373,-0.7041781561876783,-1.3844539066576047,0.5803389590688536,1.621250517953997,-0.48071444831522775,0.39287582440950647,0.3678747715652046,-1.6580092471792878,1.2568459178293836,-0.5910416659460996,-1.2845245469613826,-0.7158859613988137,-0.5560303055569789,-0.8559643273673739,0.9584129894371156,0.9968791953831614,-0.26655637912862323,0.4003281123587908,-0.4047596631202705,-2.721071386594951,0.2748155352054572,0.15926413244033436,-0.4426042439148894,-1.0857595840110852,-2.6984544152344268,-0.932908776961282,-0.3476108331110897,-0.4697096096114132,0.24903071577175687,-0.0066833931234194606,0.3895968251914494,-1.3184142064424382,-0.554857392557367,-1.2302089914161627,-0.5654392849952785,-0.03203729177816138,-1.3329066837961807,-0.37559249594098526,-0.07597433177329045,-0.3110548247344705,0.7394798697407533,0.3398002413833882,-0.29686176969597755,0.5313877452527023
2025-07-22 18:18:04,-0.11483204262088768,-1.1895237288441436,-0.22197224934853368,0.5349040410256114,1.062408083817023,-0.05082545020878376,-0.1050583883870257,0.015894280774992036,0.13706908929723358,-1.1690911324208244,-0.02105898383141499,1.6845566408746147,-1.2309195544365972,-1.5362578132575972,0.12721447696560018,0.9008054769509909,2.698473661614227,1.5566715114673715,0.6163999305107897,0.4593018180295982,-0.2199558509965085,1.7187340854545436,-0.08291947027996603,2.0990691005060826,1.1324552327310935,-0.2824188611589837,-0.3659091912074389,-1.1763238223738768,1.7313750429794497,-1.3665745292940434,-1.1848510877541882,0.0187900108384829,-0.3317154470446133,0.9206893107886672,0.11469775927232714,-2.31771922219747,-1.6824028003576958,0.44374557941836446,1.2937608815202228,-0.8885937389115715,-1.5088587756067007,-1.018707165116302,0.6169737146302767,2.851715257362739,-0.0975709079344375,2.197866769549075,0.7238953546745164
2025-07-22 19:18:04,-2.050722658999862,1.6641401120218864,-1.04321257345223,-0.47289989570736113,-0.9041253241693933,-0.7592233960740273,0.43664485223064287,1.2824171339534767,1.3682009769519652,-1.1190168144062087,0.6220622303059091,-0.7971426679675797,-0.5256469290175968,-0.47000117334867675,0.1610969108569446,-0.6394611054650402,0.7907373997570233,-0.4709127771507713,1.2454485735529297,-1.3105270730327931,0.7887089418644123,-0.8256379980472852,0.10759293864958641,0.10499743553199174,1.6870703355089112,1.2799817014064159,0.24187555252861107,2.273362436850035,-1.4340947782876032,0.7092230180685827,1.1633275665880565,0.7457815257509065,1.7310715243263661,-2.1217078671821543,-1.3624293618450405,-1.0341630544677494,-0.02218481264282274,1.1786198743434229,-0.7166439489245515,1.4205800996363847,-1.1326176868275852,-0.689037136346937,-0.5787239883578236,0.61252211065055,-1.1944896617803646,-0.00844642379314649,-1.4639901388134762
2025-07-22 20:18:04,-0.5334442510565872,-1.1087061545809598,1.209614160181855,-0.2702308714620115,0.8107938590016884,0.7500048603756526,2.058681824574493,0.1604581774577472,1.5732075339802454,0.3843308628252654,-0.21018077267393503,0.5272756127996574,0.6387908269881808,1.5640469202988008,-0.6372511054915326,-0.27194682317553537,-0.48056717998869053,-0.1468006979557641,0.8322703625774488,-0.07893289316305523,-1.2704371161015184,-1.5013071213301705,1.0067220642096426,-0.10067521347193345,-1.6921042679116693,0.899079842658594,-0.2242124268513403,0.09919204966187607,0.9184854408203003,-0.20435957037727798,-0.13377804171953137,-0.039925811625944274,-0.03954573012516551,2.4278250025987216,-0.4170390577926508,0.018411824799866746,0.4273042438202984,1.6077255506894028,-0.4819630139384935,-0.28562286243233254,-0.39792378778804444,0.4933531075100907,0.8290644095418153,-0.3289815350844744,-0.2897181484487413,0.7880348882021029,0.03427423679654794
2025-07-22 21:18:04,-0.966825154181765,-0.68957334019451,-0.6516773538111242,-0.1714145718543964,0.41752970685008306,0.7191463480204413,1.47531742346777,0.18287132354865465,-1.6570953198138594,-0.5932451645070759,-1.311694567837657,-2.154345174799753,1.482989904933675,0.7881306207917241,-1.7140711959837063,0.27988787478761556,1.5244209618378128,-0.9781068664996746,0.3004552614795417,-0.7940396754631031,0.8003707423938482,0.36076745347905753,0.49343025681776204,0.3454663805050444,-0.6880762671426802,-0.8404471828726645,-0.0424370156643683,-0.35844151169716826,-0.049305918405875004,2.0052480219193796,-1.4476535993349915,0.3431379773248511,-0.5085583788676702,0.8213014235222785,-2.242442559293208,-1.322913596812587,-0.3227071593254527,-0.8642325600790615,0.05417890773488929,-0.5514940109413192,0.8258931104247552,-1.7765694125139204,1.3854060620295725,-0.44155552397009157,-0.4558643381895141,0.05993457817980226,-0.025335475985630962
2025-07-22 22:18:04,-0.31476236957188786,-2.1812742005959733,-0.2312191581538238,0.15512707979843685,2.042849380613446,0.04703198813644323,0.9596857739094976,-0.7504315356726043,1.671143556797899,0.2712434323874495,-1.8326019331892218,-0.8859895459900354,0.2915814937792543,-0.5784452552045546,0.2572748472283244,-0.33162381981378314,0.1387650231211256,0.8428533380151964,0.04047101239712865,1.6628871901412434,1.6071028975397585,1.242006393881215,0.11250073811133761,0.8542435120113214,-0.3157077271343425,-1.8834603451718914,0.6368456627277242,0.265251703436578,-0.12204080087410409,1.0809449940972,-0.9485106579647729,0.4125627178718065,1.506219753835594,0.17497400261899712,0.15202210462607524,-1.5615944594844602,0.13513526113831228,-1.3974175321702527,0.022658212575264413,0.7754899679816388,1.7977258077063378,-0.46450363342178264,0.08641236852133119,0.35996499107572694,0.22768733537513244,0.5071114866933986,1.2003522698786198
2025-07-22 23:18:04,-1.4721407843189134,-0.05949637144505642,-0.13935273384129612,-1.011291630981177,1.0700955664462735,0.05423183878497415,0.4070041248813677,0.4727414392710729,-0.5623254621148002,1.138595370425071,-0.6876113574796441,-0.23804225543126384,-1.480798452896079,0.02363469350774103,-0.6930801211698131,0.1736128334459841,-1.695376865784651,-0.30702541248472587,-1.1455792223475314,0.3081318825509701,1.4126756948996388,1.3203825430762328,1.211614151386282,-0.8156287613598552,0.4814451544146054,1.3974257127245941,-0.3920167630700034,1.0865285894595966,-1.763267663791213,-0.7311235667866797,-1.0274385118689464,0.6567108045963603,0.6287517515242612,1.404683500816276,0.693012126859695,-0.4949839453691758,-0.07105917191533329,-0.8368512594282669,1.6870301416053175,1.7835606476218726,-0.4499061653571846,0.8439993152069373,-1.315357646780698,-1.091418968719394,0.21986370386266288,-1.6706010223192682,0.5496382581978587
2025-07-23 00:18:04,1.2576387377096536,-0.7941912825871783,-0.1359028975032288,-2.4348287296791926,0.1794600131268454,0.21083801011453296,-2.476596441049497,-0.1675566310698262,0.5933263955894651,0.20284846831184358,0.2672084634782187,0.3183452791213394,1.2921453040842183,0.2664028670877597,-0.1007083759235678,1.2673101932393447,-0.48225101309864205,0.5475387185720791,-0.44701371396229506,0.017832437872283904,-0.18079739431893171,0.7758064642525443,0.3466422679314458,-0.7927785910973276,1.197782670685126,-0.3385148233104649,-0.6954598300216818,-0.7032697800860112,0.24017164445505282,0.9960622315668134,-0.1406663209578888,-0.05402925163670781,-0.11615076308160258,-0.09639267967315042,-1.0423480805141778,0.6659521770782746,-0.5017160454138829,-1.0567453402805758,-0.06668874956755466,0.43918583844505815,0.40485885089981843,-0.06516630453071298,2.068018994826536,-0.0019388682196681947,-0.711304446424774,0.6115918017659353,-0.9683351900088936
2025-07-23 01:18:04,-0.31260574120048473,1.2008706308516068,0.008648420974328051,-0.7995680495186266,-1.1349125316287527,-0.1397660904248585,1.2562874717272021,-0.9152415988113498,0.1199812861015834,0.4353464180961626,-1.14255860775788,1.2779480947881217,-2.858191464529035,-1.0536724091545357,-0.004310195977991034,1.2978284347160185,-0.46415523417340343,-0.8055716271026833,-1.0483844798143163,-0.16941147934927736,-1.4006025057945768,-0.9920852040740761,0.12030659209437,-0.9741132018815736,0.7686160642579656,0.052599072494674166,0.34128421086042116,-0.7456273702926095,-2.067608936843118,-1.2113177548619622,-0.2968767633859244,-0.03419694583416094,1.5571899858651128,0.07333149135188831,-0.07568741054561222,-0.8622250672536363,0.6985475965949316,-0.37716996924226825,0.594903729327424,0.28952118507645713,0.17831896041724493,0.13906212611457358,-1.2938990122223097,1.3543189546439054,-0.27201543198062944,-2.1412767146475247,-0.2830489153094934
2025-07-23 02:18:04,1.0912218908709543,0.21635519965934744,0.24911658599479997,-0.00015937657650505623,0.6748315080354517,-0.02004636300433233,0.4381421851129487,-1.0531222661768622,-2.592983600897909,-0.9837354248483037,-0.25792513022766506,0.644090397406624,0.4770735287686241,-1.4153127089561603,0.55678766011386,-0.30299033427406913,-0.6327606264540018,0.4382352788681646,0.5224428473424453,-1.5686387502436936,-0.16130372874757687,-0.2332900118696919,0.8207010856480301,-0.022525592098591733,-0.0016337086389589099,-0.9358333717967104,-0.9657497544016604,0.6753639467434124,2.369659274763017,-0.8969445840596818,-0.06716644469935522,-1.6382224717912846,1.265459732300835,0.2449820420639564,0.44224645878987184,1.8395154318082942,-1.1037451958391726,-2.268663123430241,2.250515599120022,0.14063419278811232,0.8661536367959995,-1.6598710037360258,-0.436882038916313,-0.11032971528819224,-1.4728420709727468,0.23259341925446464,0.05021435730132403
2025-07-23 03:18:04,-0.7835219074398214,1.3889224764875028,0.10878238288320329,-1.129608610458638,-1.2953132955228965,-0.744274472701723,-0.20884175241729544,-1.1683880499253074,0.6468854797519363,1.4606039338585735,0.5206365666164371,-0.32916010212120894,0.24048492649855366,0.10464259376743029,-1.0664396938607874,0.18318568276595504,0.17386774863519985,0.3231640996620502,-0.3499522831384161,1.1552236740940232,-1.3053129612984604,0.7308034342055014,0.18765581535383094,-0.7345445235999825,0.8534518544480577,-0.7675848515886116,0.9710638905503821,0.8956362335315127,0.5244113548997941,-0.24425431772928866,1.9021235107873566,-0.7019489502731376,0.22547458701451803,-0.32546879908132925,0.8255977893548078,-0.2674828289500845,-1.2399810163254024,-0.8457791867142673,-0.5694054810364538,-0.09262383180862394,0.5187966771413621,-0.40002026875695473,2.625309693181153,-1.0082860950979105,0.959225661784675,0.8933858984510584,-0.41765674713072853
2025-07-23 04:18:04,0.3683996176614886,-0.08696206057948391,1.1537815090208132,-0.27571121504037277,-0.2830693872779323,0.9789012015591299,1.6838660615223124,1.2518671593292658,-0.565338937433234,0.20570327007152603,-1.1880735914613314,1.8236994641617295,0.14748978346748579,0.6197874890944653,0.7143301463736341,1.4198917610914445,-1.115482301156613,0.6198388360431176,1.3567848785054328,-1.040820318523155,1.6484526747879533,0.5696788081719057,-0.8426534095816819,1.7878010288119102,-0.4328054084439618,0.7683472587874837,-0.06973326208919205,1.367695314680063,0.8225811246635365,-1.0401595658376994,1.2657572261744598,0.5537220534482629,-1.5337597292452732,-0.4415649195137568,-1.3548435603385154,0.3491193732819939,0.1360645950308076,0.21369857192567498,-0.5155811112446246,1.9781995137031951,-0.16216326142376,-0.27808335917721677,-0.44031958865617704,0.5729781361003362,0.03751042145221393,-1.5609196929903086,0.03829565551636334
2025-07-23 05:18:04,-0.28641045154582406,0.2179712375730344,0.4801538461790293,-0.2647519594999691,-0.9067934658664867,-1.771810409175073,0.792732748329308,0.03741951376362608,1.7151545287747199,1.0180028167685693,-0.43108341291605345,-0.9967641277307127,-0.18252151719397913,0.045327119336754304,1.1891883588418826,0.4954517312601648,-1.2176116350312864,1.3570095911263065,-1.0548084292464068,-0.25054391409041654,-0.31585192864375755,0.3910745615303639,-1.4573325813285083,-0.9660273115188581,-2.6940440661141616,-0.4106939331987609,0.8833147412092107,-0.4021258840137002,-0.027235490864595858,0.6546572418478472,-0.5874875840591108,0.14223085338634572,0.3533581600857715,-0.5874193567762381,-0.23109023855467198,-1.3210965993028374,-0.4168338849291692,0.6233444738000601,-0.23902354888843927,-0.553235897598991,-0.2609404858871013,-0.13465488992471542,-1.038560308890941,-1.5984082778259978,-1.5634057354798216,0.1638446626483776,0.061055531692387664
2025-07-23 06:18:04,0.4275270961446306,-1.0682999867499285,-0.3772677982011234,-0.24802678142678117,-0.8841231634386717,-0.28854980231461225,-0.4032242914515577,0.6465971295440723,0.9480003886555803,0.8389402129827853,1.0065261591597365,-0.6409656667133463,-0.8958725826972251,-1.184538837354239,-1.350372013283191,0.352308215318013,0.45944681364335743,1.3344241523661302,-0.299400009795304,0.21709297866050262,-0.8415376069709002,-0.73754527570739,0.03711000056759611,1.2230151755711156,-0.11850483820533662,0.336072632492276,1.5757585883286775,1.0843050332023656,-0.04959983841632455,0.3908525209165876,-0.9137707168068828,-0.12851580071961258,-0.9708618587055682,-0.4458199674277871,0.6748450288803517,0.2037941760000779,1.6904319999727293,0.12207667547864197,-0.9485938155374268,0.669655319623204,-0.19373540950493404,-0.4323872859365949,1.4900222124559774,0.857210470954142,-1.0742275147848404,1.643520774789196,-1.591160170968534
2025-07-23 07:18:04,0.6914108104410165,-0.4364598866154903,-0.9084500478642591,0.21659399389693662,-0.08131888754173712,-1.2403007773845762,-0.4660172750515958,-0.1445075714873729,0.6624708649390959,-0.41113301619784504,-1.6981617623568281,0.13147046665258844,-0.2082358235633163,0.1983156167712959,0.19772311614097762,-0.010832414220475959,-0.352260302177972,-0.5432069797715218,-0.7252703965483862,-1.7045309238818198,-0.46293640455142293,0.12906997406992118,-1.0787554815780955,-0.07722056324633723,1.1378331872673997,-0.07538720372196842,1.2211558668861378,-2.1840445212685577,0.6510872936022818,0.7205094408099723,0.7080939853620808,1.0783414428741531,1.2972087323362476,-0.2494336981369854,0.4557588099292929,-0.49927895346200035,-0.5661621578586752,0.5825634856967407,1.7312234996234588,0.005362439671194664,-0.16710796838043523,-0.5723847121560961,-1.5732116197704495,-1.1683791945349993,0.5488996118004228,1.248005315818036,0.4263925034181275
2025-07-23 08:18:04,1.6245288998825502,0.10832049485961819,2.1370570972613323,-0.6711298582612675,-0.489580425110971,-0.7172949101485722,-1.8598424158659135,0.46726655460125666,0.7530579341218402,0.23782644537578118,0.4666212908069929,0.20643126993035968,-0.8558011365787133,1.0806185811037603,1.4016213886010034,-0.3079664389212928,2.1503225052270705,0.067941567067523,-0.45868965860112765,-1.0702842007193052,0.7277761470450358,-1.0254439171932632,-0.8938787317771493,-0.33480845293268285,-0.1626560362418729,0.3516172842405598,-0.08840620891003947,0.2554026971791376,1.633409998228607,1.3115326131259555,-0.07535599044717602,-0.5920966669675058,0.03528307149361798,1.0221189945967015,-0.7045586853867153,1.1090888956659344,0.936024493330888,1.3356941525659027,-1.2493232224330293,-0.7294417613825946,0.0542521639450163,0.769865940952017,1.2464126872243695,1.0576456051316014,1.5765515225479445,-1.0060575094401654,-0.6442492089169115
2025-07-23 09:18:04,1.2762899181265752,-1.6596196375731607,-2.1558181908444904,0.7944897576721219,0.1235773182817281,0.6552833651839246,-1.275700859113665,-0.7674393663669707,-1.9792812871803396,-0.1661130645302913,2.271628032034466,-0.5088439681392366,1.2155446155762715,0.46713395991752454,0.5156560266951289,-0.4391049777572038,-1.8132410262634941,-0.4196284622613583,-1.6920402446250458,-2.2205595546499457,1.2436955692381075,0.42376015756899815,1.0270037496872413,-0.9224593220686642,1.387111513130741,-1.575567541009369,0.7667480291310105,1.1856809855277197,0.5451171568816231,1.0996741616563248,-0.30786169357732723,-0.8396636702734305,-0.36847340885933516,-0.23676671719292355,1.1533948741727054,0.23438841191491974,0.34026290139383886,1.081703822224489,-1.5668885991329808,-0.6306228831300751,-0.47690421160641516,0.3264393210809284,1.8851839160468402,0.8248164728745421,0.7757814850991601,-0.4637265843459287,-0.21678457740617313
2025-07-23 10:18:04,-2.0422310689333525,0.005162027423908358,0.19911367364196755,0.8067642143534063,0.5738112689848729,-0.410933254208345,-0.31170161285520354,-1.3969492747187109,0.06565963054858437,1.2124718522835156,-1.5911582491420448,-0.816131603646332,0.43304435310744743,1.0943650688920923,0.07630499317510998,-0.2880820895288729,0.024187454181466957,-0.16939605236491975,-0.8174875257900275,0.20912575911631237,-0.6496395137026968,0.2943401288879035,-0.2622982922838803,-0.7890688769791815,1.4792579230685896,-1.2280873913587402,1.5935056637342164,-0.8984137546265064,-1.2290065582898102,-0.12051258886761711,1.5912983485068954,0.5774921060268905,1.093005829386443,-0.8340704473398093,0.877222194642348,1.6139293302569815,-1.0900670479764596,0.9568897556917406,0.6377479561266495,-1.3852484466820065,0.3279163934041911,0.5483197040996838,-0.47344465825506377,-0.3503804933301863,-0.057477667635202734,1.7464300908448058,0.5862791268503251
2025-07-23 11:18:04,0.2046485753090498,1.5643386787314477,-0.5603852431214104,1.505342912279315,-1.7986549081652974,-0.7871234799059195,-0.49602120656041104,-1.9885444647687052,0.79088215771529,-0.33479133084076196,-1.6540104927985717,0.06039634700220953,0.5465862803023719,0.9663533192121649,-0.6948115710094882,-2.399663058693557,0.04216468211091279,0.2954157795165116,-1.9148754069590077,1.2169234280096282,0.650666202337443,-0.3267515009249067,1.3761896461728207,-0.7892624060416694,-0.40296748858905923,-0.18806905029287777,-2.3026532650465255,-0.5678883843777813,-1.7541453271343033,-0.396217843819887,-1.6666859626253152,0.753437166263336,-0.18362738772273116,0.8489390906283236,-0.4119067059935886,-0.7857291985287057,-0.4691493448837975,-0.19685154490617426,-0.13540734560031065,-0.5918394772250967,0.18529797209559462,-0.23416540133286803,0.42491477995215154,-0.07448288736509007,0.03021692362696129,-2.446280242928992,0.02131856906255151
2025-07-23 12:18:04,-0.7865152816558438,0.4111545823199542,-0.18003527906184771,1.0928726966760594,0.3238176706363754,-1.8046417475352268,-1.1891329420419607,0.5272965407499619,0.1682807387519714,-1.4978709062123334,-0.5651556369728336,0.37892854343138505,1.9219004957168095,-0.22027096885576852,-0.8476904693406812,1.1688669823077078,0.31984489810756234,0.2006573746001789,0.20403954881177608,-1.5877215881646864,-0.4811519920340788,-1.7471069301668454,-1.1477778362918314,-1.2021650386923688,-1.0007674143144423,-1.3647167075342261,-1.2549859271354786,0.4613853043456423,0.504080855590013,-0.3412647826147898,-1.022026075843794,0.6836227320051949,1.3945502703177584,1.0453796554294021,-1.8105860536746936,-0.4526701002695139,-0.438631620155299,0.02633381512300329,0.24909093973451138,-0.8857167305262159,1.208630012195897,0.5886273139404735,0.1234835993569753,-0.7516804960243446,-0.5902080027713157,0.5727356471554929,0.07238282555762895
2025-07-23 13:18:04,-0.6142102485038072,-0.5374325937281781,0.7459104388030917,0.7061475398914729,-1.2730461028059625,0.1976962427155567,-0.3160012840385532,-0.24413537211623138,0.14664388210252416,2.103239423752668,0.45385954076043666,-1.8053819330955052,0.8213554136402444,-0.5884087941876344,-1.714470627398761,-0.30168867899783924,-0.451539860664565,0.38143397785686445,-1.0004672157107461,1.02508719473123,-0.9572642120165946,0.5344798251643927,0.08990013432985249,-0.6486206378287189,-0.25460035710522283,-0.5833971453202108,0.3526404924319996,-1.849244490688847,-0.7344494504874007,0.7058614642015332,0.5374524430892548,-0.6698279560031646,1.2769901490914166,0.6968154867239499,-1.7737799998913397,1.141852714101113,0.3481823398521152,0.19165112433594667,1.3122462080921888,1.7643659776083473,1.0074456746788418,0.18048527451426907,0.12141308153116508,0.009728661809239892,0.49330806882453393,-0.7839276445515264,-0.41280419093578624
2025-07-23 14:18:04,0.6845330029654159,-1.1126866893384029,0.8645522804158198,0.4582351670103323,0.13954429649858602,-0.9645379548742098,-0.9954184427875833,1.794383916842209,0.8303178909047709,-1.3054677229300828,-1.008490533927847,-1.3823457250511413,-0.22825955069205142,1.216567336185461,-1.2736069183451506,-0.6860671532904477,-0.14761683456810645,-0.9257327551310711,0.9449132087679262,1.4711930411292917,1.215299912268527,-0.5012893081819991,-0.47260034629542386,1.8523682725868653,-1.1902094288942644,-0.6684869342578563,1.2332726677019337,0.49481124590582043,0.9206923079934037,-0.8379301070765011,1.9767272016752568,0.3822021176109479,0.32402150318631434,-0.12917449652592636,-0.2130332203985078,-0.14216354238782575,-0.0018662363182592695,0.1500555678385861,1.2418703446565078,1.871778077795699,2.3731054195725063,1.7654997904787555,-0.2612630570206387,-1.7004866827763374,-0.36795819279416053,-1.3867667669285004,1.3463153973209159
2025-07-23 15:18:04,0.7095561773839592,0.6329377279661691,2.125055021694371,-1.4889312576674878,-0.5004684173096272,0.3858786195382516,1.3304183875125233,-1.4179725393220584,-0.7388293065595829,1.1789355058713091,-1.2311284752926264,2.0828017836092423,-0.8277512080818482,0.60976880172124,-1.5839746437735187,1.1110994241671164,0.08702152890657844,-2.0527613458589933,-0.060649861384044025,-1.342192970904295,-0.07737504343768833,0.7396815152353208,-0.7546763917698661,1.1633226825401337,-0.5597859558592244,-1.7101076897127199,-0.2835104996562299,-0.7762059422482251,1.9051733313226034,-0.5769311519369636,0.5368516007466823,0.057595945260387464,-0.7331096643839826,0.6511381510310039,0.4904931413766386,-0.13605417499782183,1.6668069054582575,-0.11887359784508593,-1.09276931045314,-1.0220136937154294,-0.6375007720400584,0.16104478297051633,1.3076012990949109,-0.0460346718984842,0.8678116504269646,-0.8712907159834355,0.01244088026224613
2025-07-23 16:18:04,-0.985442745893316,2.7629995200604176,-1.9633763827705168,-0.24522053979488165,-0.4032375657917994,1.196501337215284,0.03680762910860772,1.5080016611360845,-1.8144247580109742,0.8403487451341067,1.9132267599544772,-0.8508016795842487,0.14601516935369752,0.7695005666604345,-0.9678712889286535,2.1556391800294903,0.9441584955202983,-0.24028741675954557,-0.707378542451976,-0.8216412541005497,0.41455190322986935,-0.7033733377639647,-1.0482131055070256,-0.16520251296387076,-0.7957522386130393,-0.4458640983103956,1.199022960029864,-1.7681506930750246,-0.5225423279923656,-0.8013383579591934,0.6490876546865677,-1.2415179645207506,0.4393124689750755,1.5696796423150083,0.8281422225326767,1.2403994934873477,1.594180036941153,0.20314271917885993,-1.0113435715318215,0.7238588391210997,2.3516658326909705,1.5580239427968106,0.9076611586838477,0.6616552965339261,-0.18918008496912775,-0.5647077053052447,-1.0102876314961238
2025-07-23 17:18:04,0.9306443706141548,0.0626400646065391,-0.07108069393798759,0.12289157990476411,0.03961074692556013,-1.79040846198064,-0.2643015019150688,0.04507565999339792,1.2591844868305084,-0.6312996804182829,0.5116388008131572,-0.4417543083283785,1.6544655634558714,0.36594756587170824,-0.6088644408825181,-0.7607297334241544,0.08523312038781514,-0.5953319814178104,-2.21810425164796,-0.8105517089922106,0.3876476218072808,-0.5299345472232099,-1.1051613891258463,-2.058106538209022,0.0073967139513696455,0.32210843959172647,0.5529980008751699,-0.5395162598759381,-0.9997755717523291,0.9268271304751762,1.1731065616310778,-1.9395497974537859,0.9038435402668694,-0.04551420103075516,-0.6424198052771494,2.1108978624609698,0.5735374305439489,-0.1099190530422291,-0.15250027525170673,-0.7127655014122869,0.3301075541614598,-2.522788933833162,-0.8466061238297418,-1.3245161641524223,0.3155415233602609,-0.5595328080820786,0.3276715587228157
2025-07-23 18:18:04,0.3244624792846824,0.13557061538797116,0.8581793949280606,-0.47069935328296447,1.3856290661899766,-1.4228033096598784,0.6855850590302422,-1.4958987004928705,0.48582570700913963,-1.7843747563138659,0.23280457324266599,0.9171583393062905,-0.17895889309116841,1.6657160293546942,1.8429757321818465,2.2643952130169374,0.31303323478636164,0.051631844870137215,-0.7578545488201475,1.8573885825461678,0.24835876274742522,0.2823417927789684,-0.29079750103423413,-1.2610229723037762,-0.1347446348500482,0.9021233263067553,0.10706599700321542,0.26709659063238367,1.6249057823719455,-0.2026016406180717,-0.514501859477693,0.4266323899394429,0.2925078464156181,1.6918641655670301,-0.6443090425247505,-1.0345040568249078,-0.14254068177580298,1.9979284599682905,-0.8985547456718049,-1.1122765927972391,-0.06031674409069261,1.020511259771387,0.7762748020987912,-0.947471605113772,-0.19142503353497387,1.5125893399929624,-0.24527325238228087
2025-07-23 19:18:04,0.21056507693282586,1.4576009673920094,-0.42531632466195907,-0.46380659399762175,1.604654267725391,-2.505209269666841,0.46097459035149313,-0.050187635476697474,-0.534710739361938,1.9329503350600734,-0.40027311127558374,-0.7558591280122567,0.88251430397188,-0.8779332162149408,-2.197082378201369,-0.25649390389184057,0.09787832439472828,-0.4015901585232522,-0.7831803115661478,0.6736122475454147,-0.6822432246755183,-0.16640378785650914,-2.2236750071705176,-1.8160543612272009,-0.4466121017737431,0.26535036085049174,0.4997289739307988,-1.1616712321034586,-1.2011176302917452,-1.2105420454458122,-2.0696272379154474,0.6343281035888546,-0.733819591707588,0.9332942105597853,-0.07319136994847693,-0.40086868533950515,-1.1043387211874027,-0.4267045760441213,-0.010042999034978992,0.2604353988073738,-0.8059253579386924,-1.1731689100125224,0.990774134144553,0.8044465447191476,-0.5782760379946434,-0.3389793056856479,1.9245664108406648
2025-07-23 20:18:04,-0.43546319333975064,0.6077135586499942,0.49669236529851407,1.5736429752348071,0.8290376552469745,1.1719276461348451,1.1580448023037946,0.6042360251811264,0.8247302551305395,1.636649497995375,-0.9638140745789281,-0.8548253020979968,-0.5867386312922257,-0.44282417298477,-0.30896793541227696,-1.8749366770773461,-0.6444969590084246,0.06520903737251399,-0.07685391632219009,-1.896197931596592,-0.025380981056227537,-0.41892877780617427,-1.9386790337900328,0.08065872572716569,0.20660942680495537,-0.2597200471308708,0.8430862268151053,-0.2863811499164517,-0.47904785514236975,-0.4502999141949476,-1.500342486513596,0.5238781517315555,-0.5971354207927111,0.22729691726935133,-0.6880422349331369,-1.5237611567995808,1.4480511787668355,-0.7758765309028332,-1.2531086755230552,0.18137848161350698,1.9335996412925063,-0.7528618347074681,0.7744451780823455,-0.2939914352472075,-0.9381942720164553,-1.9343973051797825,0.03610810197187058
2025-07-23 21:18:04,-1.4249842014460299,0.10713749452990798,1.643442480996623,2.7977984742976805,-1.193462334442608,-1.028815724646541,0.35507471004027064,0.5104769930431061,-2.6379967497365846,1.1955033175189818,0.7674898773028894,0.0760309854960731,-0.1927548986281327,1.319219163848402,0.6422462777070236,0.3240903758375907,0.052286936429779614,-0.40050660530763177,0.977204086719015,-1.8821371883708733,-1.2989970427526116,-2.0437238189447084,-0.8247447866899248,0.8572226213957965,-1.4516248690491143,0.5090236016790757,0.571141046849267,0.91562971062139,0.599797416701134,0.7870566231794319,-1.9236285827774304,1.5337691294497766,0.07371575904076165,0.23395694515121424,1.4505778505775195,-0.7168478562164566,1.436107375321562,0.7562944920354371,-0.40575547946999835,0.7118495680004352,-1.2325086228636792,0.5459974779233228,-1.0714424854457727,-1.2468611911237863,0.9215001795457213,0.2879086360139587,-0.8614586356303489
2025-07-23 22:18:04,1.561099837041653,-0.47640808402223406,-0.7793211477241195,-0.1669905811635596,0.6725620473522361,-0.9134354272549711,0.4648240905187154,-0.6679037756054145,-1.8350959868432486,2.0130085286483173,-0.015445205917633726,-1.311202483176641,0.21123019531322984,-0.5330221462317108,-0.37134911789166275,-1.2610811441961742,0.6334351645239679,0.3131968133055999,-1.3417698892899708,0.4382942620716428,-0.2524491423454009,0.44983999597414814,-0.6451805685628605,0.2414627491636812,0.10680372703322687,-0.052379197472462384,-0.5074248134237637,-0.8199286631904258,-0.22908120311929742,0.5588210179647766,1.4672356706196819,-0.9264891073617865,-0.03265877157762675,-0.7495592034687825,-0.3613787756670239,0.4276005912141208,-0.24262668722264502,-0.2789144780780896,0.4648068558609728,-1.48335156431139,-0.279125052320916,2.57846780300788,-1.0688855583153756,-0.1332932306328667,0.18751096210268364,0.05557702577007976,-0.09671019263134538
2025-07-23 23:18:04,1.9857892678189626,0.6459721478221492,-0.1514295106518948,0.014088082557097443,0.2497178563684399,0.959453684453693,-0.5986175628718833,-1.428553930777924,-1.1674326567129838,0.8992870389152878,0.5888818337221278,0.9186677079283161,1.152414716639869,-1.820300747532275,-0.507263582159357,-0.16570351925201543,-0.7375471737427965,1.0063876364699307,0.2652397707464436,-0.9363086538383492,0.8768972216264247,-0.46559656490090046,0.22827730399836293,0.709566969292401,1.2241038628426426,-0.23851331174382204,0.43440184754331446,0.5344254537062798,1.1582223540126184,-0.5101660918784268,-1.623563577648579,-0.30752353315348335,-0.4932538712515658,0.6806534282214849,0.8217909211027637,2.3681996207667035,0.5722463913969951,0.3610577323220457,1.4988239459493768,-0.14168154318803391,-0.17416018867688668,-1.2976767202432982,-0.8577195273770558,1.17203924448694,1.4195222083198418,0.41316406976370035,0.9120124830518912
2025-07-24 00:18:04,0.7591171452005245,-0.4841132956677357,1.0178883934250895,0.8230333661145752,-0.3590198220203037,-0.13605340537072114,-0.15067047232507177,-0.9576318942012668,-0.7357810248341439,-2.274327513572695,0.13981979589829852,-0.7304801250654215,0.35379875646658454,1.0437548671669945,-1.3041460725329297,0.31690746197078684,-0.6568728082534205,-0.10147827765228841,-1.9923749207793557,0.24161205746859457,-0.1436037934595127,0.24673736976306448,-0.5367189416402989,-0.15259601615950313,-1.729285935715776,-0.2808405967553301,0.8397286515269602,0.9435853419294764,-0.6422416632394486,-0.07360186637578447,0.7756139216813792,-0.9937754734727852,-0.6208067242602703,0.5731200886525559,1.1549651656821585,0.5284173727699304,1.0127812157135487,-0.7735577129747041,0.4439840642452335,-0.5221920150241931,-0.7968017039154072,0.9766494223897316,0.2672557754015734,0.0008019964849864005,0.11925465849549442,-1.0821800285278291,-1.1771296107606382
2025-07-24 01:18:04,0.8078084817466163,-0.6373147325095968,0.981055954571784,0.700723009368163,0.47981560929487144,-0.5541501224432328,0.46330393900730316,-0.45108963682224995,0.6467329857070803,0.12160632183052693,-0.24052529765065625,1.0876110005185613,0.7768738872514332,1.0313260248654428,0.5768172302323569,0.8746347235006283,0.07204801877040942,-0.4249494572812153,-1.2890905319101766,0.33611777288831285,-0.3044337877717686,-1.1778163169870082,0.16604762077645902,2.3890746748439504,-0.9597095992874409,0.6658174240694104,0.41151348608234556,0.6649092519650661,-0.13771281767782528,-0.6495045171606396,-0.42232865410347725,0.5556401531031859,-0.016175828036399054,-0.318846912683032,-0.4171113011442561,-0.34490126149639544,-0.978496442241386,-0.3907469551627906,0.9972339011207415,0.5801592055287237,-0.9636804837794014,-0.6742322268215816,0.2672522903317503,-0.49471555009894214,-0.17643137773851714,-1.9063696432617827,-0.508308954691267
2025-07-24 02:18:04,1.3475518737887937,1.5167985451829233,-0.6132332490248644,1.1339096015317542,-1.5700355553496914,-0.37602975685668444,0.12311112714153914,0.23942414065917353,0.3127311956286036,-2.2272998853729704,0.6878196658028225,2.109106802243788,-0.0647886824934309,-0.6644273243621993,1.1947130405493178,1.0395250334973858,-0.39348002471710125,-0.7426490972696168,1.877759046277071,-1.374475096369225,0.392618178927477,0.561697164533305,1.333312739718898,0.6114720321970186,1.9123151216826466,0.8435050173988756,0.6370318437315872,-0.21653808180231943,0.49344215688476784,0.264161052672486,-0.2879503397425801,0.4299349088612874,-0.6578632795684388,1.963456503236451,0.42612092410726454,-0.6458850447735223,1.301093600186724,-1.474379205749236,2.0894398702738792,0.07873632110617217,1.8507614806890897,0.5078536917899065,-0.590214857923051,0.4678029479403179,0.10306013514864414,0.8886665589567606,1.1514555789660144
2025-07-24 03:18:04,-0.8892018303313637,-0.16767373589673026,0.2415157720687188,-0.49294785245966344,-0.4627628252511919,-0.8177001082832053,-0.41814049680608034,-1.134888112887345,-0.9286953606999779,0.3995702013125426,0.9311819524897531,-1.712031350726911,-0.39949138553506824,0.062405301365330505,1.4222169556437174,1.377298998322324,0.8776499434417465,-0.778092050957808,-2.528532331907809,0.045206668849290484,0.22311876119611412,0.11878699117468937,0.22835595585295804,-1.0459507351930541,-0.5720829542197581,-2.6042987038407337,-0.20260933055330466,-1.4542407726724338,1.1272578995064426,-1.1947700300332915,-1.26891169989277,-1.7036096301413866,-0.4142427183457436,1.6265703807217446,-1.8293343375178839,1.81226952908282,-0.215022412196412,1.1298759173316308,0.8712921841899446,0.8999191153525732,-1.460194308412593,-1.2007368817046866,-0.11096055156050971,-0.9168306465882066,0.12081130992598757,-0.7320871923040659,0.3028260329252317
2025-07-24 04:18:04,0.5568596515538518,1.2820738651040313,-0.3799683955091309,0.35342583733910987,0.15845917778479232,2.5651117427761734,-2.6744607553370203,-0.5788894749780439,-0.248549983011751,0.46185702543193163,-0.1512632710914633,0.4421901325396669,1.5602721544574523,-0.10677184070110018,0.4771670391288102,2.7531965531686646,0.05759720841528838,-1.133882250406998,-0.5987436197193483,1.3673552611896764,0.39350591632511134,0.7294525124601234,1.1126046613459315,1.6012929651955194,-0.1276130079483258,0.2391130605450384,0.15415176287550417,-0.0049681340317649,2.2769597792922145,-1.0179489116191964,-2.2858859317162894,1.241220026006417,0.04929614693382171,-0.18925176892998472,0.020895059735541396,-0.4589272913319677,-0.24670947632529225,-0.27693842120037815,1.398742580160007,-0.43953068295657827,-0.7502203402217533,0.33812873292120366,-0.7245756558244387,0.2136483507896452,-0.8691920867494314,0.8422398859757786,0.7487520556401922
2025-07-24 05:18:04,0.42514478311922954,0.28938190676880493,0.7565464917569941,0.04028380335336338,-0.6840509658194581,0.39147180634253026,-0.5758764296129794,0.0015753350284447105,-1.226792816135705,-0.7729253109421202,-0.4509374520395494,0.22317027149832971,-0.17777443856777864,-1.321312131191404,1.5647635432812634,0.41491018017304654,-0.970801440716032,0.5580485172151108,0.22806587579955415,0.6763303104030792,-0.8407499214253641,0.8353559604699562,1.2128617750203419,-0.8545353219253568,-0.012041828978456235,-0.8959553633432382,0.29753552400157696,0.46626745053509105,1.5399137508542342,-0.8028433115698126,0.6181320210574133,-2.631933405279486,0.0799428654262852,0.8307154504601238,-0.22687159316034802,-0.22237397415864932,0.2588814549391922,-0.9229931925619187,-0.9456658447970164,-0.9807346043376473,0.47746686216406015,-1.0911030822300662,0.3461247525032721,0.010723360287398929,-0.47432097405279317,0.6008493396320232,0.4389932562677716
2025-07-24 06:18:04,0.13948210100178735,0.9303763647356825,-0.2538409146968075,-0.10675844900936969,0.6943777767829206,-0.10794509084973365,0.9747553743213819,0.5906466525262929,0.6412205855640186,0.7057354109364221,2.6526970429076697,0.3551937386316687,0.8870398023895915,0.02925337798156454,-0.6210667538519611,-0.645666804329973,-0.9771242308367779,-1.111448768434484,1.7466810198438771,0.49054087256755385,-1.6589496073187202,0.9681620574836582,1.049828169069036,-1.2654672931310549,1.2057161118637154,-0.47524671537881236,-2.1218733900227047,-1.375758585915621,1.0195157189266195,0.10033634065389378,-0.7315222918015483,0.19541383014872676,0.03385905952495212,0.8146119245044912,1.2001903847612199,-0.7069312750902089,1.184299953354986,-1.3073843085285972,0.7391949650319388,-0.21779945355740502,0.014155189292266652,-1.5887557803858312,-1.136558777620076,-0.1445039156899481,-0.0580573326731474,-0.03316331811227039,0.8426018806584921
2025-07-24 07:18:04,0.4789956114331162,1.621181215813282,-1.1288704636560145,-1.5073749381018107,-0.20336581330462133,0.37227822339449457,0.5415457662783316,0.08976678881884054,0.29573617746683273,1.22607663108544,-0.3202599708692572,-0.768467706911139,-0.9736329120336773,2.091317257803409,0.010363901151559515,0.7968415713709258,-0.16985834437267405,-1.574553597818222,0.3572204443807698,0.09289834222832867,-1.4443182762363604,0.5445645756894192,-2.4870436416311925,-0.23198502961478898,-0.8722077318240229,0.12922019025791448,2.0628705118221164,1.0298777006420075,-1.242584997742179,0.2030652151500606,-1.09098538149394,-0.655343105586257,0.35238026189215765,-0.07200440512753944,0.23009770765049797,0.6755932306292513,0.027957845238002745,-0.29039419533090793,-1.408893580664091,0.5091820770384208,-0.9280707642376742,0.7807934986842592,1.2028538510485929,0.2699170396733924,0.7019370567285648,0.0481686308175055,-0.3631345725716141
2025-07-24 08:18:04,2.1237588033003663,-0.8613036118748352,0.39517249535559157,0.09204118755296169,-0.4750055797637589,-1.8643875573334736,-0.38988362041279906,0.5376271611956803,0.5744687351274699,0.05210782070048023,-0.8331923818499307,0.29851028137419267,1.0750692923017897,0.026098503649590536,0.005857512517536593,0.8859578377209211,-0.8960260372972694,0.3517105162794844,-0.823134007562345,-0.18576471040840056,-1.0650146123811597,0.06018599489473855,-0.8293933221756999,-0.7113112123402641,0.2704257687892352,-0.7766965292248603,1.7146220816673825,0.634882760659132,-0.809498046300462,-0.32285990773229106,1.5112392114810669,-0.6624104499848191,-0.3104941353622233,-1.7168415767864091,1.6950032402492456,2.509025971278035,-0.5801265018358944,-0.6966579456400465,0.7882534436362079,-1.0883656518027245,0.817365081758053,-1.7096397759647752,-0.70439348214568,-0.14202592973480352,0.33863180370153656,1.3560194553321585,-1.6941390890617718
2025-07-24 09:18:04,-0.3596871349217703,0.7069352780130511,0.06309277428795057,-0.2390577493699399,-0.43902637338351014,-0.6935750419732051,-1.8640474375775093,-1.3990445302719312,-0.6352187460346608,-0.005665667201035766,-1.28529447157114,-2.2616093654439364,-0.9320563635779094,0.8838938522579853,0.9313221678692389,0.40986177835756915,0.532535518390767,0.749719864432163,-0.5634418749873087,-0.8475797541599521,0.21513252746068567,0.7108997132384671,-0.010734856995584092,0.1266278242775836,1.4280135818155115,1.2380152655293615,0.11754279821490986,0.007261874122109926,-0.2113053903508003,-0.051246897839856614,-0.7986346173333707,0.6716202908955132,-0.793712241779374,-0.13153624933725908,-0.0020277855036728762,0.07528877979404297,-1.0352083151821732,0.5689686213993496,0.6458134461699341,0.6594130358570099,1.3157017324720757,-0.4233914029954878,-0.323920409954572,-0.9697878217546132,-1.2474905005145664,-1.36526556155483,-0.15201567902071142
2025-07-24 10:18:04,-1.5675509353826214,0.657877461677042,-1.1287985504671623,-1.2707044289174974,0.8320151852300686,0.8781889278742703,0.9676359783871658,0.6042496867078159,-0.8761163823366581,2.057255919336508,-1.2295025975041576,0.7742408199013147,-1.9534318945076417,-1.9248770146635756,0.3679478811223979,1.8414389818426637,1.5518032706778797,-1.4502517552855398,0.2569783487410521,-0.3496940589361443,-0.23826817700674863,0.5628069190078224,-0.2242305195410163,0.017236749255936115,2.1859264316795666,0.6915934629255377,-0.5512278482267974,-0.7298665923168282,-0.2911460552803422,-0.32735898270040764,0.5837131333002307,0.31524615422010466,0.6066394563712822,0.7131287932611039,1.208829417888835,1.5094521572390356,-0.9298488916547877,-0.8883416479724798,-0.2121795680069308,0.7698580075325745,0.8071029910747538,0.48430392906347663,-0.6058545217880572,0.3983856050876161,-0.6364089575065186,1.1046890773999452,-1.8134799318059245
2025-07-24 11:18:04,-0.09417173723143246,-1.207569960591899,-0.13403112181583254,-0.3482791682999466,0.8948604270324776,-1.84979809396347,-2.8330467421240044,2.4231491869961808,0.1350090693364999,-0.23188244314120282,-1.7104267068036534,-0.9126238451544909,0.46525672501771703,0.48340057692242006,0.5750280680460452,-0.16414789416152997,1.3516492091310106,-0.2732214080253974,1.771828799821492,-0.1379579326267927,-0.9369602565557192,0.9815761807331614,-2.2108824785386383,-0.8081831121422438,0.23743039699142568,0.27005291821703997,-0.7807399150843908,2.277174710133415,-0.7534689629805048,-0.22105647558970137,1.04115978672675,1.4673321184345998,0.08701473659145399,2.072277631913534,0.9234019756166962,-0.41492768384831236,0.7324729441158413,-0.32680525156363566,0.03245566770639901,-1.8854189008591486,-0.7770617856124119,0.008856376879257905,0.8978964536439646,0.8022380493336796,-0.6719565334203074,0.43599422642363,-0.2086091646032872
2025-07-24 12:18:04,1.8290685200979226,0.7570862727244098,0.23120274837937393,1.842227378520148,-0.6357991460111646,-1.7278832349226316,0.7479651449313263,0.8153261076918915,-1.3834593802674848,-0.7302233958076376,-1.9068872150026857,-0.999307172100756,-1.1155165046454127,-0.3127274061377167,0.1201586554150664,0.2775143813809665,-0.8164932592518206,-0.7829958666581205,-1.685511599260115,-0.12260635883409378,0.2528988921681627,-0.45891555947438956,0.09145275638859784,-0.9100708720624407,-1.6686780800300407,-0.7528369125287554,0.7291685852897221,0.9858088611676835,1.25542203366756,-0.6604579205845903,0.005771525189672803,-0.5461684168620322,0.527258582796171,0.3257053764047431,-0.40525871022343457,-0.2743737365019822,1.044371926233292,-0.3917870880460111,-1.1206572199549536,-2.240957013849135,-1.6173641937799148,0.9610677101775739,-1.2936475304613724,0.8659660242605055,0.6378593838729036,-1.546340026695559,1.2152939208865543
2025-07-24 13:18:04,2.5608903309238507,-0.4669389538426321,0.07408390850373736,1.0152169247927636,-1.6565592678944636,0.387664339673848,-0.06193568269709315,0.6533164410377215,-0.23851209264496934,-1.3607164592862089,0.04673438813622793,0.05474292725300939,-0.8858038206567822,-1.3682147731851952,-0.4155316250194602,1.108735264223871,-1.3179036376452586,0.1755163802416758,0.452186118073524,-1.5373945292679028,2.0980322716773334,0.10023224484617511,0.9082756859777864,1.0243903946478892,-0.1569995866178418,0.8323575904805354,0.17345981279652148,-1.692807838622324,-0.24993162098397756,-0.9643254954115412,-0.07135044422074587,-0.6855168098399876,1.9063807037318314,0.3644024380195294,1.3101839710945773,2.76498391443787,-0.45575254937657234,1.156991384781997,1.8647594061516457,0.5517314883334401,-1.3712887815534518,1.2905774253348128,1.4229291116767453,0.5831022828746941,-0.7139283074252291,0.039486879353458376,-1.0038649997972957
2025-07-24 14:18:04,-0.03311972672351672,-1.681175228099106,-0.9075881629448658,1.9548768848342082,-0.46656925810344047,0.05980292058432265,0.2385477890084139,1.7921926392053484,-0.8349684345525488,0.24335540269316638,-0.833321834008282,-1.5693613195125704,0.38549511670838865,-0.640654338790318,-0.06256918589569585,-0.5147340276680488,-0.7117193687965423,-1.2820114590475111,1.068570719370632,1.2904739906521068,-0.1510086006589689,-0.5496727482291323,-0.5194465053182856,0.5404933977717774,1.9432955531113654,-1.8480764132089837,0.008422722602578456,-0.9671702050184787,1.355920451868708,-1.3348890957292145,0.04562754102730682,1.2199750422102866,1.7796513552947029,0.5052078638481701,-0.04059219601042604,-0.6978720648892958,-1.1301507015392303,0.6292010610058133,-0.7514867346805589,-0.7881702119321027,0.3983698691122612,0.014418038383857868,-0.4705659226520901,-0.2754468248577396,0.4284240229763496,0.44808673452518805,-0.10633850012362046
2025-07-24 15:18:04,0.47660670828272356,0.22737040881667941,1.1040095298524502,-1.4598750466125399,-1.6584344504057045,-1.0974529578099033,0.5683738347015093,0.6742548523071504,0.7753601193309715,-0.06336504978121302,1.0534017713885557,-1.3465015877671693,0.009520503152149381,-0.30224239375191353,-0.2987498207133659,-1.1261950646316667,-0.9704039588520718,0.07027607488260967,-0.6115834565968594,-0.7917602289637881,-0.42519303976738415,-0.03777059710546286,0.3574611175320538,0.1459877679614645,1.0212034676687034,-0.6827372786087982,-0.8742065272511681,0.46430908791537073,1.2449330725835466,1.4514933170322601,-0.4631028200887929,-0.3509346190967955,-1.2801214974780424,-0.3547645144046757,1.2745478946620614,-0.10896617567719809,-0.7449350711507802,0.1264527068208522,1.9232818690169717,-0.05575934631975439,0.11517879676247879,-0.43951274994818756,1.3858994525769563,0.6384815183785093,0.16849281716733558,0.3352279224485905,1.6363834521411762
2025-07-24 16:18:04,-1.0945201688742254,0.808929237284051,-1.994407364618478,1.4202270272726465,0.6233290605205267,1.1088597066263506,1.1568755263088424,-1.140398109359963,-1.4105594125847354,-1.0228175112590867,-1.3353676873474776,0.09057241038654176,0.40489922054829264,0.3994783154614771,1.4325199153681079,-0.8625643656082992,-0.34828287614546866,0.6489077161440023,-0.3659156650654998,-0.09267987509512768,1.1217925899570862,0.3147467781070343,-0.7177992119776435,-0.18604249308249168,-2.1225034404156764,0.5085537733921015,0.27473124543457156,-1.2324496032567605,0.9295106981310454,1.0519314803275102,-0.2748618895938958,0.009143619442611986,-0.4635462349902401,-1.181765615558623,-1.1277340288180402,0.226590914356449,0.19234414824565849,2.467623486612123,-0.7526344849126139,-0.4079955189935462,1.2574399975857744,-0.015087948926842057,1.7196402003882858,-0.30228563866503333,-1.1213109833114308,0.9398355821125439,-0.11983765352509765
2025-07-24 17:18:04,-0.9351983515501743,-0.14330886974665993,-0.7119441220545074,-0.7296939171027522,-0.6942521177776522,0.29113013033675406,0.19284089793954373,0.4271473086259297,0.41251826501091393,0.7865548596655901,0.5847931604416887,0.9453566938925564,-0.8414417327050916,0.6684312846459488,-1.727756688805091,1.2182755364645046,-0.25127776257071666,0.3639261775795079,0.41947045155027757,0.8436077497389636,0.15037841558104365,0.6692839585362665,-0.08125690047614417,0.7034460314217655,-0.6849641118143496,0.2713752333360853,1.0196739065844012,0.036457970882885424,0.3435697571063032,0.5244788704392329,0.33555551831398317,0.3863624934332782,1.3563207068655896,1.702101528213399,-0.46427612885805897,-1.9249185895267074,0.09482145114686408,-0.012891591379672078,-1.3007964445261724,-1.2983184248720199,0.5067626162761404,-0.8033514873821777,-0.03495198977536086,-0.3504829106664379,-0.3345864005972574,0.5426805348084612,0.5018857978466783
2025-07-24 18:18:04,0.800669222641034,-2.123990154808979,-0.18829764239289812,1.2392946210077234,-1.3321419408621238,0.6680110636679764,-0.19744647353721748,-0.21401805198776408,0.5732490434344324,0.8737097220072676,0.09267244827486487,-0.21180974230048902,0.16853648681455602,-0.0951207674888022,-0.570069901144244,1.7782819377658818,1.9076134271740188,0.5179131252901256,-0.07301893334099539,1.432596025718828,0.11452782049778024,-0.30573702170333006,1.5685474660056458,-2.9470215555272796,0.5621477329945673,-1.9342688903634713,-0.77312023313079,0.6612756580750803,0.4636156687031243,0.2151316554065189,1.4161369165376536,-1.3806507533353167,-0.5936771282791479,-0.6424348316389747,-0.45127710441574076,2.2356002855850554,-0.6871020324199928,0.8509913230571254,0.3610628422998512,-0.7570480136586495,-1.0552297956408623,-0.7895934005972834,-1.1426472397612755,-0.8477897945371365,-0.2744048152061994,-0.2582547062251906,-0.45651086609529506
2025-07-24 19:18:04,0.723137288579778,1.078635512526517,0.2959190611853143,-0.46950564258409594,0.06812619414822282,1.9611522994654667,0.599053880321044,0.24896235900548724,-0.5047229519626057,-0.7100488537265698,0.6767417870223821,0.10134029615184063,-0.3632854499762269,0.3111710116243491,0.478442169557615,1.550663369495906,-1.0606538301739437,0.7032120911515065,0.9554502751829343,0.7500938620508782,-0.8007115369217673,0.7947665036504831,-1.580996726209434,-1.5681176926680496,0.50969918192006,-1.2260691070417344,-0.9296995437036542,-0.3752203240697427,0.3100919446115253,-0.7722988405388495,0.02925722990927747,2.019818891301623,0.986962089875192,0.8636518984738943,0.9203879592946533,1.3802829094552957,-1.386805071537323,-0.7026368282365983,1.6307485931189676,1.4404151244580572,-1.0746849025963725,0.23359201585111938,0.875510697770338,-0.8913671243329901,0.9678432178530229,-1.0984711702491303,1.001563033911344
2025-07-24 20:18:04,0.844974275072643,1.2105769311166044,0.22671371875095303,-0.34460041346816256,-0.6148229341426309,-0.28850141939852475,0.5819974192628496,1.8504591435338125,2.1304047931592107,0.31021135901920566,0.42797573978790576,-1.616463410860222,-0.1640012327206662,-1.1599550807494874,-0.7944438874948225,-0.44872555194648106,-1.3419356913290725,-0.6341362032295066,0.39113901133243256,-0.018011810793047086,1.3813731281261357,-1.2837518957279968,1.281012815509487,-0.3028865806681717,2.3566141322349,0.6427949217890564,0.8533398846038548,-0.097859254157906,1.5885276737618041,-1.3281361477690494,-0.8025991820768624,-0.3373694613200984,-0.059104467539117966,-0.6995482372100819,-1.5490810433714945,1.1576936900931634,1.2802887949018418,0.3959934871922927,0.5024073960944413,1.2324059542329693,2.6191200513692365,0.3082457782414976,1.9312095133581053,-2.0100337947962044,0.12960905408754314,0.14400801260871382,0.6113746524360563
2025-07-24 21:18:04,0.4653892174745925,-1.3327899482030439,-0.5288005671286484,-2.5560768826090015,-0.6735744063387374,0.4147651635029399,0.5252662015826074,-0.5128217305524765,1.6444825338862181,-0.7010477239988315,2.008019929609969,0.15285964423685658,-0.06356831140125954,0.4897616317606713,0.07492057817877708,2.073698456560512,0.32677741762933754,1.7040121615823138,-1.3247942416904017,0.6801836040071232,-0.15139611775872552,-0.6462607107801298,-1.459749069827452,-0.8179295169735468,0.24797918912171743,-0.9935134673737099,1.9344227743168638,0.1261399147731941,2.0087454515190806,0.42117053052873155,-0.5104457648876434,0.5885281645203286,1.0641019189045093,-0.05584136345156886,-0.882988216491168,-0.9160642961274071,-1.1176682396923503,0.23101127669330423,2.0126047464040786,0.1793291392989092,1.2136180680223576,-1.4455850897403912,-0.5393171280637423,-0.1452624167342413,1.1402970996612278,1.3141668910503754,0.48182558700672357
2025-07-24 22:18:04,0.23726555575973213,-1.3120039112743176,0.24477230855525084,1.631227374191228,0.04820396721436132,-0.5834391261710029,0.8692727930684224,0.9991050600652028,0.1414242723203896,-0.7712226147170023,0.8236587438700677,-0.5016066353998022,0.5254248922074036,-0.35610084228729555,0.11755991809585109,0.2788424006107496,-0.5966815779126025,-0.14785767945426667,-1.58389718443533,-0.4622030238541127,1.785965963606584,-0.17274767572128705,0.9200790125530589,0.8384111251102523,0.7516774445880023,-1.440776096234604,0.44421334722552214,-0.04840200099898755,-1.113828997186345,-1.3005000133092612,0.8398288600605354,-0.7555385748408955,0.6702740588159274,1.330873676365554,-0.9737010451223524,-1.3250808732512478,-0.2576883105007818,-0.13178829255539357,-0.6108186462171881,0.5647714425691592,0.180202883106738,-0.5072061597119176,0.48750798602409645,-1.5620340413845402,1.3626953396572943,0.6554009478195914,-0.5653829725397663
2025-07-24 23:18:04,0.7759676970770476,-0.9407436053010281,-0.6085019486109067,0.5142154990358045,0.3409520400346213,0.7933111012229658,0.4636716972888666,2.155465976366469,0.779197298582662,1.7149728654926688,-1.142811672783604,-0.17797779578482195,1.7186258817035256,0.011531040963585986,0.7319910995047472,-0.21147874443474093,0.03054643624531168,-1.6017573198862345,0.8733851084706483,0.03340150304423784,0.41030262103428866,-1.728882353593585,-0.4036093409389527,-0.5927237897167469,0.22667406260858836,0.0794624685672208,-0.15979749296097015,-0.4213270493532357,-1.4021599256842667,-0.3269549989853773,-0.6872485589586929,-1.0724897859889129,1.7710580633806094,0.25331063950725485,-0.9789800119315485,0.8998238074663655,1.1085910461256,1.071317995619464,-1.202887415808227,0.510388214600353,0.7011393297755156,0.7799502644441716,-0.22373183729608487,0.695465177683028,-0.7877238833514495,-0.8715037125485529,-0.07285933915152483
2025-07-25 00:18:04,0.9007212906137428,-0.027294367714585363,2.090777657859407,-0.6209454171321893,-1.5489381736703496,-0.9159801234792192,2.3629673345091025,-1.8727238919451552,0.23403520401933214,1.1168566110016753,-0.3449454495204145,-0.44376596426182446,-0.5219668982840037,-1.0051618357368157,2.2456906191494164,0.9592220122178843,0.335133379500531,-0.07052683224061486,1.0708416680206778,-0.6345376081440036,2.021805678864536,1.734940257301831,-0.7497356948014386,2.111543644441402,0.22123208306502448,1.03769411722289,1.3185600728391484,2.1154992876637637,0.25421184838012695,-0.46893267289493135,0.5832744138826973,-0.21848729081433435,-1.0991238931940148,-0.20978438981911363,0.3900645890677464,-2.2023445437350375,1.499618561942651,0.38729267837016196,0.15681327508947496,1.0827622789361688,-0.7414566044147423,0.7684150160940714,-0.5730049906400504,-0.056721451407158195,1.1357640774677609,0.1437647477134321,-0.8237975380889481
2025-07-25 01:18:04,1.414512277753918,-0.09859525618009898,1.0447722676026396,-1.344683988222156,0.2824090211929257,1.703722364977202,0.47109035125665555,-0.8960079633830648,0.7805651573583976,-0.5475720281118301,1.1111871644339384,-0.2988345847188311,0.3262767828087039,-0.5086853567811659,1.308214343549602,-1.9771906968021904,0.9206560125454946,1.0601799737962365,-1.5619211763371768,0.9694594424615323,-2.023406906044342,-0.9099176687285319,-0.23932496301127867,0.5941697393979516,-0.09666241580817332,-0.44976978996298156,-0.46278789763842787,1.1871124122146959,1.0746169538613806,-1.0019735783809431,-0.058780210225930815,-1.3732742475810296,0.13410927510204085,-0.5492668982179332,0.7604482335686261,-0.7682194514694572,1.0197185082969464,-1.1084419636175589,-0.18739755336001873,1.9161578082973387,0.23327355784948278,-0.6212640449694518,1.0550572835823142,0.7812548369092824,-1.2481680542442752,-2.046663230175091,-0.08007023579908401
2025-07-25 02:18:04,-0.6971716686185224,0.1634123154702239,-0.32897004463953666,-0.10936247375543412,-1.5382539107135262,-0.9751305882141393,0.8172545187599877,0.3031783584438319,-1.2808090041087163,-0.6668080519845422,0.878909210509976,0.8978296230796148,1.1532626758578766,-0.24030528154810904,0.8492916272465945,1.2373433749912506,-0.05589425110046885,-1.2640021809713142,-0.9221779998389231,0.7788868959329414,-0.15515053474421006,0.731115021905366,-0.8228093709193129,0.5963050337629047,-0.9305476451435434,-0.0010626119196818972,-1.644193851993793,-0.47784654195477977,-1.709050857978071,0.5950852743973506,1.2112622846475771,0.322528288496697,0.6751078385645126,0.6735887160829652,0.6114158341860528,-1.5179476731587485,-0.15856156968905488,0.10972919569831094,1.4312497550134562,-0.9354971700998999,-0.15066414546568152,-0.5197170841042149,-2.1384512963736175,-1.3073791653807536,-1.3313796926022077,-1.4363548970844715,-0.04231776926671308
2025-07-25 03:18:04,-1.3650994957518687,-1.0141389772185592,0.20487317312152864,0.886513314678252,0.5149452199950361,1.482598112052408,0.2710618106625447,1.9108201570584773,2.4869934132992833,0.3663163071708311,-1.3418854663303057,1.345611133801376,-0.7015196499587476,-0.6828527102533999,0.1090084370190876,1.403571842823284,0.5400272820963651,0.02309226039075985,0.6248847567095361,0.4343714823970034,0.4749619644255019,-0.694273792635524,-0.33294029984545614,1.7792334777880543,-2.110767459960102,-1.5575806545313746,0.14455535747863504,-0.14516472480419895,-1.0931645754148636,0.3603200225420662,0.7300883063141518,-0.3995928455596956,0.22460971251887596,-0.8490459463922225,0.9780037071919897,-0.3484308505131851,0.05439341687566715,0.11664141682315697,1.2599189340831576,-0.6095461575233392,0.11180288735601325,0.6942033974800931,-1.0281103963762777,0.1229543585707116,-0.7070741426138328,0.5051541538046719,-0.7722838357516939
2025-07-25 04:18:04,-0.638946847104176,0.7950377445143852,0.9175589555290133,0.5436354084632452,0.5677392305047947,-0.9619496188747945,-1.2637658052236505,-1.4571782674392741,-0.5845358813683713,1.3494854746603329,1.1669619471734873,-0.7086381182381537,-0.24885050318190458,0.5361323407118723,-0.3219662046904279,-2.255941707607382,-0.7596920882420596,0.4693985931285553,-0.9844363588285955,-0.7176360202561525,0.9538445426743863,-0.3926457007620312,1.4386856866567832,0.7526229042990356,0.5189408669093714,-1.3765387069644215,1.591844128364934,-0.25239421069211787,0.7234959392998241,-0.46563225937411257,-0.5250704255031919,0.09818938798437107,0.46672523209429445,-0.05866969585694984,-0.6757041796064129,-1.41465916362918,-0.8546966034167565,-0.13532523972461563,0.3536419811342379,-0.3183404655247207,-0.503549155302672,-0.17328986061917093,-1.1088976887703554,-0.10142404183155873,0.29305036090183983,-1.5460173282039094,0.09234765957790295
2025-07-25 05:18:04,0.964391376783702,0.33642879070631293,0.7353414706339072,0.2656831256072822,0.08334894482978619,2.6594652303323967,0.8236538550675584,-1.1163511574954619,0.5482619367301677,-1.8908807765893874,-0.8754010356208163,-1.4146998034009661,-2.262245784258592,0.739597752358665,0.7697983588957342,-0.38439933758923356,-0.18948119888837422,-1.066728237358943,1.5770997937166453,-0.43912702294891387,-0.10704938872350353,1.3115043185045627,1.8743916365965814,0.0418163146856358,0.3117278778461525,0.22741609530561127,-0.9423897383541517,-0.5765211357984362,0.024943685449828227,-1.1368458626684501,0.10823509152205397,-0.2334323296858293,0.5191943299953299,0.1360965565267939,-1.3476415754910864,-0.03624936062070536,-0.2486722013341751,-0.39002818800050515,0.49612707063628947,0.12702988362700374,-0.5643063073165804,-1.169202626725182,-0.7377125962944404,-0.1772641978989483,-0.5440562727892924,1.1684043159603488,1.2451162602341652
2025-07-25 06:18:04,0.055521199846367816,-2.6540395065628553,-0.6470150971688279,0.3080606349165949,-1.094452626952022,-0.4666635687148822,-1.5519255502775964,0.005440669209246775,0.22482809560258102,1.1701449962773498,-1.5420488451129852,0.9594051603100605,-0.9901305292378336,0.5554991242904501,0.6829365027737955,-2.250884071252146,0.3438784461486276,-0.1804316976969161,1.406897283578048,0.4317334140969062,-0.046515007815913466,-0.6395659582324048,0.2145601478913588,-0.38492743598138396,0.9625496242236309,0.49576157568697093,1.643055026856707,-0.6702400549888498,-0.32463338198289876,-2.822535355082894,-0.7540830435456555,-0.11158173721172503,1.6374805754423738,-0.040193892504651677,0.519351678611146,0.8517517294959439,0.4149118505712363,0.3753662897119078,0.9478768555524832,0.6133692769938202,0.60916040620809,-1.0800756708086647,0.6109015154507085,-0.7983864840729537,-0.9009953836171597,0.5736137924899075,0.059615863963000254
2025-07-25 07:18:04,0.5503624320239879,-0.85636273530786,-0.592377109714788,0.690010420692653,0.1708871007941822,-0.1208556272525195,-1.0807101533856311,0.16133226936488304,1.6232479370145079,-0.9815416681040892,-0.46075849589592144,0.6474111117326827,0.18889032397624803,-0.25825121058526657,0.8517460572103982,0.9811537950298566,1.78291041099823,1.8231224040204985,-1.004206734852049,0.5702365908033097,0.6965894688325791,-0.8757820884713206,-0.18519809478352006,-1.3166532295387274,0.3066204162974377,0.7902761818138324,-1.8911802337097205,-0.8299516170171567,-0.9552919759434629,2.023032841875393,-0.014865416449238765,0.3937441691373306,0.3173524435517036,0.9450185699265327,0.5272758382673818,-1.3422144559406142,-1.1202967901124479,0.6255642596169615,-0.8111925104013736,1.6894524321252018,0.09576552306010232,-0.6542910479475856,1.3218504076719342,-0.53392164342404,-0.37660252505035746,-0.07742765309183551,-1.4293153020224065
2025-07-25 08:18:04,0.8525640114546473,0.35344554420854546,0.9981314641827019,0.017428792065786125,-0.44225003219973386,-1.1713571791753907,0.8493491484596074,0.6148790212352889,-1.3476111639493527,-0.26553230796854355,0.7268010959497676,0.8644364320033324,1.0703999571761056,1.0447347459993999,-2.173342064323593,0.9365750608182306,2.2381487766437385,1.6549201416821784,-0.7160086384098704,-0.34778347593716785,0.6062607179705458,-0.6381087265454146,-0.26845551565232706,0.36184933935634866,-0.5304984177542226,1.4379680548167246,-0.4724004232237518,0.48510175799786803,1.2569403675648148,-1.5734666850995502,-0.8406507714654148,-0.6602844860681671,1.2840470733848306,-1.1763524228427946,1.1423524873276028,0.23623048569133837,-1.6542567327442066,0.23242567905368933,0.02212556958244703,-2.1023855646926286,1.45481787774141,0.08690242230614596,2.4133051684129043,0.14573136563633216,0.6600621546378984,-0.5751933020235054,1.5269161006916208
2025-07-25 09:18:04,0.2146308808260768,-0.23973260918640546,-0.04125918640049309,-1.2972507679258125,-0.4275936040181693,-0.07744409202092656,-1.0702710994396407,1.5599421146255035,0.12906869966068946,-0.7165854583059159,0.23796095567388972,-0.35215759178581874,0.803097959521309,0.5899158192425622,-0.92447934271666,0.6257752059587658,-0.7045402965115047,0.7197711745735249,0.7153175378526162,1.8090913796470263,0.5528331963088263,-1.9395394155658914,0.6832795201030741,-0.735858176520814,0.10152752619542774,-1.1434966493220597,-0.6307161055325012,-1.305644538928122,0.09568034213149568,1.197164883505359,1.4301010321834535,0.47324107334925275,0.4474723952375656,-0.4024321784638095,-0.6687578175405755,-0.37235551516427057,1.1304125246938617,-1.426918322710198,-0.2695754319661688,-1.6292338155893613,-0.7510759009781213,-0.9427565979818857,-0.05512477560454492,0.7943941024577756,-0.5008672149070518,-0.30871232925467573,1.1606431099327281
2025-07-25 10:18:04,1.6762817132612533,0.29748780312608164,-0.3462291124386499,0.09685290500058708,1.2725509655906155,1.9941059775990828,0.05691397967976765,-0.17985528606840828,2.415023837778528,1.70396088863737,-0.09216074110158551,1.016743731985331,2.3381742222750166,-1.2930412907398594,0.992479766457974,-0.522014669717496,1.7532167461797241,0.7415123632557438,0.07312114639556866,0.8862376804188555,-0.4551814673984917,0.7510569460214024,0.9167641863239823,-0.7633923527410607,0.3224609035185156,0.1391588117290133,-1.1158595510845766,-0.769492374737375,2.025130801632053,-1.2852947896813363,1.1735201586418764,-1.3017165688284817,-2.3024871025722535,0.5203335833407474,1.5916568173990016,-0.3261190576088621,0.9692660276558296,-0.9661746323417544,-1.882437999016397,0.9587016279012305,1.8291647936699837,1.0600009056018245,0.11977011749825352,-0.610785444510698,1.1648563596740888,-0.7570320009864556,-0.945367752935432
2025-07-25 11:18:04,-0.16895049621475536,0.1911298313580594,1.998934981276352,1.6777863294536806,0.05308212385587458,-1.81307807973384,0.7172504217141883,-1.345758486391229,2.2905446182256535,0.1669216395305968,1.2593682916739648,-0.31767653087954506,0.2839815964770568,0.5191572650301718,0.2549713415423407,-0.06332784111475313,-0.9656100829474547,-0.8272566894131212,-1.7461805343126993,-2.234738403619346,-0.5304596696406588,-0.13315337798770083,-0.3968272932369197,2.167770698044397,-0.7004588746655394,0.7170373188865938,0.5719443964630081,-0.8470306096581095,1.590138236696119,1.3392875316287332,0.2859884991099252,-0.6086081874895151,-0.653260068940297,-1.3071940959818351,1.4840288036779588,-0.7400318976277671,1.4929418996685702,0.7468616268967443,-0.3875693170711443,-0.4603748135633303,0.5475145962041504,1.5902574207934983,-0.04380542199185919,0.7249900682832163,2.1470180974722264,0.6895049267288855,-0.35174491441203287
2025-07-25 12:18:04,0.07676558093589524,1.2608094941628802,-0.08767414011722817,0.7180989751864949,1.7624247113984157,-0.2679815217666842,0.9882772027038746,0.31742716537135873,-0.7352113269808249,-0.30165110176931975,1.012908146818661,-0.8993700421646834,-0.8546334356425271,-0.04185003234129334,-1.7560883581281022,-1.0516892102864246,0.06982562046033906,-1.747819392872666,0.8147617305357006,-2.1453526424416025,0.632983706764314,-0.6591208627958248,1.2932229713886347,-0.5400682873287351,1.0141755961470587,-1.0683536811925798,0.34830035169677054,-0.05441464059419512,-1.1253292083668411,-0.1040288287306981,-1.1979591327045194,0.1621052950751743,-2.762161575692437,0.3415558948136583,-0.4130437226914809,0.2338039091162978,-0.3795340537786536,1.06989226295637,-1.7936052401058604,-0.6212607917442351,0.32866651391778,-1.5385410978859588,0.06050678826069996,1.1468909590479828,-0.8071353855292314,-0.5433673207195471,0.7103903567126507
2025-07-25 13:18:04,1.004520429189522,0.3279245557118671,0.21253964245621274,-1.053542749839404,-1.095851915111395,-1.4879264898367077,0.3432694085879911,-0.7192347834550187,1.0272176938198267,-0.20998698652808775,-0.5710348021103341,-1.3748625374990737,-1.2464138722468103,0.0489307913437236,1.6191342133808846,-0.9283490129301928,-0.23094714819645695,0.8125008547236751,-0.45130590628397094,0.28926011750872754,1.5740273186333005,1.0443517749658366,1.6543418001425758,0.7165300362887165,-1.4447112097841017,0.10820398878857317,-0.6693282667163478,-0.9653583274973856,-0.9535386071023733,-1.6441599319363605,1.2248617338801289,0.499297389516734,0.09462391633596844,-1.7228848574560138,0.1240637194886875,0.8591504495060369,0.731105256295256,0.9825293401244779,-0.7852323937341879,-1.211974488248629,0.5433158186872906,0.17681272666039666,0.5357984284210525,0.36706033101037805,-0.601004184970484,1.0146999580743032,0.8616092748149465
2025-07-25 14:18:04,0.11105125949908795,0.4169980783806957,-0.7383563764729837,1.9433024656043272,0.4639581676458512,0.5441540395012265,0.7190450654309004,0.22946028351017853,0.6876918001618477,-0.7385333366331696,-1.854973345384856,-1.2491608583983473,0.9805016678264485,-0.5393263910164269,-0.36377680950077934,-0.5719006822524575,-0.14854704225009255,-1.2331471498304039,-0.09164583020266283,0.7148405737557522,-1.7920957479026023,1.753061047926572,0.8973688133427028,0.7050102414691293,-1.5693120590000142,1.4374982299901615,-0.31191776074731864,-0.03224106309326554,1.4373082091021538,-0.22489811540463658,1.8221167393224527,1.5432695236856853,-1.0720189479292974,-2.0074990746448202,0.04358237284738744,0.8166747028256801,-1.018578781671139,-0.011738430495175312,0.879694091243487,0.1536138673871285,-0.1199013414734097,0.660237842828215,-0.48656177029086584,-1.3829442572523503,0.553545761210788,0.6240848464075411,-1.5831200652013317
2025-07-25 15:18:04,-1.6919679647925328,0.03732585716926224,-1.052112832419207,-0.7056764449058636,0.537444820160979,0.13328794417048548,0.2259773259091941,-0.02010033560318378,-0.3791442076012487,-0.7219960960562678,-0.6689457819381571,-0.05997014158335297,0.18356470707391115,0.1579163668101978,1.713848906460968,0.7573131463893737,0.07589715194110636,-1.3553996416766692,1.3954925972705599,-0.6098201330533255,0.2444835131431174,-0.37009312687050316,-0.4748074402695857,0.9004352184521626,-0.4038617498558142,-1.3043011919793654,1.2530589966624917,-1.1882123583323523,0.7459156564511235,-0.44160012329148063,0.48496063719378274,1.4540949455334955,-1.233836218695506,-1.304628300777702,-0.023343897979967148,0.4251417409057866,0.9023987222902725,0.027063963804571853,-2.252329354685418,0.900664969804928,0.6565289320204997,-0.3766999027590546,0.41412573069751707,-0.002328375199591458,-0.16158931889553907,0.566573874692523,0.03568717082182089
2025-07-25 16:18:04,-1.1395208205568634,-0.23896729464301333,-1.407968986458348,1.5930271023588771,-1.2400110018305674,-0.5635605177360019,-1.3297027812663056,0.062180255716187724,-0.5707724709834381,0.09741610921962725,0.341593027936976,0.7111288749232969,1.372289056590683,-1.482105053308515,0.37762532421096806,-0.31924436024509156,0.009222360724844187,0.12522068243191276,1.140103210947498,0.8169393336053359,1.5972578054267668,-1.206903384888954,0.12343862767260982,1.9441978625797869,-0.6918044687254382,1.0756920723595884,0.12766888429111545,0.3751692741146647,-1.5323003740938919,0.8101770520346969,-1.3779678107435962,0.5806038470844582,-0.8195280899248464,-0.4827828137436315,-1.6837344738140094,1.4357905486693165,1.941119051631167,-3.1849729527169552,-0.8413211143586043,0.07070006061158654,-0.6373583143002054,1.9351067390858692,0.5507543398407427,0.9821445858241775,0.8374399129494646,-1.8008972351374497,1.2898588634997321
2025-07-25 17:18:04,0.4672516562123928,-1.502967428618595,0.23946264810388593,-0.30272536071440537,-0.5045436248783228,-0.3378049558404977,1.601780557542837,-0.6809094064644813,0.5480655106643333,1.0745705538974089,-0.4301227361323211,-1.6465837317695153,0.5299857462302948,0.20351910594287864,1.541694977800625,1.6709318944660432,-0.9558793031939258,-0.04626394871043796,1.5483643508339977,-1.252456097439707,0.47795359904953105,-0.0837419690096211,0.8690585394933986,-0.6166740976754008,0.52824217137411,0.636043172185658,2.1657332313662634,0.041439098429452974,0.37354715481916506,-0.11632128957530095,-1.6854826072559297,0.9160753424732536,-1.2529376806903216,1.4502160244979696,-1.2918969823027746,1.5800045565188963,0.0686890835121494,-1.2215623028095846,1.4181021152417008,-0.8990334309112469,1.052265480406976,0.23982819115413523,1.5027658541517102,1.1428321872839993,-0.39392857695278927,-0.5491768685087043,-0.644892389718852
2025-07-25 18:18:04,0.909176960167843,-1.762038456587494,1.941135709664293,0.5817527424319583,-0.49229406197559344,-1.2737132660484085,0.11724090980535802,-0.026936785796345786,-0.3014668746326463,-0.3442637633653592,-1.1523456953995732,-0.2470293028420559,-0.8516350684273208,0.01877133927427929,1.137609564992869,0.34323633764958594,1.496208671982906,0.5221940522642157,-1.028211924026981,-1.2732591770861408,1.798928067415075,1.4911620976077946,0.08502382868695219,-0.43479003481180883,-1.255103657486214,0.9104237880490554,-1.0448942781021537,-0.5181414275140274,1.0757545474064865,-0.28897130618417927,1.3981510406205555,0.7166530918159948,0.27388897499527504,-1.2981075463938845,1.2746112639856833,0.3393315880763579,0.0028395354976994995,0.2804319954724476,1.5628681314532507,-0.07887257647095787,0.8926819564070492,0.3597912647219431,-0.34532773510627873,-1.1031748919158075,0.3396017877294065,-1.233032791398451,-0.012083907248007132
2025-07-25 19:18:04,-0.20910480948058455,-1.1062738941566037,-1.2917178225187762,-0.06709077120787169,-1.3351281316507888,-0.13800514426711405,1.190405664605957,0.20405135788876802,-0.616819771734581,1.3688314998058937,0.35197534078186693,1.2238297838389598,-0.6478998372675312,-0.7518358802859296,0.07355361212984518,-0.9342219520880402,-0.009439262273084668,1.1556850407601171,-1.7065490067052045,1.1390478395395218,0.675232676647302,0.0499668804562006,0.5885484332781833,-1.5135322248860794,-0.26284241503311856,-0.20961487782902843,-1.7946634441968115,-0.966002306844848,0.49058699025905544,0.10964480463990188,-0.6139170504332556,1.0578595153679502,1.0616577038742796,0.22285664699143623,-3.0723810223316743,0.00702738387599137,0.34004079265498566,-0.05460687863316801,-1.5024489184292344,1.599414407230801,-0.02545463906324683,1.01927583345211,0.6378313248384085,0.16079743873379027,-0.3119072138311343,1.1150741396459158,-1.1063044871591021
2025-07-25 20:18:04,2.186577066031532,-0.548359336697082,-0.15386756900260345,1.0521313294391619,0.0854751645228028,0.20610087807861466,0.6876114779193931,1.3059398971875948,1.154148168479412,-1.2559373756468837,-0.03549321114492989,-0.3160053297226265,-0.6166397542954297,-0.08605579220661483,0.02449214253436641,0.061396546817708154,-0.6706302270343372,-0.10948721899496192,0.7422783136557471,0.1805194094683158,0.1630621663664006,0.05144221517866314,0.8800919733265221,-1.1147408959397342,0.04301030455065884,1.0486560907850766,1.8986600984927415,0.8209960655304271,-0.6996255524032216,0.021387977639610572,-0.5756660427027487,-0.6890015900588252,0.4550937511568648,-1.7448782267442782,-0.3976449677177725,-1.4725045283634914,-0.7994375796993947,0.28371353324367976,-2.4614039461234647,-0.30903367839451923,0.46263484816780315,0.6950895005410891,-1.740434301541037,-0.4085167682034767,-0.02026593964684607,0.1761297256440897,-0.9708287507255872
2025-07-25 21:18:04,0.6951882383637195,1.2268637124365067,-0.03428366705270152,-1.4939983354525912,3.106095237073839,-1.0002861593386965,-0.3837254160231072,-0.18065109050086015,0.0411069847662312,-1.1713367759965563,0.9485608559587714,1.3748531152686865,-0.27241379200701354,-0.19716579491816455,-0.5249826952142204,-0.7190219788050868,0.118078692457326,2.395148868258183,1.2348791769351353,2.1528941225342897,0.936194622896208,0.04626448601864232,1.5783262092012456,-0.4824439780443612,-0.29812469174419304,-0.420852328233151,-1.7762062145652338,0.009608140987649607,-0.0881973182413155,0.06780688606382641,0.19428771165221292,-0.5741276472373231,2.3673711261364216,1.5680934481887985,0.8424229168386509,-0.4063725080066147,1.158753743439681,-0.7382419533841433,1.4987455021636844,-0.41471694542155163,0.7052844424770788,-2.5017928149964983,0.032142360211424074,-0.36255610275538647,0.1435193312650575,-0.6633922485846868,-1.648310932972201
2025-07-25 22:18:04,1.2342282295632503,-0.16565875836260727,0.72153831830905,1.0026845222348553,-0.7361795762268435,1.2008309723973536,-0.3671724994966247,-0.19736748925034708,-0.9261088684550687,-0.17727492953995788,0.013077466410040229,0.06951785773775157,-0.9310983214665411,-1.4416967866065868,-2.4250817655962575,-0.09037373781506224,0.5176533542316297,1.3569736925811042,1.4333146321479213,-0.28404402850405197,1.0652440026637517,-0.523005683645471,0.4210630530532559,1.1168765021387157,0.27318339681750103,-0.2284581617668703,-0.09165921912382528,-1.2825393577586437,-1.5301853678693955,1.5312270641326318,0.6330107658298535,-1.7739348770985106,-0.44390308043791143,-0.2140703669315042,0.1545710028934664,-0.6654193679990399,1.3613810402619586,-1.7220778378425612,0.5773708235862026,-0.8740812013487791,-0.2509050624468593,-1.2819868895924889,1.4674363459204776,0.796537209608744,0.5392868583141865,-0.40536243425909346,-1.0746111290404299
2025-07-25 23:18:04,-1.445330603964654,0.8155143780669217,0.40850019756422945,-0.5311769304152936,0.8825548890006837,-1.16134751839593,1.3965622264171256,-0.6675801682415982,1.4982487984094017,1.0354609752370378,-0.5400158831038566,0.5612921769214126,-0.09424024164020231,1.273908750685858,-1.4201858827557974,1.6846537062669986,0.6278793613781113,-1.268840855710753,-0.886501747472387,-1.8209691889874453,0.0971085991062801,-0.5944164255069633,1.4696403052963516,-0.6956510463470859,0.18201380319062976,1.8604854630752086,0.030384476030092405,-0.42340641235531307,0.948519780350923,0.4182385079903237,1.0298450501546155,0.5467022671317685,-0.54173073978589,0.1341552509127163,1.1200113086400263,0.8235889659193437,0.6888779269317508,-0.811786687820207,-1.8343019687479096,1.5479376079564082,0.3217033032685923,-1.1214606909327471,1.1571618760191733,-1.0568423042042587,0.42982298537785346,1.1354370087499677,-0.3416699876520538
2025-07-28 00:18:04,1.0159501347721633,0.5316073134511168,0.48509603203813106,1.02831968607748,-1.5120823649491615,0.3988324744349682,-0.6837330439118846,0.5226444345295211,-2.32756221502997,-0.7297371940323348,-0.09853367218787644,-0.510402926682718,0.7683181014712921,0.09968828886365058,1.2890576391631088,0.13426776756150965,-0.8003064731744882,0.23287006959399892,1.2235432697162298,-0.12533049929279827,0.4251312642056457,-0.8488416535665763,-0.8799372055075056,0.1036990426538058,0.7744587899463077,-2.773295424444485,0.7010463444968855,-0.31408614959645315,0.746975561186666,1.2935592085161427,0.6884128894859692,0.6336751622045098,2.1987696159461736,1.1441638239203142,0.42982718288875593,0.6447360030268285,-2.6908288041085155,-0.9135584584364014,-0.7423954853500662,-0.9970092950376801,-2.562779853480229,1.3776469980597685,-0.8751870438178067,-0.4076084173462363,1.0505585653949927,-0.5108281632372162,0.20867900787811702
2025-07-28 01:18:04,2.1165213718523015,-0.22888475833913602,0.5244588748275754,1.1388458424026981,-0.27366816555556384,-1.1785225672094741,-1.8393640634427184,0.9099590713339263,-0.06448810724663054,-0.5656385472023399,-1.1040716656995004,-0.34894614190638584,-0.5155997405201598,-0.41580055311711767,-0.5852398958140272,-0.025907959459184563,1.0872295804846221,0.05230052176577486,-0.8839169615968562,0.4534445757766648,-0.5596170159796592,0.5173865872843258,1.6639967059507161,0.749026044428274,0.5837916270308814,-0.7567832523005785,0.13313180618636883,-0.21482389684128295,-1.8857484235880209,-2.044191076106636,-0.3517948327744391,-0.05242027158576778,0.5136324667697584,-1.1985496087553644,-0.8228760093938243,1.4709206951253144,0.34838388658400116,0.17596402812242962,-0.9135408709512088,0.6645612656712602,0.12221333287450936,0.1092331829306967,0.900260053733329,0.5263303573657446,0.5076329817090249,-0.21511227038369074,0.17621870937549772
2025-07-28 02:18:04,2.6385867326231183,-0.192955132758068,0.5043449497593132,-1.4188025849621517,2.3072858042386,-0.672803283020267,-0.3281344785487266,1.2805578881358086,-0.6633102421345919,1.3818026258804175,1.1848887413807019,-0.596473789913012,0.2307603640503218,-1.401478081800751,0.9912381010771792,-0.11166795246611426,1.01731628981551,0.6567208832144348,-0.7375808305054468,0.5241840132381542,-0.1520783947849064,-1.1157559126578556,-0.06183759072384994,-0.40904725418689597,0.4572474300547093,-0.6530227987801325,-2.1645266406007626,-1.1087785149694107,-0.2582496057642113,0.2784996126524327,-0.30615738225520445,-1.4017619509849475,0.8784303523204445,0.556100973627161,-0.5829935809150775,-0.12321199421563273,0.979281382150755,-0.7039554766542838,1.0908221006951864,-0.44137120551503756,0.25252496576438976,0.353664646860797,1.518944722800512,-1.4975564528656264,-1.1299560716345298,-1.0833058075958109,-0.40471452106935196
2025-07-28 03:18:04,0.23987318602829386,-0.2790272486160871,0.2915288413783841,-0.4335245217381261,2.0383094093467333,-0.1255410739919318,0.4440550796053578,0.11156421337859176,0.6132436756503226,-0.6907305720372663,-1.3982771523468436,0.09679504635425805,-1.6179607717901778,-1.125551448248091,-0.366138277745464,-0.3348672124653275,-0.5825630081721955,0.736937674963831,0.659606595420441,-0.6354506106162988,0.5880245084746772,0.6631450847183252,-0.7578430043882771,0.9164618141705163,-0.7832290241029032,-0.92540177153201,0.1826508252202397,0.03991907461678487,1.8631101349834474,0.04425359436422109,1.1182053825473615,-1.293734099643051,0.8217373431623699,-0.8798318514635294,-1.3012229196023912,-0.43215329380685263,-1.9059086012573445,-0.49486449616727873,0.12107899471785294,-0.17348717706327924,0.35827540923310375,-0.21131252660131628,1.4022328048574568,-1.0598129247090846,2.411001438401011,-0.6326687797195742,-0.5851269252082073
2025-07-28 04:18:04,-0.748822532857363,0.7342487700781477,-0.052124642550812963,-1.2794203228141228,1.5210802138293786,-1.1511810097602662,-0.7363704324597341,-0.8420580361075719,-1.7472790158006177,0.5291560888284916,0.4148375228955525,0.17105322831556136,1.61936730509095,0.07577312537514981,1.2599640835028718,1.2574080340296796,1.1856053591618703,0.6329541064355061,0.23602441160086393,-0.42254746877367383,-0.4723292805135074,-0.8966240742433444,-0.3963606361341996,0.32653312871479884,0.5536815187448283,0.17287115186849084,-0.7824968014262652,2.079230344018974,0.8119985048154114,0.5202013502964641,-1.1422208863514725,0.07960773363006331,0.46443557504639166,0.5419262742629785,1.5819817674825802,0.594476691488482,-2.2214845340096154,1.7097414715669985,-1.078880003927238,-0.755756719259218,-0.13769103780051598,-0.3261870769214882,-1.1191430002190266,-0.6172067510436656,0.7066559024556103,-0.3466384626915975,-1.86174917239543
2025-07-28 05:18:04,-0.9552208141159535,0.05394342560666344,-1.267953922311069,1.149371020945605,-1.1246563765640307,0.7258978723584119,-0.8785473651079813,0.777060592982831,-2.3946900937716893,-1.2952571704796272,-0.6437033441159715,1.1062573731322334,-1.1343292978809056,-0.6805321088365623,-1.9213055937451435,-0.3161540598060967,-0.7789378469286942,-1.2654108217232647,1.557094256377234,-1.0468349707347357,-0.4568169926878771,-0.5521701741643883,-0.21539278917211732,0.8452689079372991,-1.4628964354029375,0.2709172719809572,-0.5214317841809284,-0.5284919903855494,-1.1693851689186088,2.243875347767602,-0.9626985075847762,-0.22617164170759507,0.37471296219524775,-0.8284485517411643,-0.09694536683095163,0.7556071756310073,-0.0003503553777083672,0.6567653213935626,0.2040884476643792,-0.5331509386732454,1.1803212056884045,-1.024387194201047,1.562538962997496,-0.9737677825064186,-0.9027988592344,0.0025538430999580168,0.17141539463234778
2025-07-28 06:18:04,-0.736566147566755,0.6496155887096724,0.6168419267995271,-0.44551686472250096,-2.0463496468314246,-0.0054997789584589,-2.055536876790506,1.3018674710237532,-0.47703902666762943,0.7972996798521098,0.4656796032872022,0.5049731396114521,0.3139235192030323,-0.9231806890386951,0.22430242569140602,0.7885435636432105,-0.07344326810213309,-1.1261195380691233,-0.6769676820810909,-0.31610137149686257,-0.013870785709699867,-1.1780028927378174,0.43097254233446314,0.015184604364046212,-0.4802010258439905,-1.8047221067041963,-0.934449935732902,-0.6139163157476981,-0.3382073275570684,2.6427900637980133,-1.1209282007436427,-1.0606453334176602,0.4371615145426305,-0.5063732346340835,1.4636317341608098,0.06709204542736003,-0.31003050858323583,-1.16795634318726,-0.14729778019089756,-0.3482695433821097,-0.5584997097827957,2.0394449579349816,-0.6590078816013427,0.9202928814643202,0.037324337165028816,-0.8574241255188516,0.6912346687477995
2025-07-28 07:18:04,-0.9936304841827244,-0.12129676567550401,0.1652483686244835,0.6741434162466706,0.15787573669817342,-0.04510052640313346,0.42402701993584635,0.8969285179198871,-1.2179540513261313,-0.08699110442045996,-0.8652433316213906,2.431109716623807,-0.93305914847551,-0.4957856510212005,0.6254653486965496,-0.25813294417166033,-0.08402812852357128,-0.011120040564897415,0.4150402351340624,1.0685208774839092,1.0227754618232343,-0.8037315049385558,0.057762453154805056,-0.5036395032682768,0.0632703959371327,0.14904193610049687,-0.9089254085674733,0.7176758313540293,1.7030418565165382,1.0794691025393561,0.9944689002459902,-0.587451466360614,0.608613140537391,0.7451664975377887,-0.0569877091134514,1.5989609003154446,-0.9155994779834745,-0.10570027709521015,-0.5578417025684784,-0.9792794483633013,-0.590159689485908,-0.9158908930218607,-2.064025333671198,0.27201599389767034,0.48318331612095866,0.03825410377987041,0.9693815129265932
2025-07-28 08:18:04,1.8067147080056647,-0.612799224134676,-0.3177153708546674,-1.3374082758374717,0.3681704985894131,0.2651401526897567,0.9753736776406157,-0.30392899070931456,-2.614396881925518,0.2700868772233316,-0.5342887047147599,-1.640581847960147,1.0639882066975075,-0.25013959058662194,0.8513137647177607,0.7186356597172998,-1.6860716963642712,-0.7828254965123697,0.28449447937386824,0.4087818114809764,-1.4236749978860173,-0.18445482768115787,2.5456064001453558,-0.07728275356441902,0.9917456350430233,0.4149503477227779,-1.0534937586830113,1.1515062511989633,1.5634892791869675,0.121911907633861,0.18806061303581564,0.1950395315104379,-0.500941274695651,-1.2629588159458425,1.3907292510587925,-0.39642710545373744,0.8466128137049709,-0.705005498469483,0.8220504408982969,-0.2080252584176877,0.4593277347066602,0.023864077488147506,0.5148567445946816,0.8435494599040155,1.5574836150577245,-1.6330876517569763,-0.5782700560919621
2025-07-28 09:18:04,0.5353077296622034,0.9948076657372842,0.3969869791732081,0.08863122723397412,-0.6157858755353626,-1.0645156025301472,-1.656156166823711,0.5843839541170214,0.1029078326780606,0.5565730045376888,-0.15281631531815693,-1.0367468790487129,-0.09947500176105542,0.8514500855887116,1.0909234907247183,-0.014831925166579493,-0.0677835562762485,-0.5362759480403347,0.1569734272057638,-0.6038848558741057,-0.9519272204090907,0.5333667993136456,0.06387751167363082,-0.38896717254299323,0.7629752531632943,0.6867128905736403,1.491535369881052,-0.6546827883166972,2.654276927249357,0.2492730792496924,0.015410888142096645,-0.08086881539536013,-1.5217456187994678,-0.9766781719705317,0.31792685603348747,0.16747780603326326,-0.38788797049251317,-0.5113567196180637,0.9696432875883619,1.0137387158169382,0.08060623800813954,-0.5709758234090693,-0.6123773623529237,0.21832138139697913,-1.9297750738839412,-0.630631884046801,0.29354079789462656
2025-07-28 10:18:04,2.000700851905449,-0.5195388989470306,-1.081356092639761,-0.4313099273154619,-0.5182529734424917,-0.05180100032023411,0.8250226828605315,0.64834149298841,-0.8548793015751951,1.9131620299437433,0.4115406593084484,1.238406977639093,-1.0430668380502035,-0.35240972969687845,-0.30215635017581255,0.19680650073814018,-2.1096367571222028,-0.6410492242779708,0.7518231142449727,-3.755007803103171,-0.7506056184474931,-0.7287472898061016,-0.5269194143427521,-1.0690032959401259,1.3612582384878105,-0.4358235664330893,0.7605514778646125,-0.11205329493846619,0.008883890659414001,-1.4649194514649944,-0.41654297387071837,-0.11351025689245842,-0.5232666886743309,-0.7432170389031983,0.5439304610874494,-0.1750690351995082,0.4565292101435586,-0.0375536076451238,0.05006119893901587,0.41536877413802253,1.037185048699742,-0.1738387822956145,0.2052054762513144,1.0631491590140651,1.8736948596742127,-0.36968113526158025,-1.4161267335058916
2025-07-28 11:18:04,-0.08944461367850777,-0.5442862771260812,0.6435644020433978,-1.1443168205781482,0.6576871648024609,0.5986777691016424,-0.6892333780280044,-0.986977510136867,0.823407439705524,1.2643617520508774,-0.9937593961331608,-0.36529306648401466,-0.1693278066069307,-0.6227703932804495,1.6911864116355435,0.1945868798381713,-0.8023358127916184,-0.07175455185969491,0.9294956404226633,-0.0670408879923444,0.4832742178834873,-1.7805861555828624,-1.250663042557198,-0.8798073411857874,-0.20480260801182912,0.6764148105518574,-0.42512770360057445,1.3660851928804214,0.9871742310821106,-0.5283468726016789,0.36074111842356565,-0.22606471272392736,-0.39473536773035456,-1.009633002609973,-0.3264072095971706,-0.033840017562329655,-1.9242283077704567,-1.0397018399456843,0.4171204651788297,-2.3078415184366765,0.48416863295766105,-0.06118172547729569,1.6545767864454668,0.10115481516280321,-1.459758144800771,0.1005486240463383,0.8448527422487626
2025-07-28 12:18:04,0.7743770995037924,0.8426258613434603,0.940127199269279,-1.110776618222426,-1.431601961479945,-2.5106766533029288,-0.1481193024436615,-1.1651057237689153,-0.47477843989002005,0.32373712399293264,1.3655193198791598,0.3817580865872687,-0.9324989479849867,1.4146104114826292,0.7237975921764741,0.6257169820258913,0.08124287391528132,0.1306528503337422,0.3523948669484117,-0.6376401027177776,-0.5383244864207926,-0.12685631757179983,0.7977745622490419,-0.052142161037388904,-0.4828720351944348,0.9023265656027915,0.6322210971909488,2.05193495754794,-1.3140289174244042,0.6458400516680052,-0.49944397497257564,0.15788288858657185,-1.804919485007095,0.36792677401409846,1.8293383795137765,-0.7146039825892692,1.2810090381356491,-0.11485154656531386,0.023970776849643095,1.6204151082295957,-0.5805213620224523,0.5507908130496169,0.027442425125555735,0.08821613971005159,-0.24409324561234902,0.2505872413638186,0.4213079161683959
2025-07-28 13:18:04,0.18040740249556764,-0.8043059139286062,0.15335113331847236,-0.6988502902342949,0.626122915799863,0.6485327685629382,1.366139146596984,-0.30415948753724664,1.0311530813227323,0.13927016049410756,0.5995074403140959,1.5220168586660445,1.1666698078698645,-1.8229302441355677,0.11036845786358182,1.1656849913125096,0.26126111713332845,-0.31232270016142816,1.2603605950109416,1.0866024190437944,0.5587963517372159,2.1482079350326067,-1.7242484391806443,-0.2885682263923136,0.9421151026646615,-0.5622467934646219,-1.1617792398299005,-0.4365268867514216,-0.023943613335843703,-1.5672382566241783,0.8807552735167444,0.033834310178460836,-1.7625090212647987,0.6886409496970489,1.1571405047616863,0.49886321635122843,-0.987677963215073,-0.2304380916001784,-0.014343866018930708,-0.5253504158636536,-0.43804546275220796,0.48843712409820333,0.4475580119066668,1.256254312768517,-0.6422461758828153,2.0035834990386703,1.4602216371818744
2025-07-28 14:18:04,-0.5863479194808724,-1.8630944216488854,1.0795305833761006,0.6509733963157568,-1.4366455493465717,0.24316650504309872,-0.8806023342999636,-0.40272878104014753,-1.221934247957253,-0.29876605731535333,0.2709970272833027,0.24850217561614565,-1.549504760926919,0.14255685545953747,-0.4358898822045389,0.7141307373345944,1.1649085887576038,0.2597375209344101,-0.38217624687905094,-0.3425172497872208,0.5774662347091059,0.49995047492374617,0.5542889042105977,0.0050080058742007156,0.9077877555053835,0.08197735956573479,0.5303610411493359,0.7636145842778463,-0.3575806119370468,0.3386865560399507,1.08848792162915,0.20480045074479342,-1.1584117730445032,-1.3924346268649352,-0.3444441842235179,0.09802410709618808,0.13204171516298327,0.38099987879930386,-1.7218639594694667,0.16669992470069492,-0.1336907867008339,-0.008384897779727379,-1.2865618199879199,0.38143524123340206,0.32857708825518817,0.5457579955679203,0.696700131625183
2025-07-28 15:18:04,-2.8438587992828355,-0.20630595732337353,-0.8134631491940303,0.9453029071847968,-0.016003681947028982,0.15319241313373197,-0.626871969195162,0.12063067742080581,0.31641537363903444,0.5859774128749748,1.9783459656507958,1.118069791096091,1.1189456314296793,0.8788810553306307,-0.3939950630082386,-0.994904631440615,0.5476201597394248,-0.09042234440241448,1.0041992474138988,-1.0746909180140838,0.5533520075935311,0.3405265865969829,-0.037488644596898726,0.34615862688393645,1.7199126096030088,0.07513168166321897,0.20943934048180335,0.39626665565094565,-0.08909830612945166,1.4275503891353805,1.5311722870225593,-0.31298848011245034,0.24177071976409178,1.0071183998404363,0.6446994305383666,0.5674149374670326,-0.5262429768338551,-1.7118838063604882,0.5910437539484219,0.15812610465613813,-0.9383477833213832,1.0635978102926151,0.1436688166227458,-0.09220911436062572,1.0463775232739552,1.9644382122089816,-0.4675297137560056
2025-07-28 16:18:04,0.046584656060887804,1.8692719885719011,-0.3118653320587289,0.12685715698496847,0.18383963303685943,1.1784288788696649,0.9817600940607476,-0.42620300647622167,-1.625330412662506,-0.08167713162618406,0.16095533071410303,0.1864137946336725,-0.06585866453076542,0.3666468867938551,1.1062432782404725,-0.2933571375757883,-1.8712924108392814,1.1587000675987476,0.8768768662012246,0.8933826789530449,1.3073341901410926,-0.09218815366094187,0.5925873615189616,1.555013120324658,-0.7587826932992512,-0.21761055899884058,0.3385687179421119,-0.2186497481785429,0.3730368529198773,-0.6085315808783424,-0.41511687198145863,-1.1824364381495354,0.07368096110159615,-1.3696081589770364,0.006759939418804,-0.2110661492243468,-1.095453024181784,-1.056896054877998,-1.9895667354980862,-1.1452764741567236,0.09752436781904533,-0.13297499703182786,-1.1581319640761203,-0.10685304954737623,-0.33534283704109996,-0.6568626459352568,0.7797592425289468
2025-07-28 17:18:04,1.2345060228695364,1.4888150903202382,-0.03255139949854771,-0.25141032298476357,0.31440887603710543,-0.4896283612120019,-1.8703656397223531,1.3262580850232497,0.3879537113162473,-0.6136819193480657,-1.1264834691154402,0.07991848326708136,-0.09247964451465467,0.29430703225196414,2.384779484837218,-0.1670098917429259,1.2936977985064195,-0.9853413636460568,-0.11180582849925243,-0.28667851091017016,0.6014449962950955,-1.6191046439809675,-0.2829920350883296,0.37273496695510605,0.5792476384761359,0.7017912851830481,0.11721396849418654,-1.366854255653518,0.1787058231984516,1.1567045134546308,0.7339003398891873,1.3148969032233602,-1.9882989456205378,-0.013326953058004153,0.2641348650652947,-0.9372416614079886,1.3046951101470707,-0.45464743081360187,0.8001692053382155,1.3173736914467704,-0.21618053171784635,-0.9032479683711193,0.9767676654347618,-0.7354075306960385,0.5016477886481502,1.3602641794388504,0.18374760362210169
2025-07-28 18:18:04,-0.05241964205973492,-0.3757572076996405,0.6917876215748666,-1.0387078624228032,0.6216495272029043,1.6127031294045198,0.07485207037908514,-0.169040468611917,-1.4434117892726712,-0.23367094663980364,0.34158087864149844,-0.47200332466557987,-0.063619516846335,-2.1063188172954335,-0.16940603783196465,-0.6206183439276205,0.46633201572789873,-1.6255271179107558,0.2305257088609533,-1.8515804286989146,0.20888587666257208,0.5155820486768007,0.9129378969746357,0.335744138697575,-0.5000870458159042,1.8067559342633401,0.47855286636576466,-0.7169796207401868,-1.525320111074793,-0.40230025510969336,0.04749461253512629,-0.3373132428787163,0.8699784581028608,0.37921022159060774,-0.06806630808553427,1.0007844856332768,0.6665670958310284,-0.6920268645890832,2.2092199303784437,0.005885491001757608,0.39770064504978647,-1.8134384210273378,-0.20485454486592536,-0.7509522261600025,0.17210635591290382,0.4365689766293413,1.0283300373885982
2025-07-28 19:18:04,0.3473426048002986,-1.3148849076372544,-0.6137669883342034,0.3382853814627346,0.6466107625454193,0.7373283521356486,-0.201384687205356,-2.2752326313878024,1.1947171014054547,0.8362785017172686,-0.5656566030717667,-0.13914445560374267,1.9885396767727448,-1.3238214315372063,0.26318526265537967,-0.7302172512306324,2.1367212414131767,1.6611683806370328,-0.5078544567902497,2.1554752035750515,-0.8674507509123994,1.0491874446600082,-0.4564398099333363,-1.2573857244404416,-0.015486524094184525,1.0327844563001156,1.507165089220761,-1.1912823608830871,1.3975247298553908,0.481733121708858,-1.872143874635691,1.4762913985798833,1.183761188565051,-0.7913553180630457,-0.5569624615255349,-0.1073476230222511,0.028244312033438475,0.17992524773847365,-0.3942442079383958,-0.26469756398963074,0.1876125527267102,0.23186993500180847,-1.144865032491921,-1.427252902885703,-0.9412653875047924,2.130340140736984,0.5253928583742046
2025-07-28 20:18:04,0.02401940261980807,0.1912227437474029,-1.6224838799638723,0.9049676128822943,1.2678413523720307,-0.37535393633121483,-0.29529876889471784,-1.0121039775824188,0.5336861334465791,-0.2110026456229811,2.1446642737928148,1.535260313564431,-0.5223426460040025,0.5091211527642868,-0.37236123041549735,-0.20898511034404066,1.7073410721591604,-0.32203230965258833,-0.20054966760261755,-1.5669940103776148,0.04682423150148721,0.9230792358120471,0.11482815738587895,0.43893322730363465,-0.7278871841472291,-0.7007259427256181,-0.1361212626688966,-0.774606070530493,-0.9839380295193985,-1.0981758218535447,0.4510711244572444,-0.8749744928270035,-0.6090378462692826,-0.19150640721968848,-2.054439797641273,-0.5278610752796459,-1.8492570698756652,0.4369372743331169,0.6193471689422053,1.4481390391268896,0.24125529338908733,1.412384961868407,-0.16259097457569488,-0.10337275601192504,-0.505493317877726,-0.1898477980423804,-1.3690123371403202
2025-07-28 21:18:04,1.1101129277935866,-0.6120187965569908,-0.015427038091703088,0.43957797228438966,-0.0769187414881168,-2.116812701601617,-0.979258858979903,-1.9361532943622106,-0.38650440556680166,-0.919833694921584,-1.0218461185946108,0.008205416933149804,0.8721457262208642,-0.6786277901461478,0.9697796818674443,1.2224034370038894,0.40571435446180304,1.1799546369423761,-0.49400620712941506,1.569060683504995,0.7044346875365803,3.2935627561480203,0.6657137812219963,0.01650104203852531,-0.7791926866106218,-1.1273230967466195,0.9809464674352375,1.00722425849115,-0.5305407893914218,-0.8911050987344215,0.020503953340654413,0.8640492984318161,-1.848959839356946,-1.299708220759169,0.8293347877315461,1.2423771544486797,0.34445995165331605,0.882881198544785,0.05717777476378189,0.14132689533921183,-0.41636037250458274,1.3903269931615618,-0.6863250034226333,-1.3530710248021802,0.7590332473391667,0.6415285794327503,-0.7304870661713717
2025-07-28 22:18:04,-0.03350827409232916,1.2273591758011217,-1.5568912097847871,-0.5318576387500892,0.1009497627502403,-0.4691033871598762,-0.9614066458618626,-0.3305808365425834,0.29915900403906187,-0.3296508027511355,0.9916987270494377,0.431350510740439,0.30012833908690423,-2.2960332011443527,0.7233669009173184,0.6130222951186886,0.6635886165302887,-1.032943843210961,0.4290172123448162,0.35043290392482296,0.0292204678700006,0.8731521905001178,0.7524759664805561,0.1807932150216064,-1.3886037194998537,-0.5534935041494036,0.11542445193876204,-1.0787318811595807,-1.566302944255027,-0.6623333301068126,0.04685662716097813,-0.8612539417988897,-0.1369410809150752,0.5897669708508699,0.09054025886269118,-0.29726070434494317,0.05391539252202784,1.0152208706354582,-2.1092464551563963,-0.3431793321265178,-0.6801023520096877,-1.854827030768726,0.7385922306140575,0.8341392455199498,-0.5423872143019625,-0.5197551451197201,-0.6947223922473522
2025-07-28 23:18:04,0.39486538975854246,-0.16911377620679463,0.794692958913238,-0.5245264099937719,-0.046176657144213075,0.3823236683335475,0.19412496693614822,1.2458317746056322,-0.45571136020755987,1.342912476917868,-1.1694811434478716,-1.7201819256023378,1.1731489076343133,-0.22730417390804522,-0.34756339603663566,-1.6965167894555726,0.6303399250075603,0.35865513907576846,-0.07440355431519717,0.8593745060957783,0.32769459761144937,2.3843962407621286,0.06133033377601264,0.6236400898775637,1.4078305581590347,1.1930781336556437,0.8580768991932397,-0.4875087205359273,-0.7892387936243903,0.6810473581675448,-0.27545368934686987,-0.9244727183797746,-0.4243037061136351,-0.39407962394512086,-0.4991024207138448,0.6024871440240325,0.8394081809854904,-0.07137656238285235,-0.7338289783155353,-0.03620765011114344,0.9980256594263891,0.7818806248441106,1.0835971735226,-1.2482077131516296,-0.7919605176618276,-0.6712064948650251,-1.1136126027213176
2025-07-29 00:18:04,-0.9362426531226388,0.7388056691716522,-0.3559944806778585,1.391113602840622,-0.17730245063460617,-0.7701209502288697,-0.8804056054644742,0.7164812459126612,-0.19606865138979035,-1.3626130565939905,1.2621476895592176,0.17301942000212228,2.7413905776348724,-1.1157120394456863,-0.25733797218747567,0.7330060804128875,-0.9998819460316402,-1.287850151272716,0.293841098316507,-1.4520057833668343,-0.25198566529709876,0.40108707938218957,-0.7961844567477893,-0.14267000883230843,-0.23247877491141763,0.7978990292523889,-0.3178943248069429,-1.5736921305242977,-0.4306703981485046,0.8476186005899586,2.1628833312336777,-0.30714552020684605,0.8993306485166054,0.9045192288405509,-0.27104657492940076,0.21122094411799144,0.48514410645802397,-0.6666258854269839,1.1995721480598898,-0.5707128365904182,-0.9730082929304595,3.1445981162371495,-1.0803737378239442,-0.3236078113635608,-0.8977795195781503,-0.9497154371061497,0.15385469059941304
2025-07-29 01:18:04,0.12055571812778416,-0.5859941535875695,0.03839281556376931,0.3825962990676275,-0.56052202990269,-0.7150661905804792,1.053477868845802,1.4167424289957322,-0.20665127383827278,1.8719114566033939,0.5196127137320155,1.1144248075780767,0.5799064485464084,-0.7115179612871593,-0.6483878736492357,1.4838925608536357,1.1403412263192185,-1.0205103770308954,-1.3593907433012393,1.56135396715283,-1.5782356627594032,-2.7344684092780067,-0.45701300821010205,-0.4330995567201711,0.9794196249872298,-2.349796920520245,1.5078035228280962,1.1032204037672582,1.228464703742584,-0.4147901523312142,0.1302927973051453,0.47602124909707877,-1.8366595109750081,0.2419086506400883,-0.04028848659155533,0.5096522914385864,-0.7829615138068079,-0.483763743771932,-0.6001830456035658,0.5240943276632171,-0.1577411369929486,0.1945779710968544,1.7109462195223983,0.3896138514612093,-1.0496004732459696,-1.161003980637978,-0.04426450049584606
2025-07-29 02:18:04,0.11573475648086519,0.839853974663614,-1.0445591890630894,1.301134558672601,-0.6512570262852828,0.6381639005093076,1.960492613104718,-1.8143919311365346,-0.8478563331688937,2.0147131217807766,-0.300392047041913,-1.2150714945387124,-0.09130258235489122,0.5682155279622135,-0.830195387150109,-0.28478682914363584,-0.9615438588088542,-1.7701707104506528,-1.1968317207545578,-0.5324792668166028,1.1650307634818131,0.39181943307766515,1.7723782357028972,-0.03421805078817081,1.6518089880143112,-1.8406279294844532,-0.047971622408344246,-1.2141771287599334,1.589576757051554,0.2350977776450628,-1.3419289756885266,2.029212744706713,0.022201742461208863,-0.47914139073578615,0.060938059958565105,0.7179312207261151,0.694365765675425,0.53270702212155,0.5128043730077435,0.3989024920941654,0.44844560731221456,0.45288304394168877,-0.22571010041166073,-0.21366798013728067,-0.3240445974232752,0.4476699537937893,0.37950262838915066
2025-07-29 03:18:04,0.7457857339943773,-1.6177823285709654,-0.14987159613465223,-1.8080528277008077,0.8950235565490581,0.6130685890235549,1.8318617521161547,-0.03515875123602215,-0.29809323583861197,1.2358044122589138,0.6050723046566758,0.008048131311313851,0.11472365065270487,1.735912594612682,0.8461829762456939,0.11300043176413775,0.8084300167637523,0.5213570852239234,1.2561082667608119,1.0288837897337284,-0.1345390453714384,0.5386825033869278,0.4893974730484336,-0.8588937253514183,0.0876957349276658,1.4736184484589747,0.672177038933781,-0.14424277007868605,0.9354254748313957,1.2617182514307443,-0.21708281865181514,0.6272755386676159,-0.744604770778669,0.08295702311204875,-0.09047331182553346,-0.8169292594257321,-0.5424629541850255,0.2691160170550263,0.7532648520795029,0.9376381840373319,-0.6072958835861694,-0.6736327583122164,0.08752076768560438,0.7989299776696238,-0.7523373415168969,-1.2501007220866358,0.3854160119064333
2025-07-29 04:18:04,-0.27022061139391246,-0.5732669896449695,-0.6521917835060854,1.524710033144874,-1.247021185984222,-0.4831671337952966,0.48058821681606073,-1.158333369373072,-2.1049745373829554,-1.6329018108671414,-1.0022811755441507,1.6169902592961116,-0.12003920954958279,-0.0766119608272605,0.1903558543843733,0.375359893095953,0.24196024449306505,-0.3884258773914542,-0.2091676452441923,0.7473427361613941,0.2852022503727465,-0.5886443330048692,-0.6983166169073595,-0.2023233563180472,-1.9688294216865705,-0.059662022212562525,0.5603359314478953,-0.13591127932508476,-0.37619962556747566,-1.1098565822265134,-1.3693194107412665,0.21574714377492477,-0.13043146689531163,0.0221741070538342,0.0983895336257141,0.9547579468337192,-1.5627320846254769,-2.0419978276410955,-1.423242124911091,0.44871163429565486,-0.08719679361258027,0.031424018658527744,-2.0435249044212815,0.026501676471268956,0.6721311263544256,-0.8786428076083656,2.017868267904233
2025-07-29 05:18:04,-1.0040162264259556,0.4101300420596054,1.1065819906961616,0.15524108613018625,-0.23609601086906584,-1.4917576638448913,1.6952064465925898,0.9174307136295218,1.380856460513979,-0.9908973028245549,-0.41283914214267725,-1.3078526870684333,-1.1890966927323179,-0.24326860927473268,-0.8804630323043551,-0.6869173841248545,1.0832600828299854,-0.8481016280331705,0.42746222119278926,-1.1447868623237536,-0.6574871287775493,-0.3074127716588998,-0.4763069802296956,0.8919750756754231,-2.075676986596175,-1.013890185181263,0.4736655749164943,0.821670912403214,-1.325736393404797,-0.6016034004844233,0.609672535708318,-0.11407919977384287,-0.6710135130360748,0.5117482515080839,-1.8595970755701237,-0.7844679324835507,-0.2812921706350327,-0.7632209727388858,2.049251585157149,0.7860287573396286,-0.21592715392614648,1.1105318521691545,-0.13891943038555357,-0.32434937607938746,0.5478930563123129,0.5512971028995449,-0.9739257379772153
2025-07-29 06:18:04,-1.0432478765550277,-0.024549678555308173,0.46677205186347437,-1.8646544511263203,1.7397893001357032,0.44584714146891996,1.2121002518435968,1.866847287686833,-1.3488848948901215,1.312183857037456,0.3431277788020157,0.9453025737177163,0.6224130046416844,-0.29120612995513223,-1.2868728347632163,-1.4624403606829628,-2.6384865654937637,0.16184548971388704,0.7166246886288458,-2.0566666417684027,-0.32824360150245224,-0.47826342611741685,0.45201401932146945,0.3521339165223189,-0.25911190741900786,-1.7985492843138757,0.08733590291178098,-1.3573054742612856,-0.3370663925832208,0.7456674074081471,0.32863961417920684,1.4230654136912515,-1.5679838827938488,0.4276612812873888,-0.3640349351132462,-0.9336233498131686,-0.32991746976001773,-0.3038041333022216,0.08169897304448,-0.28434437728136025,0.4291629534190911,0.8929435843953262,0.28496049191305217,0.7854141511082591,0.3811999878220372,0.9634326219267937,1.5834046295243924
2025-07-29 07:18:04,1.2038027490010101,0.7790551811062264,-0.7181604603458753,1.0219929561141634,1.150087891274387,0.4712822883206767,0.30157387454024165,0.36971866494360645,-2.1623266343704186,0.2913937440718595,1.2271985520860051,0.9304284952891172,-0.9535018003199542,-1.3848170692354187,-1.165864417311983,0.24180210811018743,0.7528530308986164,-1.6189358560694418,-0.4393481895495708,-0.2566115728322574,0.3826390082977964,0.14132073483977858,0.9370124761219164,-1.52778549769902,1.8558620593258583,0.2796486924595763,0.06845710053432633,-0.980740711777795,0.36371805131825524,0.04537352587310482,-0.6649184045807938,-0.41538316570715456,-0.5640199996625823,-1.4743483412216862,0.9444825035472733,1.0959900193419967,2.201179892678665,1.4520771508426726,0.34617231223092765,-1.2435907341717163,-0.46574226459642243,0.6034180296392563,-1.5091203916913276,7.452538163742268e-05,0.20842603339926546,1.9442478873994442,-0.21539031727077307
2025-07-29 08:18:04,-0.5809925203038883,-0.017636814806477323,0.3696052088868072,-1.2290441969112502,0.2267766332456707,-0.5778358117992138,0.0831404234776405,0.823364240708937,0.3238330960418341,0.361677281841809,0.9717751590044394,-0.6906564827371223,0.4372490091439996,-1.3600304746497054,0.17813479930351941,-0.20041380077058182,-0.4280063787331793,-0.5532328961077309,1.204069976942893,0.30980767174797763,-0.6549205352864946,1.1805657736635897,-1.3402148930010753,-1.0638949358959235,0.6814148622550953,1.0745030161342937,1.3739983442563737,0.35805052822785577,-0.21997134795172205,-0.20518573113500535,0.21885651759190514,1.2889834863355123,-1.0770008793332464,-0.05290628602402606,0.7489648806217607,-0.2527370405122695,-0.021644937184682723,1.04526804630224,0.15165768996338277,-0.1734132967147985,-1.1192229534052485,-2.253397605078468,-1.799343189956818,1.5969879028250002,-0.08886319420288367,0.13126190121679485,0.4586747627998916
2025-07-29 09:18:04,0.7116623632836178,1.1085490640125535,0.0979994235849215,2.0250789366689568,-0.7079362466381636,-2.3588478480211292,-2.0102655222843007,0.7205366498303226,-0.8879100269995419,0.85164461240482,1.4368583962080534,0.3023446690219626,0.18078226337627565,-0.7726687220615746,0.4523651721224561,-1.3236668077015783,0.16328471954568285,2.6573520647362696,0.7553251650457657,-2.0247320051305446,-1.0528428401062682,0.3577770364233247,0.5509497510177392,-0.7410502579558621,-0.5902077884356289,-0.7481171969129502,2.8081080368825937,0.047637823924548815,0.16644496826684066,0.25893161258907,2.0869630175603207,-1.1788916315395577,-0.568079336618782,-0.5012056940229013,1.5305839603295468,0.34280536784411925,-1.6539733313979204,-1.0093638761337291,-1.5962048529172077,-0.5415442762432182,1.2281019265597624,-1.2614465468325502,0.9274716876360088,-0.1665940722256984,0.7129911082031337,1.0301682505709826,-2.538756575139365
2025-07-29 10:18:04,0.0035418383042464334,0.06680202605006606,-1.0474768941343204,0.846868693278551,-0.4718716036436154,1.1123738609944303,0.03840096710396875,-0.2658422951637324,1.810829286956259,-0.9054527744869918,-1.1941867598815532,-0.2524299751272928,1.427989929250908,-0.38187816008457776,0.1197983159279459,1.406258776130232,-0.7707391887830236,-0.2232650046176184,0.9412748302916002,1.1617885970640671,0.8394882883684,1.9089404545117432,-0.4106326399465562,-0.17238297242361614,0.7427801104691492,1.2659865587916586,1.0069659485711877,1.8973759870284406,1.166618880192406,0.13866161956131687,0.43760893746527146,0.0037731173947245173,-0.1276357087316198,0.5321130897509935,-2.290481342031219,-1.072720137702251,-1.4013881612164734,-0.046200414743065694,0.4108148412729961,0.3317951025328949,-1.2536249220920481,0.7628997672321141,-0.2684533353271248,1.1159943680562998,1.3756911316928602,1.039562496210557,-0.7617781269411991
2025-07-29 11:18:04,-0.016328476901193996,-1.718076415496917,0.08535754682932988,-1.8940720497984345,-1.8598566602869946,-0.7246504229258353,-0.6790874043648001,2.004277700724843,-0.4829330595090238,0.44151017371238216,0.14277045071766228,1.340458910656615,0.7373187396198541,1.2887105418912113,1.2972271319383952,-0.8996308497232115,-2.283763181649414,0.9151979608685884,-0.3562805428571344,-0.4532845117567311,-0.5865499457063786,-0.011698467112021804,0.8801004038663799,-0.6885023997517914,0.828646199473687,0.30625403130830026,-0.9924138841861163,1.0631582521199812,2.098924330652924,0.0759517410196963,-0.8335352707217678,-1.090780346423174,1.2482359222999575,-1.2281106512278404,-1.404429458219028,0.4625197114099058,-1.189107710794217,0.9737144855609587,-0.14505070555673957,1.0356102144513695,0.05065348931928469,0.3496498677379739,-0.755873191568132,0.6463340922348911,0.995481840549982,-0.24326945806631914,-0.4713789497682767
2025-07-29 12:18:04,-0.12762497958670413,0.4801973598358058,1.8146276543266775,-1.121514297538548,-0.27304541482786565,0.7844285458292217,0.8919137276906228,0.07641337461366218,-0.31296109144060796,0.30360105343752475,-1.4876979636400294,-1.1750408114823172,0.7318122706384395,1.422770087304165,0.8320821877116733,-0.6165567055769166,-0.013218634175366598,0.7248200517888647,-1.4716181523775511,-0.17191965187158462,-0.14238838137985832,-1.084496810841295,1.4411470307438776,-0.0567492288335671,-0.8139276990482496,-1.0553843524454687,-0.2792795817896973,1.6668457194014852,1.2409917567904587,-0.581815865997496,1.654844751544699,0.4775000423170823,-1.3945949696262996,0.7735387474193253,-0.2067432020667467,0.45623391379474476,-0.04674700756046422,0.8138249634931164,0.986387394099461,0.14654552937599946,0.22306318103669392,-0.9620388066419933,-0.5832374380898873,-0.22134951121690555,-0.4472136331197559,0.16526592388047587,-1.0539870931940016
2025-07-29 13:18:04,0.04760105782970163,-0.5305745080876405,0.6738379237674826,1.4096254554292535,2.0946220934388418,1.1937942233637024,-0.7814721080850315,1.6374868734866208,-0.7005047117930238,1.520534934987634,-0.15357451118663354,2.661144830614403,-0.8246906967260897,0.781661200879536,2.5620035598772692,0.45711728125304785,-0.6678118319554507,-0.05728470780425392,0.4745862367711387,-1.0994566146133853,-3.5943634635681323,1.493880726108007,1.2578972437551494,-0.13631066921828217,-0.9907525249788586,-1.085230535552696,-0.6384878176147518,0.20481304757644161,0.33252477055733515,1.4326115337183556,0.39064361407164316,-0.9257368035702668,1.2453268262702755,1.9466021554716724,1.6453976198182174,-0.23684828054553514,1.5194352468286425,1.1006057366311217,-0.25307225681006607,0.08153587900913618,-0.9780997437514438,1.237500958580026,-0.45043720739059984,-1.3989703159796867,0.25570691642794524,-0.6796705864422041,-1.0233588655617867
2025-07-29 14:18:04,0.5624651597100637,1.2201996598438258,-0.167266228308846,1.7594405297229367,0.9687815350351296,0.4885287194627352,-0.8003130450432279,-0.8207372475724087,0.8742692704539967,-0.7919300991725619,-1.502590370276885,0.5660902005524606,0.5879953616622521,-0.5879795209785125,1.1626339422168186,0.13485248863433197,-0.8249830103962663,-0.8168532063671475,1.4291404341837428,1.4931983064215708,-2.060225830645082,-0.5194723924180953,0.29000169862062136,-0.36367676505042296,-1.6710116094648817,1.1279728383790628,0.010166777073079461,0.5568010364212485,-0.6589961838653554,-1.184498400314067,-1.1719406678640094,-0.05242386764021442,0.04057705692736825,-0.3587888141635903,0.6578058853083423,-0.7366837771825215,-0.0017039147014935557,-0.11082706413015425,-0.7539283766243483,0.9354326630186683,-0.28400855427212784,-1.689969045375237,1.502066920270734,-0.8672024467945266,-1.21107618442224,-0.28161935231016044,3.364548586607854
2025-07-29 15:18:04,-1.427095934810201,-0.7650400566959936,0.6778485820154911,-1.478395790083326,-1.2744275150881494,-2.5823965510124016,0.4855155947593352,0.17980990812798406,0.7911621609800188,0.6728378468525265,-2.119679165954656,0.626480040680506,0.1394701758863651,0.14604720222928888,0.014837473673097264,-1.0840391823695776,0.5310089948127521,-0.45410348146965374,1.7443168499165334,0.41367738284786804,-1.0036166192329414,0.7795226995616829,0.7305050261322514,-0.42878319601438986,1.9119452862647954,0.5859316669474041,-0.3748583676953422,-0.5644583170625205,0.7564249369256113,0.17624650265817945,-0.58738035200944,2.1724809243504133,-0.16398540211670395,-0.37417675815323564,0.3739664004600416,-1.0525215525118217,-0.43140993868808303,-1.1896083160885897,-1.6965442548216079,-1.0091647133439927,1.7898903093612732,-0.012427001048187277,-1.611378696311018,-1.2194773083520163,-0.6048244857034429,-0.29265473753299637,0.39178102884383653
2025-07-29 16:18:04,0.17657546679905436,0.9278447403334201,-0.06245908439774972,0.26710228594384944,0.44772241163238025,-0.5438694294183883,-2.4830460269627266,0.22154955495734235,-0.7156138976357099,0.7802140207153735,-1.7092423297018648,0.4778346737963492,0.21260101371685686,1.1265636244801414,-0.9003695445848877,-1.2375635520647508,0.41430283160073866,0.7461624081712103,-0.5653981132479666,0.8907683298220465,-0.36600707469841653,-0.2561108374986143,-2.804042200099825,0.979699632393874,-0.6405978707595996,0.6899113481404417,1.581544852638196,-0.1517702006648721,0.6272899276939576,-0.48064105428680026,0.5108593322462345,0.8583308506722099,1.1394854780345078,1.2857148175214916,-1.1973237761557154,1.095279214290057,0.01877521884554702,1.4855164610938183,-0.5120148255843328,-1.3625082331515381,0.5578233172204304,0.6983094289652568,0.8039686691045991,0.36631269698379604,-0.17391946116144474,-1.2437281182294355,2.609559910174722
2025-07-29 17:18:04,-0.045612179723350695,-0.29818947252638106,0.41479419898065173,0.02042898762627529,-1.097875953332903,1.303953685061947,0.6246573885835907,0.12053353457158317,-2.1272069993737084,0.6948374947378945,-0.914009088092004,0.3194488983847076,-0.5410611064697743,0.4083209578501007,0.9260329455319003,-2.0008199042050503,-1.7742527705727498,-1.395216890710195,-0.9576296299414662,-0.016865579698135034,1.2123263540364042,-0.14294384235948,1.2246628175684267,-0.07027775619380305,1.4388688336625255,1.7744155448659253,0.35567272617593126,0.4894285893034475,0.740622232889529,0.3390796966662423,-1.1461058363137147,0.33238770535587464,1.7207657751360228,-1.387539696922313,-1.7224986492808092,0.3843306163671311,1.4858668635599241,-0.9513711340248076,-1.9398798756788371,0.10926651282373309,-1.2315931307429866,0.2951176566320958,-0.6054991016735015,0.7285292052388574,1.2836013498846102,0.11022949561605841,-0.45339768527820673
2025-07-29 18:18:04,0.3121753396543892,-0.43596118631668607,0.05266813531737302,1.113252812193866,-0.7601913784587391,0.8040764090287684,0.41336310309061874,-0.31382820380183674,0.5572108469198961,-1.0998005148257095,-2.0040930188212687,-0.5496465284596839,0.31384438274675114,1.2491936330007132,-0.6919973510356221,-0.8345452113375953,-0.22822538088614178,-0.22766392025224078,-0.06009365967453946,-1.0317301581266123,-0.01529049605146273,2.0539787386309194,1.1317143295415388,-0.30122522684484787,0.268286970847852,0.5074463137780814,-0.1851186485990803,1.500685275743687,-1.489410358846832,0.19993417368703148,0.11035129170850905,-1.4094839313079426,-1.1763351139469669,-0.9899742952605679,1.1584510842959561,-0.5581260130304728,1.2687392279104488,-0.8681528812560797,-1.764214798715072,0.2844255008939844,0.040564977658550085,0.7174435785803839,-0.025467781645361075,0.5813554201579842,-0.22444493148773134,-0.10899493220132096,-0.022636639683649772
2025-07-29 19:18:04,-0.6685015791330957,-0.4372025529302492,-0.3474472636519376,0.048607928673390165,-0.48308523366422357,0.5494682998690449,-1.066497460871493,-0.6437899505642045,2.122469065808054,-0.8414931930620624,0.5060523186029767,-0.7084077703727157,-0.6431067311659859,-1.0037936457899788,-0.4915422809463492,-1.5825481784401567,0.3063495538203165,0.5753658452706223,0.1237395051007058,0.5636724233435791,-0.2759207666954112,-0.9708363803213851,0.42054182938567375,0.05015463845953845,0.08976698871256733,0.30528443124065735,-0.23847845517139923,1.2115357993141833,0.8982554546686331,-0.20355013782608355,-0.42196602442468456,0.7129610113628443,-0.06573229961874148,-0.24228193892322594,-0.7842928446532978,-0.6357092107502551,-0.936274098699789,0.9249209315404703,-0.1407819821108123,0.9310068630270039,0.39953973272656035,1.1670617359936375,0.3978484582411926,0.35753619275921505,0.24946292037770232,0.9151597588388202,0.9750941087988481
2025-07-29 20:18:04,0.05178596372788584,-0.5906861537668321,-0.602882387564856,0.808182694646666,0.5195681162360078,1.2313037770766972,-0.45342287027054,2.0412990579622092,2.8069618116453654,-1.5115130292091996,-0.47117554140591666,-0.602389040004395,0.5734344479173115,-0.021985723849647924,1.013994342131537,0.4115433091779878,0.8232509554288231,1.9345133581209721,0.03454049335690327,-0.7080494371995357,0.18912790412147887,-0.4998232500153435,0.8356306227024849,-1.9565626195358876,0.07087893021209947,-0.20808593831690322,0.5522453392159047,0.47017100762975694,-0.20988351509568903,-1.8473401496812145,0.022529378689158316,-0.15794560396413093,0.8251505574087454,0.13665223049169312,-0.4771619340380825,-0.00847249354626859,-0.7852938979635888,-0.7807348998377357,-0.1149624966255021,-0.5219276939230441,-1.0310087590246746,-0.5079750693976157,-0.9813502059511273,-0.23619700975098398,2.847563959003784,-1.55188660406001,-0.6475449942276047
2025-07-29 21:18:04,1.9515605715866262,-0.78060991227383,-0.20733544966963857,-1.0002770781183603,0.7897974091820458,0.7165737194775801,0.537723433418478,-0.9056681208188935,-0.5811048507644279,0.05796054740029618,1.3243509811944219,-1.2128438830616453,0.7699826345829542,-1.795241369249159,-0.3950854355500217,0.860581822818729,0.5414995183395646,0.670410205798211,-1.6809704635929856,-0.9694535961970174,-0.17760137910933857,-1.0088960869995374,0.91598054978375,-1.9982977578188985,-0.5930981995784879,0.3086264472799991,1.3561189007789003,1.535602793593416,0.44698228412558005,-1.0519744890977694,-0.9388597400394185,-1.116754558529427,-0.5204874611087045,-0.48664236254013704,-0.021003064112725196,-1.7174951224900046,0.3605796513858127,0.218835016882183,0.18680536534032552,-1.0629117309814504,-0.7285472221824293,-1.0360585672475922,1.4514668164799631,0.5385725977735903,-0.28845448725702866,-0.3645101238955627,0.6471059866442619
2025-07-29 22:18:04,-0.20534871153629805,0.4585908268743768,-1.3790815603302133,1.2941565759196902,1.407646332048209,-0.9754609047761439,-0.4347375462496008,-0.03222106297324425,-0.7545002389935906,-0.6584346578647025,-0.9873095388107064,0.18742458558490604,-1.2780905899545933,-1.0148504915090477,0.7403285579127172,-0.15614971306274403,-0.7782332967805904,1.9880947471951316,-1.6614074273329318,-0.2977692533163649,0.4065814569310924,0.23968202984502815,1.938132281071602,-1.7915531643934566,0.6867526308576889,0.256108627405954,-1.1142697964070443,-0.8250121745019744,-1.6759454647885612,0.4536696610304346,-0.04709711348682506,0.6349137882970637,-1.8239714826766384,-1.1022699529212308,0.28866606856662236,-0.5533820418207439,0.6049740566076078,-1.1564025657432828,-1.411364889157249,-0.7059780077564958,-0.602596701802956,-0.02786893775900705,1.9591877444249295,0.26282471492868575,-0.35414018182592943,-1.441354334298362,0.6072587379219656
2025-07-29 23:18:04,-1.7126381267545283,-1.1454884429800578,-0.9257816215472442,-0.27225187017620994,-1.0808934124363052,-0.46475060014411507,-0.2378241636440094,-1.5244809849223115,1.743401920354783,-1.4685029814788273,-0.07389741938623658,2.148967405322419,-0.26213842653016006,0.15605355565132017,-1.228206776518046,0.9963864443420554,0.03837845761353437,-0.06565144305611693,0.3770510328731149,1.3808714482961522,-0.006638787802510655,-2.1886091755654635,-0.8582179722638363,0.48888112459320654,0.5575029900617674,-0.9473343331920792,-2.6191908318356796,-0.9665929040174429,-2.425362896936339,0.9694366823989995,-1.419361730586468,-0.04174422410760508,0.7839850425516632,0.9658406105533669,-1.4709702505197042,-1.237745645823064,-0.7746362928864773,-0.032675914100729835,0.665426040391237,-0.8938064279363567,0.3789394661064209,0.26675984872007447,0.38506860375071356,0.046431070223117404,0.15466292230161793,0.22120331474899377,1.1801544866011415
2025-07-30 00:18:04,1.0420190252564754,0.5901127552266536,1.277499199063833,-1.8704719367277372,-0.3390581547107713,1.4451585204839337,-0.12247659296856103,-1.0929741531208261,1.4356429478639634,0.4188379655071145,0.8779624544711813,0.5877567299563871,1.1543827190105247,-0.5466181110288032,1.3949017302803335,0.1478969777379155,-0.8315956672536574,1.3106627536607318,0.8189118578668829,0.09812422864952587,-1.726923894878306,0.26867239906572143,0.8307462892305851,0.6777951490772239,-0.24952161536458062,0.9716333489142851,-2.2666075379289654,-0.061790145971728334,0.30967343282518583,0.1285436812040873,0.952437930120683,1.1917888520725268,1.4550449093902078,0.21111220859973445,-0.05111986364574478,0.3918364185127068,0.6353315503398089,0.6013790302240379,-1.1905672089079913,0.6985721919362096,-0.1465790147260388,-1.907638983450682,-0.8510275218851999,-2.0831918396777147,-0.7561274209978587,1.1024586447197624,1.001201671690456
2025-07-30 01:18:04,-1.1696518887395084,-1.9841294199605717,0.20810292449139212,0.3425312134880026,-0.6413272272792229,-1.61388845214358,-0.03229882030753877,0.7527093904198436,-0.4086084379743112,0.2862723445258828,0.5802415857731018,-0.4483846687323795,-0.7503488309672849,-0.4028758400357829,-0.6834121525748846,1.9390584209156014,0.07668828693802084,1.5207767736869988,1.0692239554857845,-0.6484134338207376,-1.6934224569467613,0.7011806800072602,0.06070717151621153,-0.014821262451971559,-1.6264286627737536,0.049655803232069064,2.538173260325926,0.4890123072567203,0.7441030814795287,0.33705732328400007,2.1608956820643432,0.9270515696797581,0.7417677117056879,1.023753834057172,0.2970707793579229,-0.5236148155318645,2.4058184236044755,-1.7295692643589327,1.0106551683223928,0.1308386346515626,-1.9412867044120055,1.620434441441496,-0.039977198820432595,0.7372582678218742,0.6455932441600318,-1.7180556041619728,0.34193028117456686
2025-07-30 02:18:04,-1.4443264272430987,0.3871115106020582,0.959366305989704,-0.9599866565236526,-1.0194235750085927,0.025142145209093237,1.0604826686944544,-0.06869378139575885,0.36280860961010886,-0.04869361051629283,0.3180280947257531,0.8795427235479315,-0.14099376629753424,0.6219085546567414,0.6158189809116388,0.7455414391955186,0.9378772020554144,0.7368906356009748,1.0645130094890571,-0.9580880420405868,-1.018014079039578,-0.3375589589274934,-0.08762247160918396,-0.7623287977468663,-0.33556480569524405,-0.5161410093444005,0.5484712004502431,0.2829215434881829,1.334596174140071,-1.8062803425065312,0.9196087631013136,0.8053179838942227,0.57011737858725,0.5424006439760233,-0.9554292731846245,-1.0598356182165503,-0.19498221450653164,0.018797507144580106,-2.2646494207484644,-0.9685484963654934,0.43996888239389764,1.5979355123596983,1.0635922645007407,0.5064373650183526,-0.3286480698312381,-2.2537763346290607,-0.3095238700194619
2025-07-30 03:18:04,0.01489045289486849,-0.1918830357117339,-0.3789579991873695,-0.5095925184502612,-0.5465154691707304,0.5829179080178611,1.1572813964566235,-0.5025104620898759,-1.179379588659737,0.016361084155580047,-0.5738362490806999,0.18480849967875554,-1.497220345614779,0.11851813925366773,0.5102587481649237,-0.8916058586544613,0.1751157901799743,2.028006467304858,0.5515697095566097,0.7686485536266734,0.13561375923773095,-0.7543708174830515,0.5813807681354181,0.4562529376117906,-2.030609208370394,1.6876001991981622,-1.6744562409949604,0.5974534352901097,-1.4069299622565714,0.796498306820932,-0.8244635016282421,0.664727721668936,0.06668893649167813,-0.12056750730540484,-0.9250673524102511,2.251593158568779,0.051259656144605925,-0.5973804277816539,0.4495622073152326,1.3379461065884377,1.934123982016643,-0.6221687025272719,0.19683663176291566,-0.0878977801552032,-2.2870905130197294,0.8734591124605442,0.4483453214881211
2025-07-30 04:18:04,0.7136323599483799,-0.06584818196081406,-0.4360002585058852,-1.1325847441204324,-0.5350806595371468,-0.3682412599425319,-0.1631926456609009,1.4125273531668936,-0.197417377988766,-0.7505189756314599,-0.6451781249293758,2.2499768952402857,-1.9583648047763023,1.5706753504124342,0.5822807610390108,0.8063381292257862,0.25401294435565397,-1.2245726780109931,0.752736597222134,-0.8303302184761603,-2.0322866246344398,-0.5505592641121129,-0.15686559877268708,0.36516139914708917,0.08162438282326707,-0.22225552663839382,0.08400779867923293,-0.9924625119034666,-0.654444778481515,1.2117186237995152,-1.0632606226788548,-2.080511904384304,0.6875009787474936,-0.7435662268015885,0.31421917191157306,0.9927978313925937,-0.749927299514176,0.765144824410074,0.11456385240734504,1.0579786265116111,1.205752858654239,0.5629335526561692,-0.5625685929676282,-1.316715477997462,0.36369848058902293,0.02437178231701849,0.3552333539926606
2025-07-30 05:18:04,-0.18079522585629668,0.44153287425976245,-0.338645156386611,-0.03901077451376143,1.3659178226847346,0.8009635338427158,-0.5643405345043472,-1.4145662039068825,0.8248964025245699,-0.9672402193982165,0.6808134028946159,0.5695687789023164,-0.2110806106741512,0.19051919338663081,0.8941558981192808,1.7135623826148676,-0.9511816743519966,0.7388137640641468,-1.43816824362083,-0.5730104293095045,1.12018918272022,-0.8349437755743652,2.088225301079901,0.005829806912081694,-0.6049539721947439,1.5020460924952455,0.39995695123251096,0.10158965707426376,-0.5780126171070145,0.8878955601223556,-0.25283641091583614,0.008590796713145728,-0.14663695244807146,-1.5464090309112897,0.8215537057170577,0.18791381723384107,0.9638460091069818,1.1708685263578869,0.939919978023931,0.32643158137264466,-0.4244946888964451,1.6299686243940144,0.8036499683924968,0.9223990827148507,-0.5745874908034689,-1.0694154251069452,0.31099037881737834
2025-07-30 06:18:04,1.911567162086918,-0.5555665560183638,-0.12555762267919912,-0.44746319048617667,-0.7825827303823466,-0.9900588234644391,0.35657280679405545,0.861491781119991,-0.12427168907569797,-0.4885838060594892,-0.17007308215642924,0.24119127483344985,0.05349313559783028,-0.11059732329800323,-0.18405300157254081,-0.6041712293683591,0.7942620970125153,-0.6021970031500626,0.9455469415871234,-0.03168193320523314,-1.0108732364754534,1.2210052424080378,1.0393399945761717,0.8710717231819978,0.6514845355066563,0.6755825827346166,-1.129577406768552,0.9648571974014352,-0.3404427543969946,0.49433977570258625,0.5122836123431548,-1.4881669268995597,0.45184176457563135,1.451853458498183,0.49306456194180803,0.01990433219395832,-0.19351962796069788,0.09177893678155238,-0.16105866300859514,-0.43420184588077926,0.09382665483267508,0.39434131611601464,-0.4557961838221312,-2.209606010339584,0.7495616556623805,-0.375318662778501,0.7877741542952225
2025-07-30 07:18:04,1.4639469206437568,-1.9047899423591748,1.650838140098138,-0.06213499964112998,-0.23785941970781618,-0.14346692726041577,1.1664129723592498,1.834280454897335,-1.5428432842827546,-1.15884124262543,1.0139085536382055,-1.207838305684228,0.7081770082411217,-0.2970998719763531,-0.080088003787668,0.3798124216238301,0.01876765084091687,-0.6904904078217247,-0.7901758902377736,0.5759308885213518,-1.2213868378580022,2.1082718172928105,-0.6706153269335193,-0.46451425073296987,-0.6180011883719766,-0.9962847852831469,-1.2518500253087672,0.43900915209263514,0.28577585966984176,2.3637938805636054,1.4113498708276047,1.4261804220521785,-0.8751132900785825,0.26959653799027916,1.523530601907799,-1.2552830732155837,-0.19372957244059352,-0.9219072254819684,1.2480436934619643,-0.0058020154300852615,-0.7416436448280221,0.2948442854734789,0.6994667450640768,0.4658170544697914,-0.8843396660823042,0.9412556122283083,-1.25078706562488
2025-07-30 08:18:04,-1.6533072774368285,0.9266223518708583,1.8546961301673521,0.07487402177000771,-0.8329895795212962,1.2218726995937457,1.2488867664725467,-0.7021364981035287,0.5590295065661042,-0.16911766581418086,-0.4748706461041128,-1.0015627411620711,-1.206472060740323,0.4335930773303723,1.1004133810172272,-0.7884680792368957,1.5445361467618763,1.2379224975219016,-0.44678195905146123,0.9815229301676377,-0.5647243619659461,-0.8578790023530022,0.313757287650564,-0.04750276250942153,1.5459873288328287,-0.22091239127906154,0.20208444729905992,-0.12495982910238265,-0.3539719167865509,0.03646689103120989,-1.0008704936154114,-1.831529756830235,-0.2693633404350008,-0.32304467434001805,1.9371070524499368,-2.1739233823815294,1.2403604373232204,-1.186208586581528,-1.6378829636709415,-1.2886782755958184,0.08833861534600998,1.0544174836246414,-0.6876206668638176,0.7290445435134733,-0.7161270439248274,-0.07522575851796014,-0.059003394584956535
2025-07-30 09:18:04,1.6041220731610017,1.5695501882265095,1.0282709249066562,0.7732998927174839,0.345732078926463,-0.26920459765815524,0.13515745343576865,0.06035380813903015,0.521326635635552,0.2452188821929808,-1.0353063300203498,0.014329439010871909,-0.4248299460649755,-2.1812870382334815,1.7193520852633801,0.4007418434183198,1.1152195130768332,0.952076522746757,0.27376683909496324,1.561940913638011,-0.5333519626114971,-0.2655656678751711,-0.09833573411728776,-1.375439185930204,0.43595465006750134,-1.439576486937909,-0.9650927139014698,0.4380876459409511,0.657868303231817,-0.35284788785721505,-0.5486159208172484,-0.09577714518451214,-1.240922520510421,-0.5779673850329784,0.6656887622898491,0.6119938657204996,0.31145119973850116,-0.12619920288879924,0.9320855399016793,-0.355929437157277,-0.27519172700421596,-0.8632237229020249,-0.2063697851252827,-2.527349383998659,-0.833548358992862,0.485315052067964,-0.807961405382044
2025-07-30 10:18:04,1.4930371114682615,0.5947409110890473,-0.4722427967209678,-1.8763311822644202,-0.4825141679523206,-0.43896529936732986,1.1397943173586855,-1.409358575335857,1.877527148388536,-1.8293381963802975,-0.23245691046081143,-0.6166373680221399,0.5017374401299289,0.20837594214766778,0.5484338182028698,0.17328159965682313,-0.04017007954741052,-1.993472304073095,-0.11751459504326606,2.149442015689206,0.542119193043244,-0.5878331202388861,-0.6565841029646522,-0.25204258228481985,-2.0405757914390614,-0.3081478625832527,2.607347334432477,-0.46864703832351706,0.6332218262850983,-0.03985349251542547,-1.689617522735857,-0.3179967747801426,-2.5345282320475633,0.29034244189423813,0.7833744167440758,-1.7273045556253943,0.3373595843128498,0.4268823463487388,-1.8265896182242984,-0.06041445409561871,-1.2546741812497113,-2.3146103298421137,1.4032925190155108,-0.053798902091626216,0.11261812512095419,0.31984709933485067,0.7069080567362468
2025-07-30 11:18:04,-0.21465103998952945,-0.705913593631912,-0.26423393172783904,0.5642413458984296,0.7795244107129568,-1.7511300530978038,0.16921380876284603,-1.846634469654669,0.08631753259848281,-0.9832521616363503,-0.6108439057641409,0.2991580323045011,-1.0561049639900975,-0.10950046895861013,-0.8114024341800666,0.41074003941149595,-0.6944652900714332,0.020778988208184555,-1.6052409784815584,-0.736446633631516,-0.17499484952844005,0.6384307416180387,-0.3138082138560467,0.44799810617048724,-0.39198247923556967,-1.290331837051687,-1.3689013958085436,-0.1879611169677383,-0.4974971924281588,-0.7726807642658723,-0.4945756333147588,0.4724369699212465,-1.4285432879558497,0.33009581056902415,-0.31889349309538234,1.0817552732020383,-0.33523878678577873,0.10401073305583093,-0.8646017744346809,0.2203070624852013,0.1394548080880445,0.7592721666424957,0.13926945505288013,-1.492753443165862,-0.22107319877235126,1.813032633200848,0.8353993874501303
2025-07-30 12:18:04,-3.265261315426296,0.009617281078816809,0.4747023590770572,0.46576518926265636,-0.4554114543108335,0.2827532111625462,0.8263889033623576,0.21720364867579137,0.5215142504159828,-1.9130908420177941,0.19063595376145612,0.14628100801159927,1.2440524443328715,0.6749909244019229,0.6613911351810442,1.7083477182527167,0.29544944746895624,0.6519841326438123,0.9608374470252831,1.7734025605895334,-0.15122709512000812,0.07808589377954779,1.1409555376985607,-1.5943717836130333,-1.882884964944294,1.1179236635983072,0.9104888001704982,-0.6511403951903945,-0.20206993131571332,-0.9590176458101046,0.00029939126012031714,-0.5714094683326946,1.709922295435191,-0.5129801627157853,-1.0561880966449875,1.2553307405552596,0.3240114612949924,-1.665690923674911,-0.9559367039055578,0.4704987191258003,1.0593999590095888,-2.150379954733732,0.10614981072092354,-1.081017623068632,0.5623746053804264,2.11707305050666,-0.30719197436004164
2025-07-30 13:18:04,-0.24869090859700077,-0.36564760108381206,2.4366607202912993,-0.1905502553869048,1.8563666755323416,-0.4165846390753911,-2.548113257713051,-1.4377858892289421,-1.1947854294478604,0.19243322478925576,0.4851766127939903,-0.05492884231306577,-0.25225957206210126,-0.16456444279474017,0.8057650517345769,1.2658343813030282,-0.18345933377194615,0.0788641535121958,-1.1337901177444534,-1.5495568855948112,0.45642002663646614,2.168593594552945,-0.16169212895526555,-0.6792128297485552,-1.8776488430791853,1.5101930187875086,0.2544872996257874,0.7414825981264218,0.6477476696129804,-1.8546602050944612,-1.1864031705027043,1.2743335208758964,-2.113683235721173,-0.4625898446639542,-0.44383645723061965,0.7035167003924193,-1.2156032241649006,-0.20540555312950443,0.670419122992153,-1.05751546308456,1.2521104781170715,1.273017243299448,-0.401551033410639,0.43202676361000336,1.4954616515939276,-0.02768756561624194,0.9779991044403552
2025-07-30 14:18:04,-0.051081973538065956,-0.34321832831497917,-0.5192491967137259,1.4655535771436734,0.3788505339566822,-0.04218094510055233,1.8222331003007377,0.3038228634807614,-1.2052849692169905,0.4989977957850547,-1.258110824595499,0.527570940193896,0.49647911355751806,-0.3305373926918503,1.2128302055043105,0.08133545675244527,2.0761320799960403,-1.0364927162333448,0.935680980981061,0.23772080917158586,-0.5635627417209299,0.36972533695803245,0.8596281835183169,-0.43368806692190626,-1.5549966696983402,-0.816310171340792,-0.5598621008000393,0.10392270560665831,1.2970685559894268,-0.918908835549907,0.9029854381677699,0.8203509870533121,0.5558053058903184,-0.7134318278567562,-0.05537995873220155,-1.0590972231437454,-1.2824141455200067,0.7923953708217859,-0.18250889641013912,0.1370565924502334,-0.39830719295940065,0.3450822428515376,1.217452191522456,-1.3251845232077164,0.6388287028493972,-1.04276233103126,-0.26953803260664366
2025-07-30 15:18:04,0.6377673654154077,1.1955672285849968,0.7578285764896009,0.23197876564922995,-0.33294914746506044,0.8307219456550965,-0.15917599526359344,-0.5484739245920919,-0.39383325882583703,1.7356867515002958,-1.912230544291754,-0.5990517044325998,-0.7090851134145015,0.3921035261889771,1.5980440636629372,-1.2773749601296664,-0.052155155973564564,0.3523967615837981,0.5417394167913397,0.5733896987162298,0.3682482482456108,-1.3746712066245081,-0.7786699262215733,0.7791258888614498,-2.340415409917356,0.6233918803355825,0.0376369317694745,0.09792822985160843,0.6762006476269083,-1.8481266669461422,-0.18276035223256268,-0.8588496808789688,0.42489153334446406,0.614435963623369,0.9871686078294738,-0.902843828086341,-0.042690306345126126,-1.2726153281942711,-2.1764158808723653,-0.3885242291005142,0.008283055546065846,-0.3932921233332505,2.874372095146068,-1.2542738548308694,2.6241198866073083,0.2086176357018749,1.1343184548902117
2025-07-30 16:18:04,-2.1543245765966925,0.6649578664364936,1.6541783796850125,1.5416243574599067,-1.9120260798420723,-1.0831516895360012,-0.37391266659481787,1.4205382559567594,0.6992696795020995,0.5406046031123622,-1.2118361305558385,-0.5011018398805479,-1.207566450235942,0.2925853138599352,0.7742616515432763,0.1633785695270895,-0.287713211316522,-0.02574772364561289,0.29671670395031513,0.8464537194841786,-0.18371561756697985,1.1129489692805539,0.3776834946866482,0.016120442420643706,0.895606900852135,0.6116033976434603,-0.5302165304549515,-1.016523825054934,0.48051642620783847,2.5680642270422043,-1.002819580232146,-0.6564540573545549,-1.3268542726044668,-0.10300201281548846,-0.18730002611053578,-0.8524733177800877,0.0005844782372632481,-0.5077511185133302,1.1714838736815147,1.2392993265945804,0.2469376352851732,-0.25494388903875015,0.8802346092689961,-1.9040487633109742,-0.3184917020625265,-2.295670510698572,-0.7452463879829898
2025-07-30 17:18:04,0.4143556810455575,0.7540770779365393,1.5474146477337096,0.5456921418850936,-0.869487825886165,0.4694337865504077,1.321943681505397,0.5756554114383046,-0.5152663054281724,0.4555415505299311,0.5906314344209674,-0.3888748188531913,-0.7789600006145082,0.8392750204898862,-0.15713155620441296,0.47819793593944404,0.052646981786765294,0.27400296392484114,1.4560131919206738,-1.089010671756736,1.2424062378489,1.0026216694589611,1.1769491234719949,0.5125585441794726,-0.8776781602104772,-1.8892812577550875,0.33163595567259524,0.27820446182223807,0.06526978986706393,0.4978300801046435,0.34845666734721636,1.604609539553813,1.0564007910950837,-1.16007649106404,0.6249296650514026,0.8089891367287467,2.433942091142211,-0.8775348150108642,-0.2321476808860023,1.056997964548705,0.025871372075842256,-0.8096329751113459,0.8139141426114913,-0.2782492424396172,1.6054564211713853,0.3249683854782194,0.18844602636786745
2025-07-30 18:18:04,-0.5094547840096373,0.958188992062496,0.3526752958504915,-1.946080806974049,-0.3979014012048092,-0.5294805248453298,-0.8906651299999011,-0.6872594733431142,1.3250134734850325,0.7364096092871044,0.26793597653210455,0.22794367482798533,-1.1601656210851214,0.44810488704219126,0.3513672756609219,-0.24748201716876408,0.5221788846146358,-1.541037292044822,-0.44886518420252725,-0.6339993359988477,0.21711311240549155,1.2892939123693161,0.5786710217291552,-0.57175727682476,-1.1207134686598463,0.23710379602071097,0.37869686967657745,0.3421661048719,0.24592920423542688,1.749350116426163,-0.015919832139607976,-0.8801786452938248,0.2666595673360691,-0.28076598087053073,0.9022121946945063,0.022204856156799853,1.4303542837459824,0.6991392706899004,0.1684116325759923,-0.7213538294932493,1.5320283622966495,-0.1332467965521211,0.8646511856269694,-0.23144884779694613,-1.231355408307378,-0.1393106351530716,0.09286845752873331
2025-07-30 19:18:04,1.3206350324243148,1.008020743594401,-1.0187000342617456,0.4348062092118939,0.5975332887489933,-0.09227941301472808,0.36100562636829014,0.716367516975482,-1.3100823741696452,1.3876961433852901,-0.22133769775386467,-0.33684464051596874,-1.468756150659677,0.05243960198613123,0.3818299618406917,-1.314661832377505,0.2685438909399216,-1.937724193492364,-0.8516336047423088,-1.832188664532473,1.795276816455118,1.377448229027341,-2.092139604387711,-0.4579322464307171,-0.1187706273333631,1.721183388109997,-0.6592645489487636,-0.10284870636450137,-0.011998276117514462,-0.7301233961925493,0.039201160049568494,-0.9131835284626275,2.0846188636301344,0.007803095036825287,-0.7407754362579715,-0.3791920032752894,-0.8816312276967253,1.3537890011429765,0.42093575429404745,0.9539450895793834,-0.8949277046335932,-1.7765712869838814,-1.6641523310963877,0.5389852680804348,-0.06343335782926171,-1.555724823482214,1.3778463241163563
2025-07-30 20:18:04,-0.039215023022570836,1.5975439998415997,0.24953772207353023,1.69840881453249,0.07705979000196558,-0.29027629651670056,0.07541336453955369,-1.5197998859750856,-1.197575681230858,-0.006491884721834112,-0.8057708853228602,0.1551798917008999,0.949853994840918,1.4770030887719015,1.2960625089470112,-0.8472926421993593,-1.5480192438932936,0.4286495351246615,-0.6862951688933202,0.0013985394457244193,1.2170040049075352,0.3378530727040954,0.47545813540782217,0.4942931732530416,0.4149820295220577,0.34919185344676945,0.02253238964956687,-1.1774055572683146,0.5982945298647935,0.5254329439713512,2.1244250830221003,-0.12850915871805302,-0.7065748810916561,0.11173641207293783,0.13132648787529505,0.5718062629423037,-0.3810857844837027,0.18707164492863138,-0.41622777988990206,-0.5206019344051784,0.9742995140796126,-0.3397594406586784,2.0033318213763254,1.4209042603003652,0.27750131679814644,1.4347169032354696,-0.2867545305269511
2025-07-30 21:18:04,1.071184375608443,-0.21936372406159843,0.9437986840696414,1.1635115066133288,-0.7782614575051582,1.069904727126458,-0.9398646630564765,-0.11544304429363153,-1.433121470554266,-0.6783793919445089,1.6296060094026084,-0.017783234364031,0.825912384400944,-0.36973066905242163,0.40937738339619867,-0.37931027313282434,0.7200515365248181,-1.3487390962395405,1.2550037314320612,-0.07907786455076049,0.6417387721307475,1.1905600807900685,-0.0733261102210831,-0.496514198776878,-1.3056229367698742,-0.5666071721020834,1.7118955077200084,-0.033079800007749634,1.4212865951919833,0.7024185138430428,-0.4646129432350455,-1.5642277050242561,-0.5067214689589419,1.1048052131696398,0.6419488869281076,2.624197050278658,0.811199902993725,0.4041203922237336,-0.7425825931727607,1.4702734831977582,-1.3496232657128824,1.01717129168085,1.9687869946550645,0.4863927713757518,-1.1142811797388945,0.05319456912988922,-0.9334530076878534
2025-07-30 22:18:04,-0.27371630752683546,0.21727571656573066,-1.379736888225904,0.3415387367256429,0.9475518496740899,-0.31006837601956583,0.23054712335549568,-0.6986921574582188,0.24628246623923267,-0.5358963711144459,0.7374195535461554,0.9365799331621997,-1.4519470113707087,-1.765108861616168,-0.7105288734628866,0.613133001570477,-0.05881693333699828,0.13995492028904397,-1.077088134962748,-0.9509251395788612,-1.1507042853114122,0.9343776383456444,0.45843497417357465,-1.0636992131232748,-0.8313568570767613,1.3337524430440535,-0.4436425322334503,0.358493129628195,0.25669486790401025,0.3879802685360068,0.5743459444307438,0.11885137336947299,-0.0825087324511716,-1.6177778359171393,-0.04416122256016371,1.6997258531728894,-0.11828283297886141,0.12260084382639556,-0.6587390845493153,-0.3733218624598837,-2.1432766210460525,-0.8201725662273633,0.9842994262607988,1.1496814465798517,-0.41716358823138716,0.9987638689818021,0.07948098363779779
2025-07-30 23:18:04,0.1334563379367206,-0.29549697933793756,0.8211355931613104,-0.1730951327002342,-0.8495722606744305,0.9925539351332086,1.0252383117107042,-0.9141173724191736,-1.3565943346276632,0.01960587127562235,1.4418053924107643,-0.5354116916766576,0.2202175078327286,-0.023319236942987116,-1.4418122348149491,-0.5608166893790842,1.1268692790987485,0.5687477832873195,-0.861121185541899,-0.429262410693221,-1.7419216655406018,1.7848720399672349,0.7467399868060729,0.06659609086642179,-1.1792496327652195,-0.5148227159269552,0.8096774441619925,0.03509476094674319,0.43058037328926907,-1.2591543874301867,0.09891622124610923,0.4252649270119988,-0.0007977206958214959,0.5715792707233013,2.4015101269815644,-0.6948828981351811,-0.4818267039387623,-0.1506285501576647,-1.0477231808267662,-0.10494970816472263,-0.9082219532633962,-0.7342853636547968,-0.08024222393281695,-1.6591937048634753,1.7655453050796892,0.9715295024261321,-1.336802981733085
2025-07-31 00:18:04,-0.7622830267143402,-1.6206894199642594,-1.0789434527323518,0.700258327695732,0.3284759698700638,0.8312635895232127,0.96095139558336,0.5314884320461253,-0.2080696876810326,1.6067571078933642,0.9229239457509049,-0.4518767196920952,-0.24237078690475006,0.8021719843031189,-0.5571735258638651,-1.5957152946951345,1.5610087102865893,1.1120931089895991,1.6779591828552771,-0.07647038214127216,-0.70732561457417,1.0659671322766002,0.7588680613368368,1.9861330327395488,-0.1303216010768003,1.1558423701001033,-0.3342995547033349,0.17676172620597855,1.0800972916749267,0.14994212258532968,-0.79302579887025,1.1220714589471463,0.8274546174368542,-0.538883886475976,-0.7206418859760703,0.2598177906155914,0.9554894922623963,-0.30977372510248985,-0.03604980367716876,-1.2790764692090677,-1.0296732145051704,-0.7105609824139795,-0.7666487872726959,-1.6055489955480233,-1.2056116743605856,0.7684158093006912,-2.1921522607527644
2025-07-31 01:18:04,0.3194676995402112,0.9543922651165537,-0.5425256826259683,-0.009034214229270341,-0.8734101769939976,-0.3786011298930561,0.7931158867784377,0.7412445890057471,-1.085688519107201,1.4360764718482766,-0.3003671830696657,0.09852355344531069,0.8865356515693241,0.35809582218996244,-1.0368445016186765,0.021130336336866444,0.14288782594511446,0.4208814793747099,-0.3490507427564029,0.4181442166546534,1.0402471744096604,1.4031803943503565,0.1583223826120524,-0.9115191782329162,0.5502093544427313,0.7624303732107489,-0.8061569661812403,-0.5382481661435046,-0.11029402691687133,-0.18283321608151304,0.4527234433768596,0.6916588908921519,0.43283333379236555,-0.6182941674422753,-0.2148223820889434,-0.38919704533900235,0.013254206625564972,0.7437585154496551,0.1485747002682636,1.815029745718397,-1.3121426818680062,0.9901867360542623,-0.5735353941906441,0.424241423192305,-0.6323928920497944,0.1365509283218361,0.6740676867611657
2025-07-31 02:18:04,-0.8592734942517641,-0.04417703246971228,0.5577603133056243,-0.5434314311977684,0.3313756790325261,-0.07811755399475155,-0.07265929737148033,-0.4351038006705073,1.7120639066913836,-1.7690643558285,-1.7332250704517331,0.09139700361575748,-1.0573264619528775,0.09193644224608837,1.2302277852566765,0.5655495761535276,-1.4610573817638368,-0.3869069044596998,-0.9674293496720585,0.3592410443652753,1.1337107933936426,-1.0986533891912422,1.2284964124474302,0.9561059396708607,-0.10162880135174261,-0.2099399694052903,0.01049626434270648,0.4323951214423886,-0.9556919054338779,1.0784531412795146,-0.6822099722783517,-0.5469717569355643,0.8436987252150968,0.932034834055809,0.3960317581778074,-0.27602176727827965,-0.2396975609520778,-0.6302775645333759,0.04166736552134656,0.6177094052460356,0.2221009727857497,-0.6481924687145603,1.3422968451173254,-0.5379115894231861,1.004747382999225,-0.15662647008014613,1.969837400450317
2025-07-31 03:18:04,0.7216273089038844,0.29309123474971366,-1.5823602780923962,-0.4962972388371735,0.13757548478529366,1.8476204768996387,0.7210134673500829,0.8370079080019286,0.32131450698415553,-0.08977261599887662,-0.3124870465432621,-0.307461547269884,0.4317124913695398,-0.40265516794175193,0.2398804848675826,0.6301154710611456,-0.2014807616944092,1.6593289791505832,-0.45941129971069844,0.8755164696628019,-0.4329198251213342,-1.3199716106431654,-0.6398005093101575,-0.21479315993980644,0.14369088908786992,-0.06369758317953242,-0.7929671978508244,1.1060830725381432,0.3353303861065037,-0.41094153273344697,0.08879103715938469,-0.6261531482618026,0.6470686302181247,0.5175100218734267,0.3469703928580083,-0.44994949539973633,-1.8163279097410963,1.1145455885533366,-0.4694501077572968,0.7236066687037063,-0.6821816219100602,1.953431298099981,0.23750339389313255,1.2176718855138091,0.6250528266853138,-1.2766887467282153,1.8496792590949787
2025-07-31 04:18:04,-0.8104401311028099,-2.5149588344638394,-0.5720252144346131,-1.1703722617015,0.13500082452855436,0.13107679417272458,0.8258236501244067,0.7223421394217441,0.1739160744361138,-0.1476972331825457,0.3724855992867309,-0.14516914131529823,0.9947835916602376,-0.860422584913653,-0.40180299682221116,-0.7277106255547615,0.5650176283046071,-0.6541231861805863,-0.6671337891235265,1.667542985712149,-1.0836595035295882,-0.5878146262204785,-0.42255956614113344,0.33346234999065916,0.5249736306184427,0.3079819505191673,-0.8254613655772384,0.38748716011918954,1.2521367164370145,-0.7889808008366503,0.023618505858495814,0.4243696307987159,-0.9556440539149355,1.7715647585427914,-0.3724988301049349,1.574142314649073,-0.25381430849954384,1.3048225814263423,0.5595196672134604,1.4635011875964719,-1.1224824112493113,-1.0532930302778083,0.23297928408880614,-0.7225035202236145,-0.13621819017522147,2.0487250575755924,1.1505784638937568
2025-07-31 05:18:04,-0.982817558148761,2.5397795824659157,-0.5950654270357296,-0.48385876150078455,-0.07324576404490271,1.8214375506253468,-0.5833855912333322,1.879239449846823,-0.2611194259910608,-1.1349314040010425,1.4466344336722126,1.006739741223822,-0.31940533212953875,0.16961900802853175,1.1813464370871252,0.1864987518182411,-1.9495762275238602,-2.5139537580839435,1.5016743304437639,-1.6375291806497423,1.1170231312538332,0.25045661300140015,-0.1690339634981183,-0.0033782789702136076,1.6904116049175648,-0.670948579314948,0.7709081759680851,0.6034615119078555,0.011015154119537851,1.8559514500219818,0.13726606325798713,0.14586631830568067,-0.5716999390857052,-0.7603107017651243,-0.31281217013508333,-1.9306340931293386,0.6095906943340719,0.23323041123562374,0.8209765993599325,-0.3293613010662002,-0.6700356310896064,0.9239582756772736,-1.5854259245685074,-0.37842109410483704,1.3223695025361413,-2.1480335699674242,-1.1048865963437011
2025-07-31 06:18:04,-0.710871064859791,0.80052790362301,-0.2590422659743956,0.721293256339429,-0.1964158346391058,1.2304464327455737,0.35660453970496236,0.739629263942175,-0.7109955242854165,0.9530894464424301,0.3174449303432856,0.14353402723406625,0.946637563378755,-0.9428779966384718,-0.4949436059055771,0.5816894040912264,0.5644037243915465,0.8758927287740511,0.30606634032142793,-0.2593871795368167,1.1156480225045722,0.2567792160972615,-0.5907469038882477,0.38251911687514295,0.7327981722661115,1.440104536162585,0.5868474369523141,-0.423199734744469,0.43833541168614787,-0.13119324806567836,1.0858140681264423,0.06845499543518135,0.2863822039763563,-1.4125858931226785,0.20499566450301637,-0.42505982952654664,-0.21042808056037646,-0.1714983015676072,1.0767952106927996,0.6631355636671479,0.7646777396956626,0.5381474864869857,-0.3156003034402082,0.5359468152118866,0.46497442627267704,0.14528989993945993,0.015622252532988313
2025-07-31 07:18:04,0.815011715491703,-2.8101244810393036,-0.24107923304308448,-0.8334108219403428,-1.8906223446061596,-0.17213877604496383,-0.09441675882794415,-0.46604402664690225,1.5800002275105645,0.6865094847165423,-0.6703773885253487,1.2971732175544408,1.2615817868098416,0.2403346555809437,-0.07785285501430546,0.08939262527785677,0.18232256354946863,0.4396673128024955,0.055115287058829246,-2.266802127171099,0.22142793498181385,0.2234467175095224,0.9012254828386944,1.104621936330412,-1.5499937425748629,-0.11241673255578008,0.40406126088630606,0.2433769016432149,0.22548882505587706,-1.683118621311666,0.18823946372651068,0.03857006889151359,-0.24619889924603344,-0.36391037137903176,0.5574988431544319,2.1317444630533426,1.0647301625950254,-0.12743835797139183,-0.0419310631952017,-0.6020090781652494,-0.6840141546357991,-0.2865622915233347,-0.4529389827734697,-0.2791336565378531,0.29659083816298615,-1.417621750738066,2.620091458871668
2025-07-31 08:18:04,2.450428555129202,1.8375607020476559,-0.9011488866913474,0.06513152419721666,-0.5210089133993235,-0.627302287814453,0.02448173571050243,-0.184199491496931,0.39343782003641187,1.0838577643829954,0.1739113634314278,-2.1535290693713693,-1.057369659362624,-0.24218585453328603,1.9710657107148595,-1.7538332829436494,-0.6688237777195021,-1.2265613634401105,-0.09932744265197373,-0.6515064619705131,0.9764715472718081,1.4464528456955759,-0.07029095816088557,-0.5846295456595756,-0.32965801927583654,-0.6527359411046711,0.4054782869543873,0.022561189698389196,-0.42278601246495695,0.8305217042432136,0.23720346218487393,0.3216689580271027,1.4302864289746917,-1.5015868217795543,-0.3194660036559958,1.592297076619167,0.10549075441241255,1.6292016486230998,-0.779455154918684,-0.35868577794810086,0.8847815516042502,0.005446662760283316,-0.8744486372855613,-0.9278028282182534,-0.4342037616828443,-0.09555444881570507,-0.9096637464223666
2025-07-31 09:18:04,-0.13794402436612807,1.823617096697816,0.9516284944066112,0.158016673861002,1.2228711754539219,-0.18350573977582144,0.7384844617283778,0.40705731604320766,0.3726659462988581,0.0773394967737096,0.08320144520536793,0.02423265807066521,-0.03404128098025052,1.3680336106661768,-0.9988080619582905,1.0451815633451733,0.3550751840717254,1.0744574942305236,0.4833275773016673,-0.541907349139613,-0.9242863753626618,-0.5131125799601185,0.5298009033390952,2.405237536518732,-0.09867469009103638,-0.34941616635196654,-1.2621575408938444,0.01105302766735374,0.32145284855408773,0.5138293696012962,0.24071398503037011,0.026506653122287067,0.8872854597794497,1.3462734897020379,0.14497415662636842,0.3539895999204418,1.8997696457457127,-0.8338433219925157,-1.0403611986821537,0.43586179553273113,-1.2299713165365491,-1.1965625038148464,1.4060241590760159,-0.7800879926921314,-0.7758709634513377,-0.21463971627185074,-1.0595672152964282
2025-07-31 10:18:04,0.09386720386050837,1.0507296337998457,0.5821750070381057,0.518628088041628,1.5303468280249635,-0.6337335943069592,1.6688116676848153,1.0237409893439802,-0.7318171974695481,0.7620602995446996,0.60571600602966,-0.9375187727922342,-1.261231072378923,0.05914650398829359,0.8010927243847242,1.088772362809341,0.1257008725604407,-0.9179094334495472,0.32648145800168465,-0.7156935673337521,0.47594376211492434,-1.330680356930557,0.35148690779269814,-0.9104424585103885,1.0869389169963606,0.15558107152697168,-0.5888773994721583,-0.015655708122066354,0.6503721290622104,-1.2096594805009857,0.0027071037939821753,0.42095524223018266,-0.428541134860555,-0.3132905316681987,-0.24416476720768288,1.3581528441378585,-0.15777343971576252,-0.7993417017685086,-0.7863695157463616,-0.854019816665396,0.8970336332251195,0.12866146406120885,-2.354354501815531,-1.3229040593126797,0.2846574198907167,-0.7810213199909675,0.6471089441971404
2025-07-31 11:18:04,-0.6240519626169649,-0.7590002109996485,1.0844917664531002,0.18102569732396326,0.6696544930325065,0.18442036193702924,0.6503718412859268,0.1392911436029233,1.5939989396357612,0.46774824827744577,-1.4523181078338618,0.6369700339685467,0.7615990224503574,-0.5477996868916243,-0.39634233982255945,-0.4676994444318454,0.8807981401918399,-1.2645910561512748,-1.3466613876363853,1.1024292345000413,1.8526792933910294,1.3340506318232483,0.38873380559923965,1.5368422810345406,-0.5194196435739405,-1.503959564311176,-0.12573002524485416,1.9369535173180594,1.1540073229815737,-1.0165138814576806,-0.32110037057796714,-2.1026246313194648,-0.12455388608261662,-1.1351011282851908,-1.327679413506391,-0.17480740155367414,-0.12000633337564087,0.20298055425579176,0.18587469029067596,0.41036675548381046,-2.5251631776783623,1.1897253852011367,0.47444282527487125,0.3225690495483091,-1.7580620580289836,-1.2071728846292682,0.46893055417031543
2025-07-31 12:18:04,0.704865271141423,-0.6709419051903743,-1.1137946439940611,0.6769196860482922,-0.9724223348292411,-1.9752909954581093,-0.4120849096202385,-0.055065863475711144,1.2391634471970792,-0.35805692299318725,-0.7774018205298803,1.5313624807230957,-0.6259310877051233,-0.333756825599031,-1.1785722066726643,-0.08100163099701774,0.2442999645470484,1.871486255473867,-1.1035599910342622,0.504643706586506,-1.7839660246331217,0.16635281610466846,1.7069983628025827,0.31291197084844014,-0.76450618554403,0.13530342313905394,1.058576915121942,-0.6989125484140316,0.573587477974149,0.2546280367789932,0.2231047366372188,1.7659683950840248,-0.5884051388908375,-2.0987377199768833,0.24317146910590065,1.3275310063631205,-1.3775813684851341,1.7920573572649474,-0.7194942854301327,0.14278322869607432,-2.4840805247971707,0.6411213424654757,-1.1530030878223214,-0.34235209171944003,0.5029178053343198,1.9592996592481755,2.6782131857639473
2025-07-31 13:18:04,-1.146661500047926,0.13081753459404788,0.2666800444402764,0.47894576257590576,-1.0726949363067364,-0.3652751548291161,-0.42277083897579654,-0.600747629795569,-0.6149010094770724,1.1492979850959204,-0.632755023142949,0.414456524184096,-0.9267372026365013,1.2211133428470997,-1.612671030162221,0.21137612612437615,-0.6565316377110219,1.066619017201166,0.0847413420685651,0.831672161266417,2.2998336885292088,1.1388977716916886,0.7915936869284294,0.2890105675818869,-0.24870236234372917,-0.4374182811214861,-1.2204525174189431,0.7515354557384591,0.7506236816144157,-1.1216532153653689,1.5109862949567505,-0.15129388431711516,0.4346349966655629,-0.8549329277230849,0.7597675352914761,0.6454748452118231,-0.17165767973487783,0.9470527452728901,-0.0663527730903538,-1.2528507408810632,-2.267643649318104,-0.9495849495009776,-1.8425194076632407,0.6812122305516275,-0.1984203593002602,-0.2286298827955984,0.4732337037859493
2025-07-31 14:18:04,-1.1104109356180103,1.6700811139102132,-0.28251243145402744,-0.16859514883806692,1.2703112771235405,0.4440151555219143,-0.6777347992430219,0.29940866672007527,0.5685248331867392,1.9420487264712998,-0.5185050443239417,0.739021185724571,0.6317404432306059,-0.6473313564257281,-1.3804156839625352,-0.10867324007808082,0.08793205879071089,2.0537073120863245,-0.20220105482345174,0.4917881729356553,-0.8602685195148583,-0.3127298130003558,-0.38485913772514524,1.1572932602756227,0.5306774035007243,0.20192814880886686,1.3149920884824124,-1.432449368085787,-1.227388359207719,0.9517107533125274,-1.0775725321655132,0.8589204133531401,0.15786394901338544,1.8124300091792769,-0.7051735924744493,-0.05189413265367458,1.5910671027683747,-0.2179167646642213,-0.16070642027511375,-0.8987750800053641,-1.4471863832074123,-0.3739817723582395,0.18235863311557043,0.2961359532266663,0.44251805266963407,-0.827072802751084,0.23331977619926428
2025-07-31 15:18:04,-1.9013846425716476,-0.9325143416072561,-0.27006699007936863,0.7476781644902623,0.978749879976034,0.8848960240208151,0.27758747199544487,0.8800590578023445,0.46616356547633503,-0.5512488518397439,-1.0650256190418592,1.677001551828694,2.1573397568077315,0.20589051776150497,-1.6564210771694399,0.9458514014933325,0.7337548190066089,0.8367150457164407,0.7295933874921365,0.8021253681240446,0.5096287331823312,0.879405814841189,-0.2770952331824976,-1.6431908500452246,-0.46304683090896903,-0.5819557312910829,-0.10452351682471055,1.3736905180332821,-1.3126887884805718,-0.8945106404427885,-0.17984655122648047,1.0478909832469232,0.6407581415538235,-1.1899333755312622,1.9931402363604405,-0.4699107445185423,1.8442676060246295,0.6488617896504513,0.25168142081525985,-0.4324278718980067,-0.9092785425882653,-0.16682094179906556,0.22216200075044765,0.33641808415943475,-1.4633275417850626,0.23260511451349633,0.013500416125960937
2025-07-31 16:18:04,-0.5277084856650424,-0.37190639717191853,1.8341377804676033,-0.3140238102309365,-0.6689442294756114,-0.7947042583775389,1.8385142667500225,2.091037689548906,-1.4629313003543414,0.18666738844782124,0.4450887427203798,1.014676393592616,1.416379383453382,-2.1160363667227258,0.03802440047425858,-0.12689232140001425,-1.7851674945530145,0.05828188325093802,0.47104562607774536,0.4331627487998155,0.05970954207378365,0.06844695198999468,-0.058029735159352946,0.5948356978517386,0.08440173320700153,-0.975179092478438,-0.3030115596119609,1.2777814364776983,0.5326279586917879,1.4838752827993713,-0.9436837938578794,0.20647689423399065,-0.02348449841611436,-0.06029895636440605,-0.29129579160422875,-0.07663694357756642,1.723357282791718,-0.05226300249469305,2.261987740712994,-0.7316852980865609,-1.5295615610404893,0.6906086559299166,0.4076485885677083,1.3986872826650023,0.2587781646945017,-0.19068993549758922,0.24146635474830136
2025-07-31 17:18:04,-0.962227622315341,0.6186787758393375,1.900540594832551,-0.46466984581309173,0.44459522928699763,-1.532015688976601,-0.6015131342566182,-0.6321321414798725,0.16546539816209252,1.7365785915665612,-0.5958941625139911,-0.12437960451986119,-0.03994077451268681,-0.22171016841546098,-0.9287361565546726,-0.7570432179315723,-1.4566638860708487,-1.0167640595832828,1.0852688023710433,-0.5968867011931888,-0.4174132014768047,-0.6746446578527571,1.7013493786277516,0.34338475771537874,-1.6631140040588506,-0.22436668784111008,0.6898846234036873,-0.5608359272218709,-1.257394854493485,1.2526266833733102,0.7474106444456886,1.3451948966489924,-0.632493393825025,0.6037449172411486,-1.547146393089765,-0.7028370693306155,-1.4358603311473508,0.7465185855077032,-0.7515189547356564,0.20022347998069506,2.5925519531448304,0.23778114917866047,0.8000179312729896,0.013567221619969917,-0.07144523266664053,0.11210981381615505,0.17769891995843962
2025-07-31 18:18:04,-0.27287819368609684,1.3104146816228126,0.046195799729747945,-2.372379383608888,0.9272158397559861,-0.05400552349477052,0.10889640587984496,-2.888944348699681,-0.986364301847641,0.8264011532973246,0.26751691295567226,-0.3316416890407323,0.22401187055292787,-0.14208083806136879,-1.9928698978032708,-0.5119156858610251,1.4495657990099875,0.82173230071969,0.5173470194031597,0.43530813308761196,1.3662602421875583,1.7625784835461011,-0.2412838354798159,-0.5578379709242696,-0.5018162602068336,-1.195373901068372,2.391746524633569,-0.40357745400011935,-0.010139527095214382,1.3660883540348099,-0.44152986408719597,0.6164252053612732,-0.4940554104519843,-0.01792993910144465,-0.5140774455442009,2.1764750510905726,1.0990435938893575,-1.9570032903526464,0.9158416420485371,-0.5411462786153257,-0.38229757145183063,0.2633328277357048,0.8216845880453814,0.7904810705637187,-0.3604434144540177,-0.923734235368995,0.61554547207022
2025-07-31 19:18:04,0.9078763026952728,-0.9213165910180497,-2.0010571190190687,0.6159915696578249,-0.5255363927571274,-1.2535357163573224,0.30979645886069246,1.409085939765863,0.23423665767152863,0.7797061621527406,-0.6842984289841275,1.014657641960637,1.1647275730308906,-0.562848656797735,0.06796079849937936,0.04664733156217388,-0.008366790582092463,-1.6816385043411717,-0.5455477984450122,-1.5656400817640224,0.5909995539462605,-0.29303722565757917,0.6981348562849929,-0.8744958063491757,0.7871873700431203,0.512687627444807,2.090209362837538,1.468263701074962,1.9289603920548977,-0.5697768006341425,-0.6930571911734636,-0.6469662715106107,1.425212312316217,0.890033995232375,-0.4822709103634179,-0.6382160768804466,-2.0421380550537878,0.8595899324957462,0.24504381424429103,-1.4215260455996663,1.5302821243036218,-0.021116166918930708,0.8554747096513882,0.7638607782904706,-0.3148424922478631,2.5518803741982565,0.3766573075830719
2025-07-31 20:18:04,-0.5556346120384854,-0.062088037704279085,0.33453116053171017,-0.9497356627599901,-0.8536624229287115,0.12171742939765143,0.3913370752934432,1.371505551862876,0.06395268456812053,-0.13104311360234744,-1.1022312324414691,0.33817046683381147,0.9820622096325017,-0.9515621340646108,0.7589647964068431,-1.7751355100538555,-0.515796494580822,1.73015587826853,0.6116682486005418,0.1927126126801499,-0.33180702894925374,0.5918187480766047,0.31379077687767987,-0.30225414914015675,0.34963776254271084,1.3642890387074431,-2.2128932091807565,1.6430573493335172,0.8502437234305397,-0.9421247528249327,0.5258754069952732,-0.040129516844401206,-0.1839847940867402,-1.1592043787662631,-0.7474641941950216,0.1797367924476263,0.8325110212466547,0.10918398487024496,3.8799692644146373,-1.3082978751420065,0.6793175239863449,-0.07582021871774836,-0.38798167324945315,0.0516706131218363,1.445578580880466,1.0086547994031105,1.1719630843481266
2025-07-31 21:18:04,-0.1861033597006,-0.39809887189088095,0.6474585377488833,-1.0688068010344192,-0.793415977569755,-0.4627785539715267,-1.3199514343336924,-0.023446007203035156,-0.998228959623314,1.451884539781884,-0.8815092768583587,0.8443327200765859,-1.9079569748798977,-1.5809142414970698,0.3786757098082939,-0.37834235298488095,-2.18674879907557,1.0121223858345476,-0.22278210309366864,-1.023705483895589,0.08482022183252681,1.2278358884077278,-2.6942895197318153,-0.6319916257208389,-1.1945905680115834,-0.8002531694270197,2.3270410270665383,0.5938270739502782,0.6932431201567915,0.7827307857662592,0.09578474027289793,-1.0314078072288306,-0.29109014356480345,-0.3062166896253444,-1.5078093753670312,1.4541302972108205,0.7771605790201391,-1.4031792260809515,0.17979638398176134,-1.3824181903091233,-1.3280009120737286,1.4479946324976198,0.48341429815904174,-0.8379808873319465,-1.1803837362941694,-0.0612879856970331,0.7689991889198664
2025-07-31 22:18:04,0.1473664057767017,-0.2737796644122546,0.4987085043444012,0.022655115386648963,-0.6769666588431085,0.538039596674506,0.18738905061123465,0.4658117663300054,0.6959064116651988,1.3295415265409167,-0.911989515128175,2.6926496127332333,-1.2365907905433868,0.2834279243792869,0.3893699779041075,2.0718097462229466,-0.9877890143258822,-0.9615432696706463,-1.2584329383360173,-0.7014351900646232,0.5063684716346166,-1.3346668093717817,0.46717708658781104,0.9853568472814865,-0.2820032827261274,0.14123319690867453,-0.6512166866060477,0.97335238222006,0.013549607484203587,-0.5523402234481654,0.8078451410143727,-0.6648282374140962,-0.8804425761189023,0.2977032422155436,-1.2468596548868074,1.1379323706999356,-2.363886003640881,-0.8709787778341058,0.12909511465566906,-0.260765835774688,-0.9198563899455046,-1.7248075789816035,-0.0967849913129871,-0.1658669749950013,-1.7542640200012076,0.5066886425286491,-1.147588434774741
2025-07-31 23:18:04,-0.3679382796467859,0.04847130916239761,0.15189190222272927,-0.9628227428056995,0.8671905195862265,-1.1367498139103114,-0.7597268941954723,-0.09029800554344639,-0.4318225841261346,-0.022085267381089336,0.8679188155009144,-0.39144235491955864,-0.022063132418440705,0.8857134463604145,-0.46282147503277704,-1.5653333834185268,0.4799101260849243,0.09973404224903458,-0.29315585945872524,-0.22024981017279593,-1.7867994835318528,0.7087090915188434,1.1872736516232465,0.37749180260002896,0.7137285108367819,0.5362011796840905,-0.7517169752841181,-0.6100945841431746,-0.17632822461990902,1.729577785399014,0.12042148130454636,-1.9515896956255172,1.3333984383573716,-0.2778027065200015,-0.3629931892948928,0.2323134994788227,0.611023477461205,-0.7815229971925689,-0.09186709112952884,0.3598865212825862,0.8580002979788236,1.9969914275871279,-1.806868371659706,-1.4326706782431546,0.286687182322336,-0.35444086598480884,-1.6234152424842616
2025-08-01 00:18:04,-0.12541631875475764,-0.27996699399193786,1.1391682809771013,-1.1610767749475204,-1.9937533836569727,0.16781799354012336,0.7182826326978259,-1.6727871594468118,-0.081966529815453,1.0275771472346185,-0.7020556640920527,-0.3807412920586871,2.7542162716894745,0.6057113803322668,-0.037193161573757856,-0.19622559706685017,0.3365149180687274,0.12126521346815657,-0.5496047905346895,0.3558562334913355,0.4574936991867512,-0.5536609269269724,-0.5171084092157161,-1.3427917221426222,0.22205507808987257,0.8043677931044968,0.21784695304703,-0.13792320854625137,0.9787470304528293,0.7201740297402079,0.5000074363116767,0.2100851029090103,-0.14801929550626275,0.7940337247211833,-0.14747958112703868,0.9360973970894214,-0.5675893748766543,-0.08454566017480626,-1.4691722095142983,0.6308675560265319,0.09313281511638317,-0.5588324478781976,-0.10122143164702693,0.445667185819813,1.002739110171782,-3.449890380287757,0.09345665852316822
2025-08-01 01:18:04,0.4404058432872207,0.4721370042178489,-0.031329293612139875,-1.2906835156714387,-1.778937104315916,0.41508947169295707,-0.14296917866966216,0.2865189451297064,-0.3660897831207551,0.4005539738533887,-1.130341045740047,0.6616423065279289,-0.7720182894750964,0.4402736297667194,1.0911510626058247,-1.330188130025465,-0.9046111072451607,-0.29494157693784595,0.8073171077188745,-0.5356840245072577,0.46165762894217127,0.5308884873780145,1.3815667427168072,-1.386011759727123,0.3338271436008068,1.3873977221430172,0.8670602684335551,-0.323772376484478,-0.7110166312089476,-1.1951536907322067,0.25606944470090853,-0.9588356353267026,-0.8777296642687001,-1.9531094299272647,0.0539784554719042,0.7035390948846376,0.6604214299024842,0.8638662695876751,0.2880667758050063,1.677471265143987,0.06205546238936975,-0.4999705155666117,-0.3768194933672096,1.1116935095079974,-0.7701267927436537,-0.5253117890895578,-0.9985488308496343
2025-08-01 02:18:04,-0.8134297937941993,0.46064805049621366,-1.3593259595920848,-0.4439503991624088,-0.28042543144803195,2.1637433107244237,0.8907662683716893,0.10155214698240175,1.8061774709953424,-0.25378584891801137,1.0825047896803242,0.27475442411951334,-1.3895593057430862,-1.0186727723011766,0.09075561527811343,0.39996802852686714,0.8010266841063098,-0.06913693633630122,0.16119195423715038,2.000735617954377,0.16694834104069156,0.5163090343496208,-0.5066829242079423,0.07005353319096734,-1.2304765753662674,0.8835513898995296,-0.15718002853443627,-0.6773507801035831,0.6731704206577508,-0.5457955291155814,-0.7793468836600809,0.9671950335132331,-0.37238543832206483,2.284852249066626,0.9688045747290395,-0.5954794581783223,0.13439683432685132,0.7876730610314714,-0.8439675715783967,1.3569350145212136,-0.1393141283608634,0.42281540042043503,1.0394501285158957,0.1987591172636498,-0.3146226420823159,-0.37346304994255586,0.2909999967345353
2025-08-01 03:18:04,-0.960728593551519,-0.1206666598302036,-0.04384212538637793,0.18805021862669424,0.5083613032223959,2.1360729170080597,-1.6342410113603982,-1.478587275901885,-0.1547856381541214,0.2601282082031684,0.6381332025376429,1.080806720799084,-1.0954913149199759,0.9551313875664696,0.5912674622278911,1.874094779390941,0.10502435640588845,0.46737522749088756,-1.6843435835525764,-0.19222123153412535,0.13908280224771657,1.1344188496722616,0.24531858845780774,1.0200531560926225,-1.4290736569008395,-0.2512609607392539,-0.44432898397256726,0.38312616315698017,-0.640971674968507,1.5065151998800037,-1.030744932620365,0.06836284335148064,0.030226375974350447,-0.8289940155020828,0.47104749187055434,-0.35637744249672265,0.26019476094905736,-1.1008015891472436,-0.6489878703003606,-2.4364413677864385,-0.6424744364274809,0.6149372860706833,0.51703437056678,-1.6583250796808542,-1.0895680156895735,-2.4816451892662856,0.30997222317821854
2025-08-01 04:18:04,1.377023456852177,0.8686979881962439,-2.137217885427256,-0.9333672853025619,0.6215344719317286,-0.12194357742738117,-0.6859103050136718,0.2097694875667445,-1.2323172306750063,0.5751811152686958,-1.6399526237937347,-0.21944110030956765,-0.4369375576037829,0.15936503090986123,-0.9223978767354684,1.264201615728303,-0.6073093164733944,-0.20680389500643742,1.4971797639091782,-0.4093220350867729,-2.0978544020117913,-0.18605753854318677,-0.9664492469998764,0.03788527451365528,0.059163021612713626,0.6341928508997915,1.418726154658973,-1.4545050355867601,-0.741543522026712,1.302100327806995,-0.7201202453448188,-0.45974024231837873,-0.6194031126168625,-0.0848129264332486,-0.16151614099616682,1.199854368043935,-2.19186550190709,-0.30809450490764034,2.315588575078568,-0.33388238361149597,1.6203788030589423,1.3203523132494588,-0.8341912795354113,-0.602179389713053,-1.0342433827247686,0.22248410351791598,0.7492033092244793
2025-08-01 05:18:04,-0.9203399542039107,-1.9541255042065846,0.9840795834812275,-0.4019285595251342,0.9625805007621979,-2.078208055908436,0.1141410349801238,0.46761120988183147,0.7486444764747296,0.18502418412420232,-0.30461503607464774,0.25105681612759273,-0.7203189014038798,-0.641822242892994,-0.6556094421072172,-0.9105471176424809,-0.6530639723424541,-0.8625508781856005,1.0979864399421786,-0.9848514578923683,-1.0037948855641858,-1.428151667097766,-0.6826641656295867,0.0009840786320529362,-0.6052893601100432,-0.6671138320811927,-0.06499919754779737,1.1106736751870099,-1.7903993419613333,1.2974080848269813,1.619419513050782,1.2098112649278754,-1.5100202506529443,-0.09750066201947029,0.05767545425963514,-0.6004081914861773,0.8311611902822711,-1.1548334438274939,0.7537068344448927,-0.03186101338108799,1.7934448552130513,1.3350011970286255,0.08114859241608077,1.0079647270891727,0.9093701968978715,-0.5822066948408742,0.8513127879949679
2025-08-01 06:18:04,-0.09169355687205993,-0.8872996798652736,-1.5784902466592203,0.7878930960188083,-1.39128652519295,0.5047601827758897,-2.2637585422886812,0.4231856824438613,1.857055620083557,0.8713631457121375,0.9187351766133831,0.12922983822812628,-0.051413023251404656,-0.6593532451744003,0.23562654732214483,0.43982729897651907,-1.0340854400115345,1.062419259667141,1.8992221913572032,0.053936805558598436,-0.39986657272841375,0.6141192849636761,1.0675654508819448,-1.2428380111992197,0.8585397134938234,0.6403672223478928,0.14514297386137007,-1.4317288608426648,-1.3768329643002988,-0.4318691092306991,-0.25248416018171915,1.1690078571119642,-1.222117048782282,1.2202837866829577,0.38749875679363005,0.18346520857861126,-0.4180445562699167,0.19349600593674915,-0.5553774917991489,-0.22560115424921584,0.9271795737448196,1.1061631840052781,0.3720203940251972,0.5987489326128335,1.5464714319698407,-0.3396116600959312,-0.8835985563208173
2025-08-01 07:18:04,0.5866081443206109,-2.0979082081394878,0.8823355190303038,-0.14866621148178613,0.0951956195709226,-0.04670906254973074,0.8698539806810561,1.521862525471216,-0.6350001633462281,0.23392084312246528,0.7687922245945101,-0.18008605319533091,-0.6840418147497676,0.12382706796666312,0.8807436793066471,0.23817072320946817,-0.8622552780047281,0.3134692661329107,1.6701711793749219,0.44777861669754443,-0.41286138508515846,0.5344661677741918,-1.034831451885921,2.1996046893464247,-2.9190783404288947,0.11285400768391482,-0.9034370122338217,-1.0244565127539595,-0.12297457423840952,0.7349805414265717,0.4697731527919546,1.4932052322803107,0.23863655240976897,0.009902131177363016,-0.6206099109131812,-0.8061899902478709,-0.6006989924511743,-0.5603474103752129,-0.8939211854344479,-0.21592839158198446,-1.707678365711678,-0.6883448307939681,1.222068349573118,-0.5834839361306356,0.0009772881955726434,-0.8837756557079741,0.22226869538257069
2025-08-01 08:18:04,-1.5247213194351816,-0.48157581235611713,0.7245990917546845,-0.6199413765509448,-1.2609647538013327,-1.0488343966586535,0.3168468171744185,-0.1481173443002163,-0.10192200119800031,2.3684342295710277,-0.865262227576439,0.19839260385542448,-0.8752166301164176,-0.22578073457018455,2.0862471931096276,0.1585195330558298,0.40809284632796405,-1.637957622512178,1.3825612563202476,0.5358132889114063,0.2222498053804591,0.29930833549610925,0.35542459033509993,0.901940325072639,1.1229209557154547,-0.3643772439339755,-0.928593877077649,-1.4101032056322202,-2.0522939252793453,0.2358920038241734,1.3981212799353306,-0.15727061845716525,0.8497327832471651,-0.3758376491885808,0.5602094153846324,1.172475833991937,-0.2722219485069388,-0.7756589220166556,0.9147110710223676,1.74430269548877,-2.6179760213468004,-2.7804373053230926,1.071110376596555,-0.664638034983367,-0.30751942268643057,0.83935993444256,-1.096430179999008
2025-08-01 09:18:04,-1.1168897732750638,-0.7992674481192161,1.3358144373253071,0.9682870585336856,0.08890008731133446,-0.10516379817240018,0.9284424022328264,-0.12009387117203191,-0.797017956769309,2.020640164699877,-1.5024768308382188,-0.18033660434248577,-0.5123249999129182,-0.5581865072630046,-1.1559269994459027,-0.4491585010148159,0.7636004810780437,0.9321609017402356,1.0540205577669775,-0.07965046269337292,1.2879813969455625,1.2241942130944239,2.811346637568399,-0.3473500286015434,0.3341312173148087,-0.7686314573791357,-1.0102710602929814,0.45493737038090254,0.8523510914683194,0.5211504517897364,-0.40592831026486303,2.5018387175316557,-0.5783251694782545,0.1147693020210237,0.839688190489853,1.2956247427282293,0.4013134888166092,0.6742069780966358,0.14653041845194575,2.401255704291834,0.28379565106376703,-1.2047655452057835,1.0672736959574016,-0.46903301587675844,-0.048823559824267074,0.36228210500578784,-1.0041545176276303
2025-08-01 10:18:04,0.4756020959668441,-0.415657508673707,-0.1832868103801342,-0.090548124032692,1.121038148036356,-0.08709523744662337,-0.4757584683097033,0.14428380998875007,-2.021628822266302,0.554648123723099,-2.31561253510438,2.829201100677864,-0.6010690539946157,-0.8996270576859863,0.7420313276614716,1.3328030433011677,0.3024564382752158,-1.1788143382808496,0.1730503735228807,0.3289011138818591,-0.531137715170373,-1.126542088143231,-1.248525122491899,-0.8076814091823191,1.465663297114216,1.1929094583082256,0.24995343220815608,-1.0718274030694452,-0.08062872696125366,0.033786790373649914,-0.5054600468643411,0.04793243443788421,-0.9022541153401689,0.8131686132846041,1.800367831519443,0.48820869394555033,-0.03042899449202091,-0.2804021765524517,1.5646144887258018,1.1726322295220888,-0.5818175377552078,0.5046947723439039,-0.7846703209762896,-0.9224651754390831,0.22260586171243266,0.7240741758438776,-0.9951194951156276
2025-08-01 11:18:04,0.17419541568668556,0.9836928043307237,0.3210859285364629,0.28822375879883505,-0.025512037817886454,1.6523991188456086,0.8280553576861788,-1.1410693056222523,-0.8162817115885385,0.06099324968487438,-1.0115071956155397,-0.19843191039846894,-1.5467963217442542,0.6354369817114006,0.9749728717390309,-1.943190851542922,-0.4802458015495543,-0.06040425577905575,0.31608488441173155,1.3750095626088688,0.45041806052616545,-0.41953361779251264,-2.2320811924962274,-0.6384524487043094,-1.2893174987566816,1.6157351352534755,0.5502264154110404,1.8452894140996479,0.35467094933190496,-0.060378074400673415,-0.5658332128628412,0.3639583604582959,1.0111893488175685,0.5613984670928316,1.9185093481085906,-0.024430743324577685,0.505442536809001,-0.201094969536364,1.0103022181113486,-0.48440042423470026,-1.282556029859376,-0.7472870534297139,-1.0474084019276246,0.23382243853733659,0.47487010531449025,0.2866155401174761,0.16168779123868657
2025-08-01 12:18:04,1.132431365787211,-0.7358317264887936,-0.6121062240342895,0.6642723869571723,1.0914192546841113,-0.34385745103753923,0.3709359441813813,2.200525580551831,-0.6196153254287939,-0.22818875949594994,-0.4584243993296688,0.9796649839583266,0.4804726705246767,1.7139383435770956,0.11096792205556869,-1.248695460649655,-0.14051361087141176,1.0195131766423005,-1.6690387054083706,-0.331709593602338,-1.0745933967032317,-0.2564106368466068,1.7442105384444206,0.6003357982903255,-0.7798256419107706,-1.2694279507874047,0.9043095866082519,-0.5816996065111065,-0.10644691931552051,0.2984794121949284,-0.6376862584321773,-1.6363540413607245,0.678862449453915,-1.6886766571704002,-0.6883333057491107,-1.5533805890979882,-0.7401330714329636,-0.1790994423153322,1.870554918516626,-0.24072663985004883,-0.5877340036233281,-0.5573576695193143,0.27957524070007245,-0.7070206403573042,-0.3625649257345937,2.455522611796495,-0.08717527978637794
2025-08-01 13:18:04,-0.2423920134592469,0.051721241552839484,-0.7330861544359114,2.42067850719882,-1.2044215877108964,0.9402161707670713,0.4132398477005312,-0.4662852811651741,-0.9330670367944337,-1.3216491323199913,0.5732470374447763,-0.2275134428391794,0.2393984138587158,0.22481651219352686,-0.020678801685403647,-0.21679109044705977,-0.48812346746276525,-1.1588139405169078,-0.01208452870740654,-1.4484751388591903,0.48331442925859847,0.06015410692586411,0.49012725423384595,0.24182267720048686,-0.6049730975589889,-1.2734835149348005,-1.1043632195294555,1.3572056342046048,1.669112129914068,0.18137947313201183,-0.6543791770636166,1.0235829189971415,-0.01794595346425787,-0.7523022180833234,-2.029544938013125,0.14996196186616073,0.7240221031173342,0.45679244624398047,0.1280334548143231,-0.23369808224714567,-0.09591416821427548,-0.18256647723457384,-1.3140992920598351,0.6035309795892678,0.8014472755821468,1.6656570031143212,1.586603247572533
2025-08-01 14:18:04,0.07559458627402776,0.35129291247726613,-0.2875377593835244,0.5253202643697277,-0.49275459824884693,-1.6777282756484109,-0.4635012885057571,-0.5302604062353296,-0.822899351174358,0.35362487218910565,-0.9772527566761937,0.4932999618509809,1.1238775033227335,0.6527242908050929,-0.6375175997918583,1.3433186236978993,-2.0160304200137573,-0.40786698238370683,0.10305999847095067,0.4516501879227752,-0.7229159507496727,0.49624755904912526,0.8197899935363067,-0.2526139901998835,-0.6337029227765887,1.9029459432762614,-0.025182424798000282,0.9313035529828019,-1.3579072836276718,1.5789122906910025,-0.9719386121158035,-0.32782392610129907,-0.08817411485948339,0.4028488767363084,0.9397583959529686,-1.0268054790608123,-0.8540104172136699,0.3794779991974044,-0.42915067128367007,1.3226754374386125,-1.620196010372878,-0.16790207572130023,1.715023142495761,-0.10480947486024747,-0.4847685906680401,-0.12217680715737678,-1.6097920586517298
2025-08-01 15:18:04,0.7454680223460617,0.3269128064795302,-1.5529623690691754,0.05323133067759261,-0.8803359130978272,0.6632406808206711,-0.3307171903673763,-0.22820343754019884,-1.4221457633162282,0.9484932656173882,0.8106803275809699,2.0096647314000724,0.3011068419627221,-0.3152445052000179,-0.0888541725382387,-1.1519972880848797,0.04405949940632533,-1.287235159049085,-0.5153404444156551,0.9682318746031936,0.9248557192686043,2.03873916565581,0.02953847355000671,-0.5650742842443622,-3.2823472982002944,0.22211834618775533,-1.159448989064843,0.17027137664048475,-0.6910298910602842,0.751531521870202,0.07211570807290053,-0.03182540657889147,1.0859878167308996,2.0655565328848953,-0.7073011724189051,2.383367377958632,-0.6845090939098011,-0.9772331150055404,-0.3089549276138719,0.5586914676582314,-0.02224000949048748,2.191396556446321,-0.04915742342143736,-1.1023929610104095,-1.065544093529173,-0.6269211864350878,-0.20162722574944364
2025-08-01 16:18:04,-2.579674278384116,-0.5183014056495344,0.9812238541198105,0.5146751145400326,0.09930655985513316,1.6669410974396297,-0.2440682353245783,-2.444774568992229,1.0018516087107123,1.7549118579597278,-0.06446750354032513,-0.9047078723477643,0.34368037877626983,-1.0065908179997547,0.20431687517584027,1.51274525040932,0.2762019993975799,0.36045376638220106,-0.8516071592706165,-0.9459026625971176,1.1733937185731609,-1.9367395437980848,0.8806284143984783,-1.504121878691272,-1.4317824896019673,-0.7184088679734383,1.7314220533483187,0.14733042162806795,2.293670201597258,0.63643842791686,-1.3035257292279472,-2.306884878604408,-1.0007652684114359,-1.84239310445375,1.6882288399149272,-0.3196599471146786,-2.593889230178808,1.2425277578183604,-0.5288306544336964,-0.30082408504767044,0.78464659278004,0.35074355290503717,2.4430576506097585,-0.6836134097383205,-1.2039386741180675,-0.23909970668503075,-2.0904945547534926
2025-08-01 17:18:04,1.7619037182986412,-0.9354980853064855,-0.597560763916483,0.6540253867605033,0.166216493008626,-0.7535905367169454,1.1799290641926015,-0.27920972578868436,0.317847576090059,0.7267172848648992,-1.0449676245395523,1.7160990599475374,0.39482485520111793,-0.7151388269750503,-0.9755171981987029,0.9717948459979033,-0.5042748461382895,0.8093664491971273,-0.12199147861617894,1.0569764927084475,-0.8706511343046398,0.7373550805242032,1.4740432122264566,0.055692891087678234,-0.355339239708973,0.7821067848126981,-1.2164617182018431,-0.3195323902770401,0.9229304467743913,0.21262806857153227,-0.0023646239660699052,1.1929920131704932,-0.8738454693424755,-1.8226365460480705,-1.2610971349653246,1.1753919609122065,0.3135248510083851,1.157931088795004,-0.9008684248340532,-0.6026411673785483,0.7687450476155729,-0.45809737523777677,0.5440219395713057,0.7870317548123738,-0.33906864735112957,-1.450606212781757,-0.8791253605481573
2025-08-01 18:18:04,0.3628995710707591,1.1165217233500442,-0.6688722433943699,0.1119898126658073,-0.17272396373650276,-0.1311494800203221,1.2496312225289505,0.5981423745480362,0.37697986037078096,0.9018125344917626,-0.13138080121091042,-0.7736777287064122,-0.9604077947982257,0.9325822295342879,0.9627424246777543,1.4846483929832082,1.3621454605959926,1.78546050487915,0.5507388877018775,1.9022280166398884,0.45705988045625584,1.7808217747760469,0.16926469788603699,0.12702344645051614,-0.6597694528813793,-0.0004622968792003572,0.12085299588159426,0.37717720822128387,-0.935200371433938,-0.13654785271918995,-0.499383186290123,-0.12060138028967507,-0.303387107732849,0.6238056072987349,1.9216230548177196,2.3752391908117922,-1.4042041794004638,1.2333736354448475,1.1697295253839115,0.763031612223214,0.015225070144169793,0.37185470708960033,0.6030018532494229,-0.2654333012977128,-1.450860381298634,1.7639411544754429,-0.8654500884491148
2025-08-01 19:18:04,-1.0882081343020809,-0.8758351978821985,-0.847726473817833,0.7789441502652932,0.05197461354060669,-0.1817047068084051,0.5505110528541682,1.562434905711034,0.17419263978982336,-1.8723750190605917,-0.7919615354542732,0.843033176829603,0.6385004784354347,0.3013458764156078,-2.61644969015233,0.01561485721821838,0.408300206712951,-0.3603729050714034,1.7404120061904467,0.5196777838617995,-0.9285426254963385,0.10156272804751997,0.16282789610466153,-0.9336690243574716,-0.2039631491990878,0.8254041129282296,0.9397735297927616,1.1752737443595604,-0.04445255041778908,0.685534486216652,-1.2279404490496795,0.9084476076693737,0.16618420434494977,0.32037978833107533,-0.6030759777546797,-0.4467751665071609,0.9298175059234592,-0.7895106823833643,1.5261923408633224,-1.1716317826150933,-1.4546177917937402,-0.1735316133161607,-2.2674677075407104,2.1855750698976077,1.1667994349559725,0.8077822708148994,-1.0716751755089107
2025-08-01 20:18:04,0.10117110693331362,1.264104145531965,0.32147113496883073,-0.32068910503669656,-0.9349558062179891,0.011827673413203512,1.7727371517684938,-1.2290663265787063,0.8460477846981502,0.8961752680151143,-0.8252520814734886,0.8973948227016545,-1.71855361365797,0.3816334389191011,0.5075334591895286,-0.6296972179199151,0.2051531010624207,-1.093016836998644,-0.11485614091289577,1.1538807131722737,0.15624666799666753,0.0038473301756052247,-0.42744930292177696,1.323586634154292,0.13481030579361214,-0.3978120051990781,0.8662901577990423,-0.9774315101301803,-1.4211510171046542,-0.49331862275543054,-0.36489115358721064,-0.12167210901850213,-0.10845188178020887,-1.696936115444084,-0.15727323630181453,2.181657602075846,-0.38156725803507385,0.08509240053341222,-1.2649725118464858,0.30284911130869,-1.6685854981106163,0.01939498357017387,-0.041742642171828034,-0.6522889353415195,-0.739982260509503,1.0740616399201763,0.36990087148143014
2025-08-01 21:18:04,1.7052398349977025,-0.8563047270711868,-0.4815405143376206,-1.0628869413047324,0.7926280227497589,-0.19586478958333656,-0.4468783878890772,-0.5100681811233597,1.4395330256643732,-1.315362020656549,0.4900609101328782,-1.9865213865317632,0.4151500597591573,-1.478790874118249,-0.37127025480305104,-1.1359793051585683,-2.0610922511138967,-0.5512567414260253,0.49380997834211127,0.152194973680935,-0.7306177301992409,-0.5399959380057501,1.223346310005564,-1.3570313465754493,0.19729539951167369,-0.5819216008870457,0.20770655610235553,-0.34487694826554466,1.4033375929835936,1.2866059811928394,-0.2317342040704805,-0.48161047215084746,0.3830970126349927,-1.1132532794838825,0.06824761040736971,-2.1577839331090027,-0.5639384217984242,-1.01112370972964,-0.16132745763695994,-0.5655212576249915,-0.015293493985266342,-0.43186030432680855,0.9587281152954628,-0.31442161111978195,0.7650514597118664,0.07687994116834096,1.6508377747273062
2025-08-01 22:18:04,-0.4294249872543526,-2.097575183416434,0.19835581187241322,-0.27158653600434873,-1.5463621534672731,-1.0041870962046484,-2.0718579111185633,0.10898908895956709,-0.6948776596841953,-0.8267317568713102,0.31463642844208717,0.007885378698983692,-0.5081503297205349,-0.13388575079679926,1.0609890902028338,1.4126337758227172,-0.17801793427236245,0.12537537453489278,0.16180582671920865,-0.34893251204367914,0.7796785063958918,0.3008490018525303,-0.4657186398931555,-0.3266818703116924,0.4718819887665263,0.3856342505451266,-0.8533173512537324,1.7631502985846321,1.6697695033475877,1.7522501798955423,1.2626291782396408,-1.4628984860321192,-0.9283083135981852,0.6313799790772976,0.4539996438868724,-0.7489993860241992,-0.7213008680205638,1.0294176277460496,1.6846888312421981,0.036132459036108594,-0.9628423699236767,-0.14960314055726567,-0.470645751711833,0.8624775170871023,2.4058057616974033,0.7393038775594576,-0.8233744715551772
2025-08-01 23:18:04,1.4020809639474692,0.8484890581251777,1.3803692881007024,-0.32870768182889637,-0.45550211549463504,-1.0362605079907765,-1.4612010627312522,1.0364638924185652,0.460151518261763,-1.5161955261394404,1.6312314420387408,1.8449629943935555,-0.8004753787935471,1.7464323938227284,0.3219289290310013,0.06689101188846143,-0.5416779776199918,-0.07737867790547506,-1.2595404003233142,0.7327841265365925,1.21344596946781,-0.20768878838526897,-0.8191481222214513,-0.0579148182814097,0.8210219301111817,-1.7016578455695313,-0.4364872547574521,-2.0333323302202206,-0.42678051055911415,2.476974829602879,1.6465324895825215,1.2784902783444314,1.4478134360224777,-0.3453928041333432,-1.7171773103648993,0.49621641746899864,-1.079330116313153,-2.3172079173007827,0.23450110252510095,-0.3483829172437474,-0.13541299504600496,-0.23868965857518723,2.3071570408423936,-0.12310758756881383,0.15506337423421174,-1.9908553232537094,1.0760846313933856
2025-08-04 00:18:04,0.06136134471405335,-0.5157248907964541,0.35841183303377133,1.1117423648394504,0.5173030402713622,0.24194608874591547,0.11600935806374192,0.9207568275476339,0.6483166517849507,-0.16093413593442313,1.1801687734324349,-0.421071723744132,-0.0028308044594195967,-0.696956846482864,-0.9931244869407567,-1.0685833184273015,-0.06031011802503763,1.2136433762970062,-0.5822195713098745,0.22696802119140502,0.44261851729327056,-0.5449851238691555,0.456498145348389,-0.12051373765928666,-0.5476816286767043,0.43649459333783236,-0.14666408117459614,1.565409163855197,-2.9015496422039413,-0.9501865245611903,-1.3841923381406895,0.9496392000580182,-0.6901686278312387,0.21713717828611753,0.1882221315987488,-0.5166183038950709,1.5945382349295398,-1.269584124753415,0.5724664598419471,-1.2287105674739087,0.4014427797227141,0.25231924079059753,0.8322264857060945,0.6376511633424798,0.5884955255162726,-0.10968354062601718,0.473629974463827
2025-08-04 01:18:04,0.9762264027724633,-0.14545915276099677,1.0085118270014515,-1.4856762655784392,0.17182569035954864,0.09502466082559122,-0.4167684744698299,1.712564030207026,-0.43428872260859613,-0.6767380352356916,1.4180366348907403,0.9945657864732466,-0.6319936480276879,0.03418848259067403,-0.32744708005472645,-1.339825583818467,0.42183159952727955,-1.0863522084636965,-1.5654460161707324,1.1630336230541578,-0.64763887516477,-0.08896805223300489,-0.09263349435315894,-0.5947299996078722,1.0545806491180818,-0.1768336956125697,0.37533431280510876,0.3815821562768217,-0.10713626667478787,-0.9073251781532887,0.8092864173062944,-1.1826125172607997,-0.7802015402422523,0.4693897367917669,-0.4710527154032914,-1.6017314444284323,0.9360478875745702,0.44048322216900265,-1.0227433625544036,-2.3045608608244237,1.202141532317137,1.85223787916529,-0.3592567884933331,-1.034438291949658,0.9664809668500126,0.56014060715903,-0.9435373662226453
2025-08-04 02:18:04,-0.2706033014826753,-0.3061347979980964,-0.12544375843253355,1.3185090109246964,0.1115495613972792,-0.5756442965565635,-1.2535460173889492,-0.10078062676568235,0.26685325329631704,-1.919834816806907,0.057054853323408976,-0.2682579872271584,1.3731522086216517,-0.3316835089003532,1.0654801136629513,0.5218058482751857,-0.3971113398703554,1.7929970936270827,-1.051274469442247,-1.0126141238524982,-0.9668601326823875,-1.5156055463221838,0.772073227893778,0.8048982523130376,1.3840997738022922,1.5897363902273254,0.6913830371043849,-1.9782622977968687,-0.6950123997157913,0.03044268272083564,0.25391507408408104,-0.8079246437265477,-1.701083470642974,-0.9388616008874576,-0.9318116866038572,0.3445944124463646,0.4682217403054526,-0.3047405611622064,0.6061210672862325,0.6476921877665108,-0.11389848109422289,-0.33245228434510543,1.7348434353713535,0.4162208494050777,-0.204789176361292,-0.25012860388818603,-1.8612300348267077
2025-08-04 03:18:04,0.6634470717620161,-0.8096834178591007,-1.381490275464339,0.6729979535904548,-1.4447229027040096,0.12620164380702162,0.03570133829196882,-2.146596405303445,0.11820741850829684,0.6081067287885409,-1.570703877766617,1.632996768218688,0.7151113328448426,1.130933275353424,0.026728067742250092,-0.15011639088874704,-0.10360454607718049,-0.5410019361985529,-0.7524663805957543,-1.5994141722027448,-0.5615618402602156,-0.1343015222879756,-0.7546065580180992,-0.18299298382596263,0.7914034061399697,1.7390675409740493,0.4461558564760143,-0.5578548510566561,1.3935971670678347,-1.188370462915224,0.12719418388416057,-0.4043721316234078,-0.7084039002079193,-1.4250466044989005,0.899865397599023,0.31905604751643607,-0.303362468016289,1.4831762427195463,-0.08711366146809597,-1.0040601204966841,-0.023298082637812346,1.7692596808004324,-1.0304689884087628,-0.8395530764001656,-0.9535282091119222,0.045331387738508394,0.19455072412264726
2025-08-04 04:18:04,1.6275617919397731,-0.24709231459337114,-0.7345621446412474,1.016495991026769,-1.922878859602224,-0.9942754883275647,0.3400358256212569,-0.34612533051699856,-0.06914934513441877,0.37535377899020617,0.49228439168470794,-0.9555654009599165,0.27728876505064265,2.2621127118042734,0.3030443232283192,1.5527682420974416,-0.6810769842720601,1.0848189717801533,0.8182954401131929,-1.1415496800220641,-0.3649078623359799,-1.0995294901392623,1.0630470353701198,-0.8501993277806364,-1.3055855789383741,0.3081089786573465,0.09353148229792652,-0.8513119999279015,0.8106074605352114,-1.7932406356356942,-0.10436315572283043,-0.5449174767514902,-0.9735207266835856,-1.6729866336600707,-0.9165215190390509,0.503724323985122,0.8270969963042561,-0.19821063865521932,-0.18504262284823286,-0.3336240217056131,0.17942475241546602,-0.3754823483202547,0.036280760618861395,-0.27937302449975443,-0.7587029218437379,0.20788151351060993,-1.317973133157334
2025-08-04 05:18:04,-1.0254024033785918,0.6966123271074438,0.8631273918560868,0.20280346235584357,-1.206104502794399,2.399299754245247,0.1762360678154965,0.5983279456493529,0.7465333832216832,-0.1325647153395177,0.8277682741035004,-0.0691160648314992,-0.6142692063637787,-0.10758482775387465,0.5207784772032912,0.7761432864200756,0.010805697284242287,0.5336061395171049,0.4272594321906878,-0.9929777286309367,0.6134701411856857,-0.8264997518484282,-0.17068552849068777,1.3653270774391755,-0.3312043246708855,-1.025843868847767,-0.302019340568578,1.484734196238438,-1.4788241856499105,-0.4430830304665006,0.19278013933121638,0.7399036079916637,-1.1338607526792879,0.0012809859359673688,0.4775393957193456,-0.5484289684837462,-2.2731822762598335,2.729760642384085,1.0894068786581235,-0.0729687935951905,1.9259341251448756,1.2107796868653231,-0.3935919165011186,0.6075969487925702,0.2840146514135388,0.15710286783335126,0.7537724410401
2025-08-04 06:18:04,1.242496926103749,-1.1172149092904937,-0.2523312028739673,0.042125543185947203,0.5461301385691056,-0.46521465547658497,0.18779847415624365,0.6266445150726486,-1.4954384499626023,-0.6472261908567926,-2.1755173951516604,0.5105110474460748,-0.1498466508392358,-0.3473746242349928,1.2302813852918575,-0.7319164242556551,-1.3946776778035264,-0.6869474356662046,2.164833258256438,1.09697390154826,0.08696632271678904,0.22369270849494943,1.2721480334731057,-1.6824955210874704,0.9618122166759812,-0.8504842922035963,-1.694590514939057,0.07031752358437925,0.5073786456797362,1.7600599785640083,-0.813195887174648,1.7588964298224072,1.6208369222757266,0.4449366660306955,-0.5337158130831028,0.5615952778504921,1.3436229859458468,1.4374035817851447,-0.24037144215040368,-0.027987342973691015,-0.26635926919426023,-0.8288059914055209,-0.23854051014326924,-1.0415700421867453,1.512303150599432,2.12437789442751,0.29254349096272536
2025-08-04 07:18:04,1.1640788225567495,-0.870567615835984,-0.5517308334601524,0.42499140369164595,0.3403040724474936,-0.23156395830319243,0.6116784985986279,0.1989116647038106,-1.3291017762632238,-0.2900510315687103,-0.234426309762536,-1.6736974222964263,-0.18197428831563056,-0.6473223872111464,0.5385480475933635,1.540779840790352,-0.5491060147405283,0.8175928885921915,0.09861185092203538,0.9037412659373082,0.5344140567937992,-0.31780485949231496,-0.07613519718874563,-1.3354800222862855,-0.7261554321991166,-0.6987524734202708,-1.112438767348766,0.18410204442803657,-1.0790554035461022,-0.47703634618044355,0.6279627307469083,-0.14032164825542964,1.028162154408883,-1.2400404674590044,0.10714545169212725,1.2383762936680818,-0.4819133281210033,-0.3900825166471112,1.3418123618802633,0.9052411071974401,1.3695204088190174,-0.36760552978725075,-0.6080976926162474,-0.022699085904576168,0.7531684729017784,0.955712883792409,-1.3246451337095615
2025-08-04 08:18:04,-2.6268118360207184,1.0592771514994788,-0.18978812557504704,1.88678354952876,2.5441679907283574,1.320291866362493,0.844554264700238,0.5343715593152937,0.8383107377899842,-0.6088717002793879,-0.22531906385332903,0.6673092826158281,-0.11619031975117816,0.11642327153783466,0.6060323652154213,-0.20392651523286798,0.5699409541826025,1.9887882726393922,0.3562907780880558,-0.6043377501179492,-1.3788098952071928,-1.5633916342167737,1.3824441795587574,-1.1714685170972823,-0.8668356558540918,-0.19161598898280108,0.10028493823593708,0.18292448947234555,0.39986972487170847,-0.16818647105307286,0.9802792459774522,-0.23190161923735814,-0.5978761476956735,1.0309780874703236,1.3242335954016624,0.6428433277073886,2.182898626451641,-0.2597012941559217,0.6372733276357146,-0.3723936273635332,0.5015410722045273,0.45906581049042877,-1.584175081628658,0.22478678698625273,0.7458579790908708,-0.6914644109860316,1.3305938777695627
2025-08-04 09:18:04,-0.01312627705350125,0.03873078824584431,-0.41422599990668696,0.6042707444376543,-1.2949534796871762,-1.5361541719936493,1.4803941883753529,0.9506697336815308,0.40006258928575117,-0.4446146300468508,-1.4132495418020854,0.3645971383436898,0.1275066749850272,-1.4137567909442639,-0.13560150504817545,-0.9047836445506191,-0.37433820604303575,1.5492947178362495,0.9571539031981156,0.15208305523396695,0.18106895685051858,1.1434727722397668,1.9351478903176664,-1.026763205432984,-0.08998889848876161,-0.4260818272204525,0.8944186959159268,0.14819060893322514,1.367993501085063,0.38694324306067446,1.1196773714518866,-0.28379705266994126,0.8331004863932974,0.9043767596921402,-0.10147744953800106,0.4821444325161259,2.442169261500722,0.3956423171390448,-2.017569151301576,-2.021377855527335,0.2691368581890538,-0.7344570005827129,-0.7677126168151042,0.8716847926779425,-0.7507378606849057,-0.007803247436895469,-0.8483576287940038
2025-08-04 10:18:04,0.7115542046657752,-0.960959324053265,1.7124645665881024,-0.8430479522705376,-0.8350746943501584,1.2946257288043057,-0.18052739999256856,-1.5439656073439223,0.024350345054071288,-0.5365785319486635,1.394773025536809,-2.0693933449092583,0.9054178786132092,0.7378366967822935,-0.7279057081166896,-0.17377668210799585,0.7161594802221878,0.1975305140873227,1.1059008832258812,0.37246614813535445,0.09763900020419196,1.0195043526333256,0.8642157287867416,1.2813260985192712,0.4528382679590285,0.10038259439661923,-1.917093845847548,0.22856107700221112,-1.0903727186050447,-0.9499672450466564,-0.6005496675924297,0.02788690295294689,-0.7788382544591251,0.15586994405124702,-1.5413467198658453,1.2764845858689455,1.103340488928608,0.12587376963521518,-0.582833952881004,0.18044186370492726,0.46256822073557224,2.098272712403573,-1.7657594804843209,0.0923588411849976,1.7310428183951683,1.7644774492298136,-1.4490527375189723
2025-08-04 11:18:04,1.1419948635378196,-0.36130749970240045,1.195088523918337,1.1926257291832834,0.49525156827115996,0.5754196520682571,-1.499482403483372,-0.4033366850441361,0.1393605381119865,0.40190994494233623,-0.3325099002144246,-1.556384332939113,0.26183031730553963,0.7656955070413395,0.6469531585227345,0.7140984158493366,1.2078986050165215,-1.254602187773362,0.1680819119069311,0.5053137739023763,-0.05368510348299923,1.2876119283813587,-1.5059973621413592,0.3259116183207903,-1.6597927904760825,0.40435236783312495,-1.4642636352625236,0.03364563432341789,-1.3188572459185404,-0.9288721021612203,-0.7967710976798833,-1.448601002657939,0.2653988975204899,0.7530327680239788,-0.30937222598314457,-1.4505337289264124,-0.3535863446182546,0.330462560818974,-0.9797451227199735,0.6822735119858231,-0.6917929004049452,-2.3600453845374334,-0.26740032598953345,0.7882161008209166,-1.0844285274745789,-0.4595080904334046,-1.7235367229352763
2025-08-04 12:18:04,0.3158328508202472,-2.0909478927565672,0.9812609639202892,2.5810020403453664,-0.1651492913998639,-1.583295865180487,-1.0385549507686196,0.4099030941828483,-1.2386431173343984,-0.7034813533172823,-0.2237261373615111,-0.8582455036368839,-0.3176635807265246,-0.44247223487334414,-0.5607859628485521,-0.5640882846874632,0.5880007970295187,0.3452091576808877,1.0675830613414241,1.1626660298174973,0.6798495780045443,0.6661714670442014,-1.8136732720247726,0.3785548391471942,1.4431491637428464,-0.8642892942799728,0.13488741639189877,-0.38167337415907304,1.3480899297273483,1.4805713538504763,1.2871064658814302,-0.8400891623525786,-1.001042239801496,-1.024944283316037,-0.07781225410255416,-0.15799572000447445,0.18306206981523887,-0.02033497009210146,0.32437633510099906,0.5093410219166943,0.17162421975324932,-0.20868912643992008,0.24790850877376666,0.8909080832545374,-0.5922416631069957,-0.4950584054905388,0.390945973462227
2025-08-04 13:18:04,0.5453612618724557,-1.604762282559093,0.36851120488477096,1.2614591886543784,0.13910488933230106,-0.8740567316552458,-0.40707883408080425,-0.4419013876180797,0.8238463576619097,-1.1987019247947204,-0.39745286667369395,-0.38486233021916366,-1.0299112573278366,0.6744699101424643,-0.5147019225011723,-0.5590054487356705,-0.8402155151408021,0.7411684225940544,-0.7171608408671236,-1.4773515972301245,-1.3790920958708743,1.9681451540627792,-0.0832678050890938,0.9769612017659097,0.3718790855426844,0.7206076345614764,0.4689800501426815,-0.9745682769642323,-1.0162551590465108,0.25697796499834924,-2.349334320902543,0.9269027667992632,2.1235305559676556,0.23075581494339167,-1.1800735374230078,-1.7370136757285775,-0.12923171292673058,-0.6843660389321748,1.3652036464310362,1.331617314929647,1.023329449920799,0.27558063592639404,0.053250641028064184,-0.44370544671515816,-1.2209478993327514,-0.17026739016704645,-1.1104359398567392
2025-08-04 14:18:04,-0.7537015252670958,-0.6221391330012934,0.4521181645742362,0.37323356302510013,1.5166766608250375,0.8203729446582908,-1.7655180046396344,1.2400848798240847,0.9773829974283836,-0.5712166868425964,0.6527572736521283,-0.3465559739475975,0.5063536740527531,2.2505607035506,-0.08320010065327352,0.15454724121002042,0.6565184498128962,0.5691395850005331,-1.6312373639195625,-0.9139186581571294,-0.38859874368017744,0.8974465021605069,-0.25589755200849895,0.9287800779060733,2.033514483197283,1.1554376490593812,0.7002912829721563,-0.490630919962684,2.345259889365515,-0.06987150081096559,0.8559649637760001,-1.1665012421314582,-1.3400792308952005,0.2754840668429465,-1.0689026252813887,-0.022972968018961534,1.0281288735471255,0.3455453948232224,-0.36315352866048,0.6353216072902936,-0.6672347693486674,0.7438801544836042,0.9416542199466836,-0.4704970838178486,0.16780560455462518,0.38084416246029434,0.9149819182355176
2025-08-04 15:18:04,0.5282304754086539,-0.00546817263419883,-0.8793026276285272,0.7876498371419812,0.04620161277641858,-0.7796423545751708,-0.26328845414033747,-0.45639445732365613,1.2681871091676464,-2.0094943851360205,0.719329597135615,0.40947481186877377,0.8155861819655607,-1.1569886090293038,-0.6064525945388105,0.45844069060237314,-0.5825383269131694,0.018711505271832338,-0.6326812079401886,-0.7539216199084534,0.5758401738558686,0.28584490598574896,0.9380376746600442,1.3114891545243197,-0.9127125109048057,-0.13797282515054762,-2.33176011042524,0.6977569271029191,-2.210284333735878,0.7218084259690056,0.4077865682366619,-0.31972323830224436,-0.19097989503544915,-0.9479070378611835,0.8659632873069437,1.02027132434883,-1.5177943469426567,-1.1640755089349235,-1.6752037995467381,0.5313918257938641,0.8160276284103969,0.4847075434606989,-1.733835605065404,0.3678117384476111,2.1121822426243515,0.18055281214818522,0.9128151802206487
2025-08-04 16:18:04,-0.5770813907975745,-1.2711926455447595,1.721104367153075,1.048532645570296,0.07058464516152728,2.2272932068299895,0.6540076924658125,0.6146339765333851,2.4912179363893068,0.6071348927886145,1.149328139581859,-1.4945952355335652,-0.2893340917528622,0.9982486554562303,0.8325780122347654,3.3474141536100053,-0.852187303468574,-0.9293183986750041,-1.5332412935319388,-0.31494929068184,0.516270423348885,-0.7740595980148381,1.5118771938239128,0.1322627590885238,1.356285779102297,0.5486220422853254,0.28140910908056394,-0.4809322957998463,-1.8592972822261453,0.8483827314214937,-0.6483070835920369,-1.5857418689946379,0.37548557356326867,-0.029877332572106435,1.20484197177549,-1.9992588726324287,-0.1277901103475383,0.7590781361713728,-0.665411303287782,-0.41069157517138655,1.1882500659451751,-0.2701599946686363,-1.6476554053379497,1.1571610893842166,0.8139336422369097,-0.2907632749530779,1.0554310479723865
2025-08-04 17:18:04,-0.5897529100761368,1.2466526100161655,-1.6833725928850787,1.4522083394126346,-1.9018838610434372,-0.9688252341347741,-0.1533334372955845,-0.4119155901727901,0.5892749725997833,1.4876248717100242,-1.4642403204633476,1.3815462764038928,1.6633933684949425,-1.8662961037476427,1.364795264899753,-0.09568070859957688,-2.083905619655482,0.957497959018936,0.693978644341282,0.918122878730567,0.5789065588737112,-0.40638764497268287,0.9286984215974027,0.47602289974375733,-1.5330528034293907,0.5449153292378109,-0.7430103309874653,-1.1081560667009587,-1.5106737021582757,-0.6351710546729507,-1.0797998678746241,0.5880423065896847,-0.5798274500151178,-0.8142830492208096,1.6245953010571832,-1.6374640488022272,0.3140883361717147,0.4669226354068097,0.7612281849217674,-0.88945089665838,-0.1540142883157959,-0.05542474602634573,0.7437197988666473,-0.29807492929839763,-1.5668158374701153,-2.2421795824446322,-1.185994249080789
2025-08-04 18:18:04,-0.8488160216942009,1.7114710084419722,-1.0794291910066829,-0.18697743933948088,0.5603810289376777,-0.05194480497961301,-0.23538679637354035,-0.9781974296810725,-0.6255324211198492,1.5469958575484613,-0.27906455506782146,-0.8002817679359463,0.1344450409076179,-1.8152202160513333,1.6675917658730772,-0.8746649229559634,1.087148774822133,0.21989709213242503,-0.14690058378042758,-0.28506007100448777,-0.4826663384148566,-1.1195264294556437,-0.5515737243500086,0.732655922899204,-0.5124050252215924,0.47303371660939536,1.0916013558502116,-0.8399161477938499,0.7640325148795023,-0.138768497578144,-2.176631654549993,0.5179046105032968,-0.29613657435219565,-0.037148649138116316,1.9805455577985696,0.6559706029725838,1.8234564890040337,0.5442137492242686,-1.1815916786568692,-0.9151279439436507,-1.1133289986652055,1.0573554665357863,-0.20362223810260963,-0.07499692609470342,-0.7445994686938201,-1.0189413593038055,0.1363249479176278
2025-08-04 19:18:04,-0.5813636209329235,-2.0285064140175635,1.314317254172708,0.40992037203055853,-1.4174092185438025,0.030761357579950695,2.0770869686230045,0.09832223702861106,-2.420147859950877,-0.09566453862133456,1.5635255683542382,-0.12220124974953991,-0.31019814455578854,-0.5707816869221286,-0.3656784990589218,0.9649489117654906,-1.7429005412635448,1.667815042751883,-1.0161308178973179,-1.1444196627333851,2.2121659448126456,1.4610286855280503,0.803246321636098,-0.34956906513023606,1.7429168634924637,1.1989976812707583,-1.4354710017871923,0.60848251434447,0.5234198546708831,0.8514665154559747,-0.0745725155864506,0.27539644430241134,0.5562430781611318,0.3328348943919433,-0.2520053450425975,-0.38262310204511235,0.3455390460388418,0.8075946669614208,0.7049653951589334,0.35249698445577776,0.3066639109638989,-0.2938346043371512,1.3084244561534994,0.06229100472495745,-0.4992067472951578,0.1125195986973805,1.1377857197143861
2025-08-04 20:18:04,-0.9498921381739961,-1.3336558062257344,-1.005513489804656,-1.256318565134973,-2.1681206697206137,0.9138795015451983,-2.072414911265456,0.4525811471763978,1.8521300117953408,2.2695597042923805,-1.4968355976585463,0.09138411563567218,0.40381260545826014,0.24177946767902858,0.7476064816158536,0.8563804276373873,-0.0846581346956604,0.26583001740633494,0.05985854512067617,0.7602605513379218,0.11099055041340063,0.10245364798224961,-0.12846690786791695,-1.0161518306933301,0.41248223938893497,1.0616903568343596,-0.9730029145828604,-0.45768931053341083,-0.2302152578021244,0.32868711528552513,-0.5979001662998964,0.5941115694665774,1.8554895810062482,0.3153865439294482,1.5227255511110875,0.10497543040823734,0.8137512929218353,1.2601942033527729,-0.10804742178974058,0.13915809486621217,0.32138435699008727,-0.7580215777230748,0.02312470987657408,-0.20464432271698077,-1.1430380008974586,-0.44601239334510884,-0.659263037920742
2025-08-04 21:18:04,0.9045690254755875,0.2873351746267536,-1.0960472590574601,-0.7597763080179514,2.0087605672751963,0.22272787187358103,-0.20295929273850166,0.9356878613111028,0.05327120015497037,1.398588730702913,-0.9154981044995214,0.40508422350971884,-0.7971685597337941,-1.2603095108873694,-0.4117828739152428,-0.9033039835282483,0.5267402238519073,0.7965185568240806,0.5142122170329937,0.3067821591826313,-0.14502564656221578,0.04379561424085188,-1.036159980692269,0.7582477319619911,0.4473960344455343,-1.9635190767079906,-0.7896496481090035,-1.7477685986098488,0.5870000245637514,0.6509477924368763,-0.6232601927392045,0.5524076717374868,2.011332194074435,-1.8666995683727654,-0.09730772669177817,2.0518098195022123,0.11700431178645317,1.0075978794798275,-0.57481269318489,-0.6746825301222739,1.2636613199603455,-1.3149221377517037,0.0341345217154916,0.35116494411191135,-0.3274145309303765,-0.5107467085973247,0.3198345300878063
2025-08-04 22:18:04,-1.3307878053875244,0.4024758517066728,0.1330954617941398,-2.5377681852575513,0.8742422550754906,-0.07870246874035848,0.6984041176925965,1.4301120663266074,1.5068267249154585,-1.165964385024469,0.4798372856658987,-0.4745996339205463,-0.6948048422729598,-0.3494234471332714,-0.12539030787140176,-2.118275821922575,0.6127389289816522,-1.28020495511443,0.14051397185421266,1.5295162208637774,-0.7922801524094476,-0.9706260082800525,0.2985797674346081,-0.8484894489613065,-0.29344919238524647,-0.5726826286521272,1.4828603766774333,-0.5874935161048895,1.6988333303728336,-1.3077476202043674,-1.0904433770635595,-0.9224475081157276,-0.2686627509321583,-0.15178306010447007,-0.6803325107912028,1.0673947048778412,2.815034233481612,0.4235353606004956,-1.908673207120969,-0.1366887443442258,-0.6269491245203261,0.7708644164307112,-1.8091247741400982,0.7159613084360649,0.5058089065643901,-0.6194378155520757,0.40795813796995406
2025-08-04 23:18:04,2.2415488934051075,-0.43968503614976934,-0.6745294445120096,-2.140886342273686,0.5474243883234228,1.792098283315756,0.4604481763662342,-1.66744549103675,0.7076961699598382,-1.2981518214278536,0.4620835537080243,0.6750132442187634,-0.3813460370966842,1.9610763841327856,0.5744755647149657,-1.2086457455866728,0.9210160918214668,1.0949034990226576,1.14104079584446,-0.04777427550431145,-2.096978423552729,-0.5825187761308237,-0.34538832004528347,-1.4568537689314536,-0.49662035094038975,1.3969988773768989,0.33298860738493224,1.1350838173180366,-1.3935769547294106,-0.7742478415490361,0.12539750342200345,-0.8270958319247468,-1.8065995902626621,-1.451325924778649,-0.20890468251680097,0.6946816191702327,-0.3319232741808796,-1.7421991388769065,0.21173025297414483,0.49752709210389984,-1.5164190852822592,0.6826485812841852,-0.18010656942222472,0.3627110925368334,-0.9968170415729463,-0.3437574345466367,1.795642811366289
2025-08-05 00:18:04,-0.23218230231793477,0.8532780662305769,0.22408193666174858,-0.2620807404942801,0.5596252024503519,-0.1791663378108643,0.8555587463791272,-0.6028139330651291,0.1454881678057915,0.6902020701579572,-0.8845903737359686,0.9046686894817703,-1.071894939075275,0.9710943168526885,0.6830257923167771,0.4777372701019508,0.7429523780281364,0.9035963099666382,-0.6921615788596096,1.1427477581102223,0.3245067187071027,1.8744923982328776,0.2510816193627837,0.6266396912635002,0.23466156934366686,-0.4840435633166637,1.550459985442142,2.6493950526357826,-1.1149402643508424,-2.3126994361664988,-0.08557894270362935,1.1679635527157555,-1.9595841330283699,-0.39985490219703396,0.4270969540395056,0.9133872551175488,-1.6953084387952666,-0.08388567546986646,0.6911821674740328,2.1673245324409227,-2.1635318978145306,-1.5338745963024416,1.299274244959272,0.48165667354589625,-2.2574024052630035,-1.8244234951406213,0.23537740824358125
2025-08-05 01:18:04,-0.41824721452110786,-0.0572062097882715,1.139996469702913,0.5227985517016953,-0.17166353084577252,-0.27399881534861775,1.4005814159692402,-0.3370316074478251,2.175012317028877,-0.21570481817421183,-0.8485312578532684,-0.06957350187702702,-0.01724057630018699,0.01618933355923109,0.14702861148226185,-0.4885119803912735,0.3065077369493361,-1.1977646624732747,0.34962693729167144,1.3490764171129594,0.02154865024797314,-1.8072540510726345,-0.016519144914774256,0.8086809037791055,-0.3851877107379155,-0.9959583612897218,0.2626789751553417,-0.520007716929323,-0.1388877767897726,0.3886484000903806,0.5176756414782676,-0.06010027106445698,0.3191540556146975,-1.116509382777534,1.937521378209704,-0.09189711573835271,1.2563564030430385,-0.9519537874295706,1.010353490669287,-0.15235566197078498,-0.405664724176358,0.5691734654726096,0.6309647974534415,-0.4959514975006777,0.1101696839502573,0.2539816439147994,0.16468403729041858
2025-08-05 02:18:04,1.971811727372214,0.9019903000650187,-0.22976102607735033,-1.0810172002438683,-0.5778176871321788,-0.25536590206491294,-0.23563168639936397,0.45448638572018507,-0.718098848061354,-2.19797448593166,-0.4134894221003901,1.1834502451916469,-0.6756028570072257,-0.5981957711283967,0.4872845216921254,-1.2022770952641704,-0.549809138286664,-0.03530369642609279,-0.3068507436069251,2.2260833893155425,0.36330858857511666,2.382507210267779,-1.4153149837079877,0.7354278491799296,0.008390321346714948,0.5817535080463948,0.09672079851436989,-0.543610623550167,-0.42135846815307565,0.49402921812310985,0.38422512298733225,-0.8819105900703549,-0.9830054479827549,0.8090789896499067,-0.03161886836886289,0.5548572180433406,-1.6054091821232224,1.0397027209887961,2.0335986827317787,0.5468240509701555,-0.4940712049770368,-0.937636626446139,0.6857731691358001,-0.9801273644798956,0.7098093393663027,-0.23716936847340492,-1.3720099955629406
2025-08-05 03:18:04,-0.7421379859755192,-1.413333077325106,0.16935335259000558,-0.03894289407650918,-0.2178310704903455,0.02826874503893024,0.5765262825442086,1.333944963409297,-1.3958845624599694,0.5817920149576022,1.5353400754819786,0.2145192764572853,-0.3175025000346104,-0.46370372451323555,-1.4931535780663374,0.1987797198875481,-0.7789483487954513,0.11875900994208113,1.7093846630129257,-0.7757074794818033,-0.7458638524535812,-0.8193589142422177,-0.12858819720998022,-0.8406690288022992,-0.13995554425361975,0.9904834946082446,-1.8486667562424206,-0.6780101571784363,0.06425689532620606,-1.6177375983962494,-1.1958858358313451,-1.4624076806654476,-1.0011570041758875,0.21133788562557781,1.060742850642714,0.5829671874355354,0.6525206518584572,-0.8461610781414659,-2.3542389139873374,-1.630817167660644,0.5703908437385489,-0.08599446626160145,0.14844697675383306,1.1676534103519915,-1.9547932762612203,-1.3356736158199842,-0.5245823923479305
2025-08-05 04:18:04,-0.4415402522042413,1.6484158955294432,-1.0449457339186334,1.2438886977733756,1.4751146689442909,1.110346496734263,0.367639974033928,-0.37697460003174044,1.3183415387011035,-1.786146029771575,-0.6864001674207048,-1.0874972360165824,-1.281703750410463,1.0171340886403366,-0.2649109490520944,-1.0080660352656294,0.044341583827709946,-0.7082483444388957,-0.1941645132295665,-0.03646304411990516,-0.41830049323489893,-0.015508900019652857,-1.1387592063140282,1.762891470590078,-1.2219356970747914,0.3759625871210591,0.09535954718584662,-0.8255159644476708,0.904568484540662,1.163291747727402,-0.519340311357372,-0.6786536580216393,0.9834517771398389,1.157887096714015,1.433986087875858,0.5155070114456181,-1.1414978316699127,-1.1063581079133111,-0.6244651004055088,0.7086741981758466,-0.32825769206000993,-1.1923814010352518,-2.4401281813972298,0.3374670853423337,0.8637990723725338,-1.1654567986017705,-0.5396872586388967
2025-08-05 05:18:04,-1.5061585420316284,-0.6957095906550584,1.3652662558127038,1.479763881628318,-1.0599405764499714,-0.26336679561048615,-0.1265194897520132,-0.7797850305516665,0.3447165206261645,-1.0718703304522825,-0.3255629786054963,2.1240559655499616,0.8776121057430246,-0.48726968351555416,-0.8429562795641692,-1.1041426892243889,-0.4050935994547164,-1.2095574403522402,-0.18473387991737053,0.7779231967752713,0.17349809509183475,0.39369202094875194,-1.1005538668268577,-0.27440843854705754,-0.028391265611359868,-0.4029004947990856,-0.9822016624722802,1.0557566968500907,0.501771591518303,1.044762156686955,-2.6988432854975613,-0.016761486425263095,-1.5415236214564783,-0.1735231915846583,-1.6010791520583165,0.1770275014829336,0.36749592801583625,-0.17282074098781838,-1.5753593522987324,-0.24759627278753574,0.9046920207635272,-1.305557886340643,-0.17375922975563762,1.007085650846502,-0.8485996640501011,0.41741446185788844,0.3314574735930795
2025-08-05 06:18:04,-1.2991884190391436,-0.461501853366337,0.7050393269075415,0.825982694975523,0.9266098383802587,0.4532723553733391,-0.2880084593144655,0.6519595785497254,0.4819308541231244,-0.26976822039807014,-1.407102128538926,0.11604871554532463,-1.5725398262764074,-1.5823693828546488,1.1573062518554327,-0.24917245363019133,-0.013259215700904069,-0.5843725595405876,0.9866548331700914,-0.8028844931323353,-1.5660990497270246,-0.25260442441701025,-0.6008807613110367,-0.2134483134419807,-1.9607285678696933,-1.1754025917075486,-0.38246022271811503,0.7299128310052533,-0.0862859427919329,1.009433153402606,0.8515175217113905,-1.0947678621891015,2.2652423268919257,0.6380127881656174,-0.34699501851871917,-1.7341076545877852,0.1421630988671749,-1.655355140965418,0.9033869712320913,0.036107602282692594,2.2784666449116147,-0.8097603643956761,0.46742785782335794,-0.4392579362320863,-0.14821339458734598,0.25216508103733815,-0.09571292491781759
2025-08-05 07:18:04,0.4195562712844126,0.34169444387312464,0.8558766062087048,-0.2948644099222169,0.013189943693577231,-1.8114043674481795,-0.8217315969372987,0.021005079724021845,1.5259967014462466,0.4251628163910113,0.7617705807115606,0.11095117254199363,-0.049466591817649716,2.065668907452708,0.4617278517406882,-0.5683844368028079,-1.091897836091077,-0.785193502209172,-0.3403396670664318,1.6859237903871385,0.28967890572082383,-0.4931266668684752,-0.7472632384037466,0.9038827401508157,0.7484174420243059,0.34349385412927175,-0.1654297286295976,-0.7633175751744133,-0.013406522253796672,-1.1807456354962522,-2.3534920466196207,-0.8930175172593359,1.239878460129771,-0.9456368368850887,0.014273084334745183,-1.6329779593035108,-0.7100860714915266,-1.574026514025258,-0.8046814923867509,-0.615160210325586,-1.747608653109756,0.43492244451908313,-0.6775942820986357,-1.752688728625973,-0.3154316548887336,2.7458825889875063,-2.2644287757524553
2025-08-05 08:18:04,1.3708760459214138,1.4202404731787162,1.1750595692063155,-0.11270714746845903,-1.70501768305703,0.3405741918993351,0.2287755981032986,-1.1776877221788922,0.8633688347187428,-0.43989843975406845,0.45827338110378046,-0.10778066571896275,0.48687815155136693,-0.7825972167701899,1.0303265675372655,-1.001399750891773,0.545147335275473,0.42526438219221724,-0.6982871229906361,0.13100364745860027,1.3984963384610478,1.5104863278802354,0.6488494372408037,0.2513515045437671,-1.1885670773205546,-0.47573863647224135,-0.9339367449304583,-1.196015150537764,-0.07127242752286742,1.0990723189985894,0.86660600116061,0.8221689713140379,-1.1648621289171832,0.23371668024379252,-0.4103464026525978,0.2377399017912301,0.8321070226938933,0.29534777448241595,-1.2963103480326712,-1.0109228436389877,0.6708474175279078,0.4561753228191058,0.1974071989599249,-0.4680486006925757,0.805402627618876,-0.604907322299141,0.10868449513347837
2025-08-05 09:18:04,-1.3007462850957496,-0.44333244321454,-0.6148768294765684,2.261373923021138,1.0300118506956775,1.2488456444108809,0.17180402647114026,1.0171418961439025,2.469331631587765,-0.5361538735798269,0.5268806155771677,0.027964998829848816,-0.8350152990801274,-2.077454072820394,0.6477522458763407,-1.5494785592444138,0.4866556232869632,0.6343482323875176,0.9181755556138561,0.13716968493401577,-0.9150993474600394,0.5724755128589293,0.3958607516058837,-2.412311930289781,-0.33957688543507875,-0.040649100509848705,1.563989582751585,0.2151204076404574,-0.7119134696503466,-1.5752189722782446,0.1534971009359759,-0.7241813742883617,1.4561739337183381,1.1481680351944985,-0.26294982696589414,-1.213433255129299,-0.04123715920865986,0.13776443244703998,-1.1507699066685573,-0.5399752013411455,-0.41243850300373924,-1.5885590211892144,-1.212003559234273,-0.09078067250846,-0.31917740356990837,-1.3606243928345774,-0.6486562595346488
2025-08-05 10:18:04,-0.24889282587710923,-0.3964102194434742,1.4378068291254789,0.4396635251128719,0.4527184380200414,-1.5786474560179835,-0.41991653618181035,-2.4672638159851488,0.7922723769748887,1.2856220894155184,0.8742320264013723,-1.206998348345087,-1.328402252237849,0.6683750255338076,1.4351985827759648,-1.9125161705203741,0.49107610983062605,-1.1781437802145187,1.7465766303671721,-0.15874919265690626,-0.3393429919237287,0.4265388321688008,-0.8111543219354334,-1.897734372539409,0.38421260865344564,-1.5242742750459064,-1.9924599832508174,1.1202803141910536,-1.2021977618024284,0.6098825468798206,0.18992167535324825,1.2155905792597725,-0.7488105072709932,-0.8202914245136447,-0.5038632806674023,2.849831326148011,-0.711486101956622,1.0237152978643216,-0.6206375612296765,0.3826450392870488,-1.6847409579583676,-0.1308695819611385,1.0608355125332505,-0.17436239940564055,0.17560405010113875,-1.5718642375301588,1.1149382322320998
2025-08-05 11:18:04,-0.5517999896028575,1.4243833456146098,1.0968167411577479,0.924103028858465,-1.074485501275531,0.47920291786875874,-0.733449611080404,-0.37530611822259385,0.6002067231530689,0.44272703750408315,0.6431234184500294,-0.6154135014135158,0.21074519473756978,0.6006449042149368,-0.32468709107162713,2.0145167461822786,-0.06265182724869843,0.1369163892413369,0.2474126304044482,-1.4547053021184737,0.585839072272399,0.10494646491407311,-0.4187378094750415,-0.47690067445969025,1.4235026274680058,-0.9811702175571683,1.6395800505406872,-0.6390671463044836,0.9708310843024825,-1.4317232068151533,1.5839175609420113,0.5824890321008804,1.1014859548086597,0.5454754415350501,-1.3593285020131736,-0.09366274339526917,-0.7521019855765079,-1.3060022615434066,-0.379290321982881,-0.4602011113630717,-0.20150829345436375,-0.2404255061435834,-0.89285041543009,2.2621499105882945,0.947636138022609,2.447077397540209,-0.43640383484765227
2025-08-05 12:18:04,-1.4806236395681667,-0.23577772950750367,0.15632660042286747,-0.7766504112051558,1.0526249331020001,1.8819140136172527,0.8770752384299283,-0.27731373391346653,1.22038657316757,1.1454972366736718,1.0574847913892462,1.9241292666055207,-0.703612488609959,1.9197431901484063,-0.19264550088623247,-1.0349352489231762,0.6999701166624801,-0.9585336043695623,1.3314128670234737,-2.108604192674044,-0.058747285425063016,-0.9120613688279108,-0.0514528765236505,-0.6277764485111769,-0.8866901506163849,0.35631446986305365,0.483537271487659,-0.2249176474743209,-1.8831106741391082,0.0010971661160604806,1.8130600152577696,-0.49810788346683693,0.2052154123929552,1.1650339828836136,-0.972692968416214,1.0450688232256204,1.665039902501921,-0.1567766191489352,-0.34883094505595674,-1.2386927435994293,0.6664346424465666,-1.2255757165343828,-1.1143994812532767,-0.023682982467974224,0.099731379930004,0.055909087668276694,-0.13597050357912974
2025-08-05 13:18:04,-2.9172992440751435,-1.3000538562078157,-0.4281154680564124,-0.5084957499752892,1.1633314737765692,1.678023316085404,-0.10406992467586426,0.03500869645633181,1.279609535695518,0.8743613091159497,-0.5034043804162692,1.1179957014981783,0.2559641818439515,-0.5384658283205177,-1.4638096710567847,0.2897913934305245,-0.15706460071178055,-2.192027388835677,0.33470620867106876,0.2043287954345571,-0.9260594054599796,-0.31375326422155925,0.2621276351038556,-0.7715678745944161,-0.5616919531421567,1.369581073523369,-1.2893588934813263,-0.8173520838870476,0.40728036401937656,-0.19752708984140052,-0.22885814655031175,-0.5878060396050063,-2.365716374934408,0.2135634007497467,-0.9500144821686128,1.200875091272044,-0.5622148094359507,0.2732387765416165,-0.5934061109241957,-1.7814136882175808,-2.461378827300263,0.3576324615870264,-0.891303116376857,-0.7198914974530441,-0.8689406781251392,-0.22757783493665182,1.3285177812753346
2025-08-05 14:18:04,2.094223557671273,1.1919402812542184,-0.0028525421808068907,0.5309352368130401,1.0541604891570981,1.669651024955015,-0.4898181527202899,0.40784065203806513,0.7485565548351765,-1.094513547429519,0.2981549339749471,0.07263274621554952,-0.9401146894900738,0.6864520198626207,0.8855124084085918,-0.4412051008792174,-0.688362865512627,0.29418281602384094,-0.33074165226179797,1.5909333282059923,1.273658234871183,-1.198021338358701,-0.18074295330479687,1.382282771079323,0.09757474373311574,0.7532157266637836,-0.23392230285926735,-1.7056896441028202,0.3999551072903887,-0.08376156988899171,-1.3990522485141472,0.07121768341271473,0.8735278396707902,-0.53977639853496,0.834365704313396,-2.8410955216103475,1.0805667881638925,-0.3094818857341053,-0.2706675094278749,0.8619291948335797,-0.3160703715593513,-2.0108624355704827,-0.49020192247239974,0.3055203336736942,-0.8870008626243034,0.6900910791514846,-0.4796051082497148
2025-08-05 15:18:04,-0.14627919894001684,-1.2329502869834343,-1.7965137448910127,0.5159638178722978,-1.8585801827473896,-0.2152002091500474,0.4374355782655149,-0.7224010259909688,-1.493402681054625,-0.53260290913438,-0.9846278559633681,-0.5524608698673894,-2.0726158297719155,-0.5592873154273119,0.825569487972726,0.9373630473338757,3.4929589341977243,0.25177226901597216,-0.7920806752706452,-0.03795265573498256,0.2717180600653377,0.6441628954674894,-0.15685474261457857,0.6626004744447752,-0.026544993212396447,-0.37447969361938516,1.761350571801677,-0.9149927404664157,-0.7643327091272392,-0.5917697362165881,-0.6020223449127714,0.08877124546547578,-1.1105235372764757,-0.3338617385330317,2.0787158449186194,0.14170065487276132,0.9434877489902112,-1.2713698359821053,-0.128193638053022,-1.7486415750192201,0.7471542323930179,-0.4786741069469581,-0.3552529952142486,0.22113260423927777,-0.012470758345783301,0.13500447288329764,-1.4720190221183884
2025-08-05 16:18:04,-0.9465000488664662,0.4705759761379408,-0.05836909250734675,-0.9468449468558991,1.172494599505344,0.5530949840161893,-0.335200360200371,-1.655909212097477,-0.40196767950172735,-0.9485453310367508,-0.8816726357296946,-1.9581500007202846,0.6460696273602268,0.011834056820643882,2.536403962985133,-0.20099029485780184,0.8117895344164763,-1.6533459585040908,1.8980602475211374,-2.637566876849636,-0.12351581475994441,-0.916616131997349,-0.2689157906606455,0.3766454570800693,0.4367907395081846,-1.234805344784648,0.31836889603419244,-0.487929502038342,-1.2341168012566157,-1.2662435943974835,-1.6942193905974974,0.4654304608007928,0.4099301776560762,0.3365184722785513,1.0174331185852383,-0.6344144486778577,1.4861892759842987,0.04509189417503454,-0.21260809953968024,-1.193303892939115,0.1553691707206565,-0.02394899198549496,2.1945335163953135,0.09483620886445975,1.5262966199634689,-0.6569323067817953,0.7353845907348069
2025-08-05 17:18:04,0.5292198858907566,-1.1268793963429204,-1.1663247707607223,1.049431415834579,-0.6656973410379136,-0.9690864254201599,-0.9738343653488755,-1.094743548196775,2.1543613604588203,1.9199485189092054,0.7971636555076251,0.6523683829919625,0.5816109684053422,-0.6802135297239487,0.6761168228178088,-2.655124404050571,2.3023874349532027,1.4559779706270137,0.2824625966982305,0.547498171203617,0.9702171066800385,0.18351335127302895,0.4990248125778008,-1.1186810407445176,2.5430885622339057,0.8581082815214486,0.01879159498982447,-0.9932940883127434,-0.5488759377258757,-0.17825728452137019,-0.4307596243980719,-0.10935354048498534,0.5149772798038429,1.512589862222837,1.1289083512702118,0.18696666970731401,-0.25618715347718846,-1.0761628268844985,0.3060745255490746,1.1590245541759163,0.6497967925235035,1.1964990581458987,0.2904104762912855,-1.60572290766086,0.8485130594518859,0.2289728973220659,1.6803124372672855
2025-08-05 18:18:04,-1.2327394253382207,1.3765565825708295,-0.7727156128417182,0.3434994885048474,-1.8637123695894797,-0.7303023789400891,-0.9940346346236926,-0.27100246251198984,-0.9428473631186973,-0.3511570923843913,0.5260415892919328,0.5490610764836275,0.010743038097952424,-0.2123705398837539,-0.4668793123013357,-0.5115356967686686,0.12119695984451048,0.9214503347035271,0.7738141027603557,-1.1699359730465275,-0.2384601692355464,0.3531340892476947,-0.6180175215369832,0.6196283493358044,-1.4339330131717662,-0.5879684983101953,0.5180834349668648,1.3330076222627274,0.6051457076179575,-0.21092399467710657,-0.044083448914538775,0.9692317655314038,0.4813667901873208,-1.5514626565801493,-1.65765601201874,0.06255307872240384,-1.119618350378058,0.30483660849686856,1.0293619987666305,1.3677478315406402,-0.8824993299035451,1.9170993765209132,-1.3016801321913338,-0.3616088133361877,2.182554180962533,-0.7826490208813407,-0.3558613507396065
2025-08-05 19:18:04,-0.6325778751863032,1.4446328138779203,-1.1845406775635996,0.7064893685778487,0.6125649573757422,-0.411661606756219,-0.9770767900590599,0.8274397692681932,-1.1804422869134599,0.97215937905943,1.9613185083099978,-1.3618335882344001,1.0193000668853716,0.9342029481334307,0.76825133513859,-0.14533475206413607,-0.41430636425020706,-0.9350153007137258,-0.13351589887282042,-2.1741584374783125,1.337072517935014,-1.357857704720094,0.13818923842815553,0.8698621744188179,2.010849483437637,0.12527721836518993,-0.48747929669632306,0.03910563017789314,-1.8864487874625517,-0.8261807981471145,0.11164927627908165,-0.72334414990359,-1.4912627359886337,0.2163883723252107,-0.1842663721980469,0.8167654375853647,-1.683849054840522,0.298426828589223,0.296455171404558,0.4131140533578248,-1.8193892924042918,-0.533991280673831,-1.5292433918343127,0.08496242310733666,-1.3466496435171667,1.5435716587151165,1.0729598551546187
2025-08-05 20:18:04,-0.389549617385786,-0.7858869558348385,1.1062482096786612,-1.0623328581430045,-0.3926229754083668,0.5705582225824031,-0.34132618056673864,-0.3484497541918356,-0.36744692378161226,0.9734037981051172,0.2874705686359118,0.2545789305803722,0.6661774655732733,0.2569293946004278,-0.22256497976795012,1.2978680570006231,-0.5373277001444607,0.9390290442757347,-1.3436751463941907,1.705290208338351,0.19763603574306965,-1.0106702489389676,0.2335637455031827,-2.299482373382998,-0.26357804034534343,-0.6445790071617792,-0.10708641964321906,-0.25661725962608223,-1.1161428310432304,-0.6274202253313356,1.757761113114272,-1.974063326605554,0.8039005631690269,-1.0634275163493472,0.41643257979105036,-0.4017746740758937,-0.2062136146647078,-0.9096261992220203,0.2559811731182987,-0.39437692284411785,0.4660415828660061,-0.657923042482421,1.9054197697852902,-1.7924432074028394,-0.39726551165851987,0.5986571811934658,0.5746610192164606
2025-08-05 21:18:04,0.32921735351466774,-2.8815140046143295,-0.7580929517066342,-0.2290020333014241,1.3395072833873043,0.6713237728922754,0.4494603192369161,-0.6324709359998623,0.38008828125655836,0.5419902751008756,0.8190660159325991,-0.31525003508127797,-0.3195939219540669,-0.26847622048805136,1.3824851567980263,-0.4447223845084192,1.692127692990331,-0.010583031510208053,-0.06120557504811691,-0.34582694998988966,-1.0228559920220683,1.5052481863481142,0.6218764219016111,2.885349626224087,0.6540923168196754,0.8007676312801033,0.12939265611842404,-0.7659525299634834,-0.189866813910196,-0.3165870540562553,1.5766335993041782,0.16699102851656525,-1.5559356275059724,-0.4960541591524739,1.4816755554699854,-0.6027414336971064,-0.2596131642730822,-1.3968524990184306,0.4868474793782602,-0.08892993284451413,-0.6167760014103129,-0.35666702544814943,0.13202965434940941,0.6315065244557817,-2.0491300517286306,-0.290246375256214,1.140747439345835
2025-08-05 22:18:04,1.3885836876691755,-0.7271713378107306,-0.18812528865142994,0.7028967892288085,-0.18137251534197052,-0.5619076285865432,-0.7494361474138687,-1.7935205818486963,1.0415119823125205,-0.7717258366404346,0.15191424175644017,-1.0656825696593701,0.8732472204423904,0.8866337217062052,-0.01057095609965399,-0.5100349498041645,-0.29401343372674016,-1.4393352336797598,-0.16813578555948458,-2.2141741455071657,-0.2640127859317004,0.5810102904810194,0.16117187107049685,-0.2497197559044152,1.7036030784218756,1.9694860941425019,-1.1199941231253852,0.00764060821111044,0.07914889899661896,0.0753797437509295,0.7843889181070404,-1.2754314855155824,-1.0519549504406118,-0.15590774401512492,1.1255379383932829,1.033122715028365,0.4007569365618026,-0.12618200836489785,-0.8663675286993232,0.9129424561083215,-0.6655785806984199,0.013750372416218017,2.0003022602145006,-0.34419197534956436,-1.2911831757542807,-0.48731506006779185,-0.13075215582169278
2025-08-05 23:18:04,0.45140728894940285,-1.4875695951157542,-0.8300982885619206,0.34221110607431915,0.03881174611413864,-0.06343725996423696,0.9207471312786086,0.41230404500251966,0.3852793106037497,-0.5357318769964954,-0.15466309014228588,1.3143378923624243,1.3314073315275081,-0.5010237074884385,0.18217257265603548,-0.5576143883235689,0.866286323597692,-1.4074993149559747,-2.611153830631496,-0.12042603027411489,0.8367860756464734,-1.1366214643786263,0.7498418434872524,-0.2233657495674032,-0.26097229749697837,-1.0197194828902891,1.0235812623721545,0.27958907344106043,-0.6146224984991733,-1.8200507277494997,0.39233616342267275,1.0590281892211988,1.090450809302392,0.06356772451556351,-0.23288083502959228,1.448899053174352,0.45574559927934566,0.27287836745883626,-0.019376970958241892,-2.1872697780402532,-1.0921508001680866,1.1910550944923592,0.6738267792241257,-0.8483007577292628,0.13151793273511345,-0.5792631700579015,0.9886015547460699
2025-08-06 00:18:04,-0.04392244807363407,-0.787342800685022,-2.138018303206527,2.2843261553123355,-1.853929320530522,0.002790636779172801,0.05871884459017567,-0.26461985071749433,-0.614916577954883,-1.0302223480658612,-0.06887559380752772,-0.47735966720834955,0.33980182582563834,-0.19593484954379442,0.6118674614333366,0.737208257150437,0.6118584675148464,0.42090739646166225,0.09975087049767509,0.22345797604208847,0.45437583153625244,0.10736585936920667,1.8925773172882532,0.04197563973998386,0.7864000660688183,-0.8970124892651453,0.3614726424190097,-0.8340874758485546,-1.380394058771183,-0.7730063460014919,0.12027924811597714,0.11986366451254694,-1.8449899560932466,0.9138100498008775,0.3071476509635923,-0.14851906006668833,0.07937790534742023,1.3416207479800304,0.5768933374065871,-0.1259672185461417,-0.803804715224779,-0.1695172150518654,-0.038279877193334616,-0.9580603252461909,0.5381542074619708,-0.6606556998187066,-0.029187327720016802
2025-08-06 01:18:04,0.5783281957135691,-1.3619197354933181,-0.8120512599898105,-1.2232960262684862,-0.17055901533654474,0.4239822355129863,-0.7066373928425062,-1.8495667036248353,-1.3096899615743791,-0.38219918467454017,-0.24220411840051356,-0.3308773878222531,1.3059665185758265,0.7560288935890223,0.29727219555925416,1.7535536642032932,-0.22571939716806358,-0.6185535449338396,-0.6517922067953226,-0.21764429622282538,0.7994647758803466,-1.1617276050886656,-1.0009845663626837,-2.321519101621076,1.4226309400659134,-0.6318908991381536,0.7798363383066202,-0.6815640428182302,-1.0337132712865766,0.13737474555079632,0.37417846309079766,1.3899450340691595,0.2212060816907839,-1.4910964221947793,-0.4839873269563474,1.0689049068366245,-0.40209835312085224,-0.11503424154208648,1.9507346116333464,-0.5273771374437035,0.04946029496577621,-0.06383656837400078,1.3749377093633437,-0.3107540649569347,0.20413220285732336,0.14318784932897488,0.608295642601481
2025-08-06 02:18:04,0.43345860930748964,1.1105188572079123,-0.9172828591833071,-0.29539764555747056,0.4029196137991149,-0.49698770149213684,0.36500087384271684,0.8084958863348847,-1.6971496692586583,-1.351702076433135,0.33243796469454157,0.5903585967137485,0.50316826520404,-0.09631887107188844,-1.3374516976352253,0.09267465916710452,0.753852173734733,1.2332632755963981,0.40573858013516123,-0.2899724500986736,-0.3246848813153615,-0.5087091541854087,0.496210971283804,-0.37510617693740733,0.8902339060396338,1.037509709319468,0.7432554189013123,0.14552055691894097,-0.66313385133227,-0.1030455683800748,-0.755322956794586,0.18498770293193645,1.584959281200888,0.012880814891476846,-0.8049616708596486,-0.061132090454851074,-0.4827600474771326,0.7478899263989328,0.059953193618948505,-0.2660144639412742,1.0184120802943728,-0.2035054421830086,-0.6206738444001544,0.18693810852249057,1.4588389377130742,-0.5824610108561166,-0.820072358358181
2025-08-06 03:18:04,1.329288633584118,-0.021199754647317146,0.06696726043233386,-0.7355163926370304,-0.6518026516361626,1.089537200698658,1.2924492536477827,0.40953796509233875,-0.1439984434448011,0.8262961966450942,1.0305104684036,0.3403377403237552,-1.2187280607130822,1.0213850269466853,-0.15950968432070406,-0.018261173852865915,-1.7772089064692698,1.4036225262202242,-0.9517575766794685,0.8287894568906952,-0.25108983759664155,-0.895093319349793,1.1180223841632548,1.3169562553995522,-0.3327531780175275,1.1747314077819555,-0.1468513669365517,0.17010591583361326,-0.2802667988672247,0.578621952562708,0.342078624743601,-0.32713775844799076,0.13251810632814304,1.33131845292356,0.665322083704712,-0.6482490570400344,0.6286155094935775,1.8239110130076015,1.395600945816103,0.3470062199122423,-0.7619419452448859,-0.3940531392969216,0.3644992682255155,-0.5095465199347513,0.08352957292112077,-0.3404791419781069,-0.027147868205330182
2025-08-06 04:18:04,0.10241621412755215,0.16134635269543404,-0.24629253165453757,-0.6153818693112143,0.7331212375127604,1.2770152524573324,-1.377793415269077,-0.012228752425248023,-0.15501683651360854,-0.7231004844481811,-0.025153238465774358,1.1374232529873063,-0.01351198788809386,-2.8573316221142897,-0.3366291731480269,-1.5161752714004126,0.7413108187322514,-0.1674127909066788,2.1356596889032247,1.0187166781508734,-0.5729502311983593,2.301052922623645,-1.4272682108137398,-0.41379238871136576,0.589539060949744,0.2199928244166424,0.16717607881378863,-0.3873883315520728,-1.1366310139671176,-0.5314744338509413,-0.9197258598706582,1.1476538758614017,0.4246481050620982,-0.041942341968716,-2.373840949393295,0.08073826058458443,-0.9783857784824834,-1.2005984673564878,1.5193365744578822,0.021871496028171716,0.8622239858518529,0.6733553228890498,2.3012568931580946,1.020714040129496,-0.4672886361215396,2.361307215379016,0.4858450927118919
2025-08-06 05:18:04,0.49750979698126996,-1.5391634166735635,1.1861349918296047,-0.5738788315227793,-0.9177811495582278,0.39659513386781775,0.2370883689389982,-0.9146928734782166,-1.8706276856888413,-0.5784996554387569,-0.43199702976809984,-0.703892325584523,1.5725203412295292,-1.4730077256672593,0.8952599519227664,-0.8029982212999642,0.6478589048153687,0.4090997089246454,1.0740813415557473,0.7465935184857254,-0.3460437695413194,-0.7116705646255326,0.5033342137000076,-1.0761607982982915,-1.1530067428937958,1.0525127862754409,0.5280122250431125,1.0150540884178094,-0.20696118581125839,1.4585445513039141,-0.839458265185498,-0.7512499484318823,-1.9489115710234164,0.17405227383136812,-0.8270979129404409,0.006428162558787788,-0.6882807618706397,0.8058157388445495,-1.115468674871086,0.5946122864876296,1.2088241905877244,-1.198871330844566,0.5874907865497769,0.07635293721595268,-2.175140740940752,-0.016890695636792474,-0.9358640051579215
